ISO-10303-21;
HEADER;
FILE_DESCRIPTION (( 'STEP AP203' ),
    '1' );
FILE_NAME ('Servo_Cam_Tilt_Mount_Step.STEP',
    '2024-11-07T20:09:04',
    ( '' ),
    ( '' ),
    'SwSTEP 2.0',
    'SolidWorks 2020',
    '' );
FILE_SCHEMA (( 'CONFIG_CONTROL_DESIGN' ));
ENDSEC;

DATA;
#1 = APPROVAL_DATE_TIME ( #2036, #451 ) ;
#2 = DIRECTION ( 'NONE',  ( 1.927470528863119049E-16, 1.000000000000000000, 0.000000000000000000 ) ) ;
#3 = VECTOR ( 'NONE', #1249, 1000.000000000000000 ) ;
#4 = CARTESIAN_POINT ( 'NONE',  ( 8.500000000000003553, 0.9999999999999892308, 3.299999999999998934 ) ) ;
#5 = AXIS2_PLACEMENT_3D ( 'NONE', #2005, #967, #2017 ) ;
#6 = VERTEX_POINT ( 'NONE', #1938 ) ;
#7 = DIRECTION ( 'NONE',  ( 0.000000000000000000, -0.6305926250944658973, -0.7761140001162654123 ) ) ;
#8 = CYLINDRICAL_SURFACE ( 'NONE', #1010, 1.600000000000014522 ) ;
#9 = VERTEX_POINT ( 'NONE', #763 ) ;
#10 = EDGE_LOOP ( 'NONE', ( #107, #2069 ) ) ;
#11 = EDGE_CURVE ( 'NONE', #1734, #1346, #1929, .T. ) ;
#12 = EDGE_CURVE ( 'NONE', #2071, #919, #1115, .T. ) ;
#13 = PLANE ( 'NONE',  #642 ) ;
#14 = ORIENTED_EDGE ( 'NONE', *, *, #391, .T. ) ;
#15 = LINE ( 'NONE', #1694, #1653 ) ;
#16 = CARTESIAN_POINT ( 'NONE',  ( -10.10000000000001386, 25.99999999999999289, 1.199999999999998845 ) ) ;
#17 = VERTEX_POINT ( 'NONE', #751 ) ;
#18 = VECTOR ( 'NONE', #355, 1000.000000000000227 ) ;
#19 = EDGE_LOOP ( 'NONE', ( #1367, #1818, #2016, #2148 ) ) ;
#20 = LINE ( 'NONE', #1050, #2074 ) ;
#21 = ADVANCED_FACE ( 'NONE', ( #902 ), #1102, .F. ) ;
#22 = EDGE_LOOP ( 'NONE', ( #1775, #485 ) ) ;
#23 = CARTESIAN_POINT ( 'NONE',  ( 10.31865334794732725, -2.150000000000011458, 1.199999999999998845 ) ) ;
#24 = FACE_OUTER_BOUND ( 'NONE', #25, .T. ) ;
#25 = EDGE_LOOP ( 'NONE', ( #1595, #2080, #57, #14 ) ) ;
#26 = AXIS2_PLACEMENT_3D ( 'NONE', #390, #1061, #1045 ) ;
#27 = ORIENTED_EDGE ( 'NONE', *, *, #133, .T. ) ;
#28 = VECTOR ( 'NONE', #2145, 1000.000000000000000 ) ;
#29 = ADVANCED_BREP_SHAPE_REPRESENTATION ( 'Servo_Cam_Tilt_Mount_Step', ( #159, #1686 ), #1721 ) ;
#30 = VECTOR ( 'NONE', #96, 1000.000000000000000 ) ;
#31 = DIRECTION ( 'NONE',  ( 0.000000000000000000, 0.000000000000000000, 1.000000000000000000 ) ) ;
#32 = ORIENTED_EDGE ( 'NONE', *, *, #1584, .F. ) ;
#33 = CARTESIAN_POINT ( 'NONE',  ( 10.31865334794732192, 22.84999999999999432, 1.199999999999998845 ) ) ;
#34 = ADVANCED_FACE ( 'NONE', ( #926 ), #86, .T. ) ;
#35 = AXIS2_PLACEMENT_3D ( 'NONE', #933, #56, #2125 ) ;
#36 = PLANE ( 'NONE',  #629 ) ;
#37 = VERTEX_POINT ( 'NONE', #1070 ) ;
#38 = VECTOR ( 'NONE', #2186, 1000.000000000000227 ) ;
#39 = EDGE_CURVE ( 'NONE', #1433, #1332, #1961, .T. ) ;
#40 = ORIENTED_EDGE ( 'NONE', *, *, #381, .T. ) ;
#41 = CARTESIAN_POINT ( 'NONE',  ( 9.500000000000000000, 36.00000000000000000, -9.900000000000000355 ) ) ;
#42 = CARTESIAN_POINT ( 'NONE',  ( 4.862693304105361491, 0.9999999999999887867, 3.299999999999998934 ) ) ;
#43 = LINE ( 'NONE', #731, #2011 ) ;
#44 = DIRECTION ( 'NONE',  ( 1.000000000000000000, 0.000000000000000000, 0.000000000000000000 ) ) ;
#45 = EDGE_CURVE ( 'NONE', #1430, #168, #217, .T. ) ;
#46 = CARTESIAN_POINT ( 'NONE',  ( -14.50000000000001243, 35.87692307692307025, 0.1000000000000028644 ) ) ;
#47 = VERTEX_POINT ( 'NONE', #1588 ) ;
#48 = ORIENTED_EDGE ( 'NONE', *, *, #1391, .T. ) ;
#49 = LINE ( 'NONE', #1412, #491 ) ;
#50 = CIRCLE ( 'NONE', #1557, 1.600000000000014522 ) ;
#51 = DIRECTION ( 'NONE',  ( 0.000000000000000000, 0.000000000000000000, -1.000000000000000000 ) ) ;
#52 = CARTESIAN_POINT ( 'NONE',  ( 14.49999999999999822, 7.099999999999992539, 4.299999999999999822 ) ) ;
#53 = PLANE ( 'NONE',  #601 ) ;
#54 = LINE ( 'NONE', #528, #2030 ) ;
#55 = ORIENTED_EDGE ( 'NONE', *, *, #336, .F. ) ;
#56 = DIRECTION ( 'NONE',  ( 0.000000000000000000, 0.000000000000000000, -1.000000000000000000 ) ) ;
#57 = ORIENTED_EDGE ( 'NONE', *, *, #2121, .F. ) ;
#58 = EDGE_CURVE ( 'NONE', #277, #1921, #76, .T. ) ;
#59 = EDGE_CURVE ( 'NONE', #1952, #1266, #43, .T. ) ;
#60 = CARTESIAN_POINT ( 'NONE',  ( -10.31865334794731659, -2.150000000000013678, 3.299999999999998934 ) ) ;
#61 = CIRCLE ( 'NONE', #2181, 1.600000000000014522 ) ;
#62 = VECTOR ( 'NONE', #865, 1000.000000000000114 ) ;
#63 = CARTESIAN_POINT ( 'NONE',  ( -7.000000000000000888, -4.000000000000002665, 17.00000000000000000 ) ) ;
#64 = ADVANCED_FACE ( 'NONE', ( #1450 ), #2129, .F. ) ;
#65 = AXIS2_PLACEMENT_3D ( 'NONE', #1101, #1448, #2141 ) ;
#66 = DIRECTION ( 'NONE',  ( -0.000000000000000000, -0.000000000000000000, 1.000000000000000000 ) ) ;
#67 = DIRECTION ( 'NONE',  ( -0.000000000000000000, -0.000000000000000000, 1.000000000000000000 ) ) ;
#68 = CARTESIAN_POINT ( 'NONE',  ( 14.49999999999999645, -21.50000000000001066, 3.535533905932749299 ) ) ;
#69 = ORIENTED_EDGE ( 'NONE', *, *, #457, .T. ) ;
#70 = VECTOR ( 'NONE', #834, 1000.000000000000114 ) ;
#71 = CARTESIAN_POINT ( 'NONE',  ( 14.26446609406724697, -9.000000000000007105, 3.299999999999998934 ) ) ;
#72 = ORIENTED_EDGE ( 'NONE', *, *, #1248, .F. ) ;
#73 = EDGE_CURVE ( 'NONE', #1033, #144, #556, .T. ) ;
#74 = CARTESIAN_POINT ( 'NONE',  ( 10.10000000000001918, 0.9999999999999892308, 3.299999999999998934 ) ) ;
#75 = DIRECTION ( 'NONE',  ( -0.000000000000000000, -0.000000000000000000, 1.000000000000000000 ) ) ;
#76 = LINE ( 'NONE', #1406, #1757 ) ;
#77 = LINE ( 'NONE', #940, #1455 ) ;
#78 = DIRECTION ( 'NONE',  ( -0.5000000000000005551, 0.8660254037844382635, 0.000000000000000000 ) ) ;
#79 = VERTEX_POINT ( 'NONE', #1078 ) ;
#80 = CARTESIAN_POINT ( 'NONE',  ( -10.31865334794731659, -2.150000000000013678, 1.199999999999998845 ) ) ;
#81 = DIRECTION ( 'NONE',  ( 0.000000000000000000, -1.196361017915035049E-16, -1.000000000000000000 ) ) ;
#82 = LINE ( 'NONE', #758, #211 ) ;
#83 = ORIENTED_EDGE ( 'NONE', *, *, #785, .F. ) ;
#84 = CARTESIAN_POINT ( 'NONE',  ( -8.499999999999996447, 0.9999999999999870104, 3.299999999999998934 ) ) ;
#85 = CARTESIAN_POINT ( 'NONE',  ( -2.566048165876053666, -9.000000000000005329, 16.99999999999999645 ) ) ;
#86 = CYLINDRICAL_SURFACE ( 'NONE', #1725, 2.499999999999998668 ) ;
#87 = CARTESIAN_POINT ( 'NONE',  ( 6.681346652052682522, -2.150000000000011013, 1.199999999999998845 ) ) ;
#88 = EDGE_CURVE ( 'NONE', #182, #6, #1770, .T. ) ;
#89 = ORIENTED_EDGE ( 'NONE', *, *, #1670, .T. ) ;
#90 = CARTESIAN_POINT ( 'NONE',  ( 12.13730669589464561, 0.9999999999999881206, 3.299999999999998934 ) ) ;
#91 = LINE ( 'NONE', #1483, #322 ) ;
#92 = CARTESIAN_POINT ( 'NONE',  ( -16.99999999999999289, 32.92307692307701217, 2.499999999999931166 ) ) ;
#93 = ORIENTED_EDGE ( 'NONE', *, *, #1439, .F. ) ;
#94 = EDGE_LOOP ( 'NONE', ( #303, #343, #307, #40 ) ) ;
#95 = CARTESIAN_POINT ( 'NONE',  ( 8.500000000000001776, 25.99999999999999645, 3.299999999999998934 ) ) ;
#96 = DIRECTION ( 'NONE',  ( -0.000000000000000000, -0.000000000000000000, 1.000000000000000000 ) ) ;
#97 = VECTOR ( 'NONE', #1336, 1000.000000000000114 ) ;
#98 = DIRECTION ( 'NONE',  ( -0.5000000000000005551, 0.8660254037844382635, -0.000000000000000000 ) ) ;
#99 = DIRECTION ( 'NONE',  ( -1.000000000000000000, 0.000000000000000000, 0.000000000000000000 ) ) ;
#100 = DIRECTION ( 'NONE',  ( -1.000000000000000000, 0.000000000000000000, 0.000000000000000000 ) ) ;
#101 = EDGE_CURVE ( 'NONE', #879, #796, #912, .T. ) ;
#102 = ORIENTED_EDGE ( 'NONE', *, *, #1026, .T. ) ;
#103 = DIRECTION ( 'NONE',  ( -1.000000000000000000, 0.000000000000000000, 0.000000000000000000 ) ) ;
#104 = CARTESIAN_POINT ( 'NONE',  ( 10.31865334794731304, 29.14999999999998437, 1.199999999999998845 ) ) ;
#105 = DIRECTION ( 'NONE',  ( 0.4999999999999998890, 0.8660254037844385966, -0.000000000000000000 ) ) ;
#106 = EDGE_CURVE ( 'NONE', #544, #1575, #590, .T. ) ;
#107 = ORIENTED_EDGE ( 'NONE', *, *, #395, .F. ) ;
#108 = ORIENTED_EDGE ( 'NONE', *, *, #2044, .T. ) ;
#109 = DIRECTION ( 'NONE',  ( 0.000000000000000000, 0.000000000000000000, -1.000000000000000000 ) ) ;
#110 = LINE ( 'NONE', #2128, #708 ) ;
#111 = VERTEX_POINT ( 'NONE', #1600 ) ;
#112 = LINE ( 'NONE', #1090, #28 ) ;
#113 = DIRECTION ( 'NONE',  ( 0.8660254037844383745, 0.5000000000000004441, 0.000000000000000000 ) ) ;
#114 = EDGE_LOOP ( 'NONE', ( #959, #1350, #1233, #393 ) ) ;
#115 = LINE ( 'NONE', #90, #859 ) ;
#116 = EDGE_CURVE ( 'NONE', #182, #780, #1184, .T. ) ;
#117 = DIRECTION ( 'NONE',  ( -0.000000000000000000, -0.000000000000000000, 1.000000000000000000 ) ) ;
#118 = VERTEX_POINT ( 'NONE', #1258 ) ;
#119 = EDGE_LOOP ( 'NONE', ( #2214, #164, #889, #434 ) ) ;
#120 = CARTESIAN_POINT ( 'NONE',  ( -14.50000000000001243, 20.01190633120235773, 3.535533905932693788 ) ) ;
#121 = CARTESIAN_POINT ( 'NONE',  ( 4.862693304105361491, 0.9999999999999887867, 1.199999999999998845 ) ) ;
#122 = DIRECTION ( 'NONE',  ( 0.4999999999999998890, 0.8660254037844387076, 0.000000000000000000 ) ) ;
#123 = ORIENTED_EDGE ( 'NONE', *, *, #996, .T. ) ;
#124 = CARTESIAN_POINT ( 'NONE',  ( -12.13730669589463851, 0.9999999999999850120, 1.199999999999998845 ) ) ;
#125 = VECTOR ( 'NONE', #1252, 1000.000000000000000 ) ;
#126 = EDGE_LOOP ( 'NONE', ( #1560, #1171, #1765, #994 ) ) ;
#127 = DIRECTION ( 'NONE',  ( 0.7071067811865515695, -8.459549885149572509E-17, -0.7071067811865435759 ) ) ;
#128 = EDGE_LOOP ( 'NONE', ( #1421, #1553, #377, #1518, #1583, #1893, #2025, #1183 ) ) ;
#129 = VERTEX_POINT ( 'NONE', #1810 ) ;
#130 = APPROVAL ( #1012, 'UNSPECIFIED' ) ;
#131 = CARTESIAN_POINT ( 'NONE',  ( 10.31865334794731304, 29.14999999999998437, 1.199999999999998845 ) ) ;
#132 = EDGE_CURVE ( 'NONE', #37, #168, #1089, .T. ) ;
#133 = EDGE_CURVE ( 'NONE', #1697, #1144, #1270, .T. ) ;
#134 = COORDINATED_UNIVERSAL_TIME_OFFSET ( 0, 0, .AHEAD. ) ;
#135 = ADVANCED_FACE ( 'NONE', ( #1468 ), #951, .F. ) ;
#136 = LINE ( 'NONE', #2037, #735 ) ;
#137 = FACE_OUTER_BOUND ( 'NONE', #94, .T. ) ;
#138 = VECTOR ( 'NONE', #1319, 1000.000000000000000 ) ;
#139 = ORIENTED_EDGE ( 'NONE', *, *, #541, .F. ) ;
#140 = AXIS2_PLACEMENT_3D ( 'NONE', #2159, #1438, #1469 ) ;
#141 = PLANE ( 'NONE',  #1683 ) ;
#142 = AXIS2_PLACEMENT_3D ( 'NONE', #1435, #775, #271 ) ;
#143 = CARTESIAN_POINT ( 'NONE',  ( -14.49999999999999822, -4.000000000000002665, 20.75000000000000000 ) ) ;
#144 = VERTEX_POINT ( 'NONE', #1306 ) ;
#145 = ORIENTED_EDGE ( 'NONE', *, *, #58, .T. ) ;
#146 = DIRECTION ( 'NONE',  ( 1.000000000000000000, -0.000000000000000000, 0.000000000000000000 ) ) ;
#147 = ORIENTED_EDGE ( 'NONE', *, *, #728, .T. ) ;
#148 = DIRECTION ( 'NONE',  ( 1.000000000000000000, 0.000000000000000000, 0.000000000000000000 ) ) ;
#149 = CIRCLE ( 'NONE', #1392, 1.000000000000000000 ) ;
#150 = ADVANCED_FACE ( 'NONE', ( #1420 ), #1254, .F. ) ;
#151 = AXIS2_PLACEMENT_3D ( 'NONE', #267, #1278, #2163 ) ;
#152 = LINE ( 'NONE', #1843, #561 ) ;
#153 = LINE ( 'NONE', #324, #2095 ) ;
#154 = VERTEX_POINT ( 'NONE', #1942 ) ;
#155 = CARTESIAN_POINT ( 'NONE',  ( -17.00000000000000000, 36.00000000000000000, 1.734723475976807094E-15 ) ) ;
#156 = LINE ( 'NONE', #1156, #70 ) ;
#157 = ORIENTED_EDGE ( 'NONE', *, *, #2121, .T. ) ;
#158 = ORIENTED_EDGE ( 'NONE', *, *, #999, .F. ) ;
#159 = MANIFOLD_SOLID_BREP ( 'Hole1', #240 ) ;
#160 = EDGE_LOOP ( 'NONE', ( #1317, #1106, #2032, #1973 ) ) ;
#161 = COORDINATED_UNIVERSAL_TIME_OFFSET ( 0, 0, .AHEAD. ) ;
#162 = CARTESIAN_POINT ( 'NONE',  ( 14.49999999999999822, 36.00000000000000000, 3.299999999999997158 ) ) ;
#163 = CARTESIAN_POINT ( 'NONE',  ( 10.31865334794732725, -2.150000000000011458, 3.299999999999998934 ) ) ;
#164 = ORIENTED_EDGE ( 'NONE', *, *, #1773, .F. ) ;
#165 = LINE ( 'NONE', #844, #2183 ) ;
#166 = EDGE_CURVE ( 'NONE', #982, #1697, #1955, .T. ) ;
#167 = CARTESIAN_POINT ( 'NONE',  ( 17.00000000000000000, -4.000000000000004441, 22.00000000000000711 ) ) ;
#168 = VERTEX_POINT ( 'NONE', #396 ) ;
#169 = ORIENTED_EDGE ( 'NONE', *, *, #1670, .F. ) ;
#170 = CARTESIAN_POINT ( 'NONE',  ( 14.49999999999999645, 20.01190633120240037, 3.535533905932749299 ) ) ;
#171 = ORIENTED_EDGE ( 'NONE', *, *, #1426, .T. ) ;
#172 = CARTESIAN_POINT ( 'NONE',  ( -10.31865334794731659, -2.150000000000013678, 1.199999999999998845 ) ) ;
#173 = EDGE_CURVE ( 'NONE', #425, #1996, #770, .T. ) ;
#174 = LINE ( 'NONE', #167, #713 ) ;
#175 = VECTOR ( 'NONE', #812, 1000.000000000000000 ) ;
#176 = VECTOR ( 'NONE', #1000, 1000.000000000000000 ) ;
#177 = VERTEX_POINT ( 'NONE', #1097 ) ;
#178 = EDGE_CURVE ( 'NONE', #385, #1605, #786, .T. ) ;
#179 = ORIENTED_EDGE ( 'NONE', *, *, #1877, .F. ) ;
#180 = FACE_OUTER_BOUND ( 'NONE', #1747, .T. ) ;
#181 = CIRCLE ( 'NONE', #151, 1.600000000000014522 ) ;
#182 = VERTEX_POINT ( 'NONE', #1995 ) ;
#183 = CARTESIAN_POINT ( 'NONE',  ( 8.500000000000001776, 25.99999999999999645, 3.299999999999998934 ) ) ;
#184 = FACE_OUTER_BOUND ( 'NONE', #1375, .T. ) ;
#185 = VERTEX_POINT ( 'NONE', #1459 ) ;
#186 = EDGE_CURVE ( 'NONE', #2083, #1734, #745, .T. ) ;
#187 = ORIENTED_EDGE ( 'NONE', *, *, #1847, .F. ) ;
#188 = LINE ( 'NONE', #1376, #455 ) ;
#189 = ORIENTED_EDGE ( 'NONE', *, *, #1488, .T. ) ;
#190 = FACE_OUTER_BOUND ( 'NONE', #329, .T. ) ;
#191 = CARTESIAN_POINT ( 'NONE',  ( -4.862693304105362380, 25.99999999999998934, 1.199999999999998845 ) ) ;
#192 = ORIENTED_EDGE ( 'NONE', *, *, #1203, .T. ) ;
#193 = AXIS2_PLACEMENT_3D ( 'NONE', #1931, #219, #1417 ) ;
#194 = VERTEX_POINT ( 'NONE', #231 ) ;
#195 = EDGE_CURVE ( 'NONE', #475, #2071, #149, .T. ) ;
#196 = EDGE_CURVE ( 'NONE', #1402, #1077, #447, .T. ) ;
#197 = CYLINDRICAL_SURFACE ( 'NONE', #1535, 3.750000000000000000 ) ;
#198 = EDGE_CURVE ( 'NONE', #858, #1605, #736, .T. ) ;
#199 = VERTEX_POINT ( 'NONE', #1294 ) ;
#200 = DIRECTION ( 'NONE',  ( -1.000000000000000000, 0.000000000000000000, 0.000000000000000000 ) ) ;
#201 = FACE_OUTER_BOUND ( 'NONE', #292, .T. ) ;
#202 = ORIENTED_EDGE ( 'NONE', *, *, #1623, .T. ) ;
#203 = AXIS2_PLACEMENT_3D ( 'NONE', #1379, #1180, #867 ) ;
#204 = ORIENTED_EDGE ( 'NONE', *, *, #1752, .T. ) ;
#205 = AXIS2_PLACEMENT_3D ( 'NONE', #1651, #1425, #1989 ) ;
#206 = CARTESIAN_POINT ( 'NONE',  ( -10.31865334794731304, 29.14999999999998082, 1.199999999999998845 ) ) ;
#207 = CARTESIAN_POINT ( 'NONE',  ( -12.13730669589463318, 25.99999999999998224, 1.199999999999998845 ) ) ;
#208 = EDGE_CURVE ( 'NONE', #1344, #550, #1828, .T. ) ;
#209 = EDGE_LOOP ( 'NONE', ( #48, #2176 ) ) ;
#210 = LINE ( 'NONE', #723, #2224 ) ;
#211 = VECTOR ( 'NONE', #1444, 999.9999999999998863 ) ;
#212 = DIRECTION ( 'NONE',  ( 0.000000000000000000, 0.000000000000000000, -1.000000000000000000 ) ) ;
#213 = VERTEX_POINT ( 'NONE', #1432 ) ;
#214 = ORIENTED_EDGE ( 'NONE', *, *, #798, .F. ) ;
#215 = CARTESIAN_POINT ( 'NONE',  ( 6.899999999999987921, 25.99999999999999645, 3.299999999999998934 ) ) ;
#216 = CARTESIAN_POINT ( 'NONE',  ( 19.20000000000000284, 0.000000000000000000, -9.900000000000000355 ) ) ;
#217 = LINE ( 'NONE', #1760, #3 ) ;
#218 = CARTESIAN_POINT ( 'NONE',  ( 14.49999999999999822, 36.00000000000000000, 0.09999999999999939493 ) ) ;
#219 = DIRECTION ( 'NONE',  ( -1.000000000000000000, 0.000000000000000000, 1.611041861173385734E-16 ) ) ;
#220 = VERTEX_POINT ( 'NONE', #1633 ) ;
#221 = EDGE_CURVE ( 'NONE', #1575, #9, #1008, .T. ) ;
#222 = DIRECTION ( 'NONE',  ( -0.7071067811865510144, 0.000000000000000000, 0.7071067811865441310 ) ) ;
#223 = AXIS2_PLACEMENT_3D ( 'NONE', #954, #1091, #592 ) ;
#224 = LINE ( 'NONE', #881, #1865 ) ;
#225 = ORIENTED_EDGE ( 'NONE', *, *, #1370, .T. ) ;
#226 = DIRECTION ( 'NONE',  ( 0.000000000000000000, 0.000000000000000000, 1.000000000000000000 ) ) ;
#227 = CARTESIAN_POINT ( 'NONE',  ( -12.13730669589463851, 0.9999999999999850120, 3.299999999999998934 ) ) ;
#228 = ORIENTED_EDGE ( 'NONE', *, *, #1188, .T. ) ;
#229 = VECTOR ( 'NONE', #1675, 1000.000000000000000 ) ;
#230 = ADVANCED_FACE ( 'NONE', ( #1971 ), #1121, .F. ) ;
#231 = CARTESIAN_POINT ( 'NONE',  ( -14.60000000000002629, -9.000000000000007105, 0.09999999999999939493 ) ) ;
#232 = EDGE_LOOP ( 'NONE', ( #1446, #1570, #189, #562 ) ) ;
#233 = EDGE_CURVE ( 'NONE', #293, #835, #1817, .T. ) ;
#234 = CARTESIAN_POINT ( 'NONE',  ( 6.681346652052682522, -2.150000000000011013, 3.299999999999998934 ) ) ;
#235 = DIRECTION ( 'NONE',  ( 1.611041861173385734E-16, 1.196361017915035049E-16, 1.000000000000000000 ) ) ;
#236 = DIRECTION ( 'NONE',  ( 0.5000000000000002220, -0.8660254037844384856, -0.000000000000000000 ) ) ;
#237 = CARTESIAN_POINT ( 'NONE',  ( -10.31865334794732014, 4.149999999999985256, 1.199999999999998845 ) ) ;
#238 = FACE_BOUND ( 'NONE', #1295, .T. ) ;
#239 = ORIENTED_EDGE ( 'NONE', *, *, #1793, .T. ) ;
#240 = CLOSED_SHELL ( 'NONE', ( #864, #1155, #2208, #439, #2029, #294, #2167, #1706, #274, #2118, #1489, #1039, #1460, #230, #360, #289, #1866, #765, #1491, #1049, #1890, #135, #1556, #2081, #1172, #34, #567, #2131, #829, #1473, #1530, #1125, #1013, #1956, #2117, #1923, #871, #321, #643, #427, #595, #898, #701, #925, #564, #1436, #1729, #1713, #1624, #1596, #1368, #1356, #1840, #2093, #749, #21, #1640, #2195, #150, #2014, #1969, #579, #693, #1937, #1081, #882, #1453, #64 ) ) ;
#241 = CARTESIAN_POINT ( 'NONE',  ( 14.34629003184180007, 19.82963142434883608, 3.381823937774553368 ) ) ;
#242 = AXIS2_PLACEMENT_3D ( 'NONE', #1096, #1657, #1816 ) ;
#243 = DIRECTION ( 'NONE',  ( 1.000000000000000000, -0.000000000000000000, -0.000000000000000000 ) ) ;
#244 = ORIENTED_EDGE ( 'NONE', *, *, #1702, .T. ) ;
#245 = ORIENTED_EDGE ( 'NONE', *, *, #132, .F. ) ;
#246 = DIRECTION ( 'NONE',  ( 0.4999999999999998890, -0.8660254037844385966, 0.000000000000000000 ) ) ;
#247 = EDGE_CURVE ( 'NONE', #1922, #1550, #610, .T. ) ;
#248 = DIRECTION ( 'NONE',  ( 0.000000000000000000, 0.000000000000000000, -1.000000000000000000 ) ) ;
#249 = DIRECTION ( 'NONE',  ( 0.8660254037844387076, -0.5000000000000000000, 0.000000000000000000 ) ) ;
#250 = CARTESIAN_POINT ( 'NONE',  ( 14.49999999999999822, 31.64857365423660696, 3.535533905932752852 ) ) ;
#251 = CARTESIAN_POINT ( 'NONE',  ( -6.681346652052678969, 29.14999999999998082, 1.199999999999998845 ) ) ;
#252 = VERTEX_POINT ( 'NONE', #1619 ) ;
#253 = DIRECTION ( 'NONE',  ( 0.5333964609104406840, -0.6564879518897752675, 0.5333964609104422383 ) ) ;
#254 = LINE ( 'NONE', #634, #352 ) ;
#255 = DIRECTION ( 'NONE',  ( 1.000000000000000000, 0.000000000000000000, 0.000000000000000000 ) ) ;
#256 = VERTEX_POINT ( 'NONE', #92 ) ;
#257 = DIRECTION ( 'NONE',  ( -1.000000000000000000, 0.000000000000000000, 0.000000000000000000 ) ) ;
#258 = LINE ( 'NONE', #1636, #30 ) ;
#259 = EDGE_CURVE ( 'NONE', #328, #1699, #82, .T. ) ;
#260 = VERTEX_POINT ( 'NONE', #2137 ) ;
#261 = PLANE ( 'NONE',  #998 ) ;
#262 = EDGE_CURVE ( 'NONE', #1753, #2071, #1109, .T. ) ;
#263 = CARTESIAN_POINT ( 'NONE',  ( 14.26446609406724697, 6.861565740759266951, 3.299999999999999822 ) ) ;
#264 = VECTOR ( 'NONE', #1712, 1000.000000000000000 ) ;
#265 = ORIENTED_EDGE ( 'NONE', *, *, #1689, .T. ) ;
#266 = DIRECTION ( 'NONE',  ( 0.4999999999999995559, 0.8660254037844389297, -0.000000000000000000 ) ) ;
#267 = CARTESIAN_POINT ( 'NONE',  ( 8.500000000000003553, 0.9999999999999892308, 1.199999999999998845 ) ) ;
#268 = CARTESIAN_POINT ( 'NONE',  ( 8.500000000000003553, 0.9999999999999892308, 1.199999999999998845 ) ) ;
#269 = ORIENTED_EDGE ( 'NONE', *, *, #673, .F. ) ;
#270 = DIRECTION ( 'NONE',  ( 1.000000000000000000, -0.000000000000000000, -1.611041861173385734E-16 ) ) ;
#271 = DIRECTION ( 'NONE',  ( 0.4999999999999999445, 0.8660254037844385966, 0.000000000000000000 ) ) ;
#272 = AXIS2_PLACEMENT_3D ( 'NONE', #454, #606, #432 ) ;
#273 = CARTESIAN_POINT ( 'NONE',  ( -10.31865334794731837, 22.84999999999999076, 1.199999999999998845 ) ) ;
#274 = ADVANCED_FACE ( 'NONE', ( #1984 ), #958, .T. ) ;
#275 = CIRCLE ( 'NONE', #378, 1.600000000000014522 ) ;
#276 = PLANE ( 'NONE',  #1022 ) ;
#277 = VERTEX_POINT ( 'NONE', #1838 ) ;
#278 = CARTESIAN_POINT ( 'NONE',  ( -10.31865334794732014, 4.149999999999985256, 3.299999999999998934 ) ) ;
#279 = LINE ( 'NONE', #1970, #650 ) ;
#280 = ORIENTED_EDGE ( 'NONE', *, *, #133, .F. ) ;
#281 = VERTEX_POINT ( 'NONE', #1804 ) ;
#282 = AXIS2_PLACEMENT_3D ( 'NONE', #722, #2108, #2097 ) ;
#283 = LINE ( 'NONE', #1808, #138 ) ;
#284 = FACE_BOUND ( 'NONE', #787, .T. ) ;
#285 = PLANE ( 'NONE',  #140 ) ;
#286 = CARTESIAN_POINT ( 'NONE',  ( 17.00000000000000000, 0.000000000000000000, -9.900000000000000355 ) ) ;
#287 = ORIENTED_EDGE ( 'NONE', *, *, #368, .T. ) ;
#288 = LINE ( 'NONE', #622, #1975 ) ;
#289 = ADVANCED_FACE ( 'NONE', ( #757 ), #969, .T. ) ;
#290 = LINE ( 'NONE', #944, #863 ) ;
#291 = EDGE_CURVE ( 'NONE', #780, #1044, #290, .T. ) ;
#292 = EDGE_LOOP ( 'NONE', ( #444, #709, #660, #583 ) ) ;
#293 = VERTEX_POINT ( 'NONE', #980 ) ;
#294 = ADVANCED_FACE ( 'NONE', ( #1632 ), #2007, .T. ) ;
#295 = DIRECTION ( 'NONE',  ( 0.000000000000000000, 0.9880120337511012485, -0.1543768802736101287 ) ) ;
#296 = DIRECTION ( 'NONE',  ( 0.000000000000000000, 0.000000000000000000, 1.000000000000000000 ) ) ;
#297 = CARTESIAN_POINT ( 'NONE',  ( 8.500000000000003553, 0.9999999999999892308, 0.09999999999999853451 ) ) ;
#298 = AXIS2_PLACEMENT_3D ( 'NONE', #2079, #2088, #2099 ) ;
#299 = FACE_OUTER_BOUND ( 'NONE', #648, .T. ) ;
#300 = ORIENTED_EDGE ( 'NONE', *, *, #1308, .F. ) ;
#301 = CARTESIAN_POINT ( 'NONE',  ( -12.68164661612559918, 33.88654704977438570, 1.717180522058310288 ) ) ;
#302 = CARTESIAN_POINT ( 'NONE',  ( -10.31865334794731304, 29.14999999999998082, 1.199999999999998845 ) ) ;
#303 = ORIENTED_EDGE ( 'NONE', *, *, #173, .T. ) ;
#304 = EDGE_LOOP ( 'NONE', ( #966, #645, #1561, #1767, #2019, #1082 ) ) ;
#305 = EDGE_CURVE ( 'NONE', #260, #194, #623, .T. ) ;
#306 = FACE_OUTER_BOUND ( 'NONE', #1218, .T. ) ;
#307 = ORIENTED_EDGE ( 'NONE', *, *, #1752, .F. ) ;
#308 = VECTOR ( 'NONE', #1225, 1000.000000000000227 ) ;
#309 = DIRECTION ( 'NONE',  ( 0.7071067811865464625, 0.000000000000000000, 0.7071067811865486830 ) ) ;
#310 = AXIS2_PLACEMENT_3D ( 'NONE', #363, #741, #1428 ) ;
#311 = CARTESIAN_POINT ( 'NONE',  ( -14.26446609406733046, 6.861565740759308696, 3.299999999999999378 ) ) ;
#312 = ORIENTED_EDGE ( 'NONE', *, *, #1260, .T. ) ;
#313 = VECTOR ( 'NONE', #235, 1000.000000000000000 ) ;
#314 = FACE_OUTER_BOUND ( 'NONE', #1681, .T. ) ;
#315 = LINE ( 'NONE', #1005, #38 ) ;
#316 = ORIENTED_EDGE ( 'NONE', *, *, #1555, .F. ) ;
#317 = ORIENTED_EDGE ( 'NONE', *, *, #2226, .F. ) ;
#318 = VERTEX_POINT ( 'NONE', #2175 ) ;
#319 = PERSON_AND_ORGANIZATION_ROLE ( 'classification_officer' ) ;
#320 = VECTOR ( 'NONE', #584, 1000.000000000000000 ) ;
#321 = ADVANCED_FACE ( 'NONE', ( #462 ), #1443, .F. ) ;
#322 = VECTOR ( 'NONE', #932, 1000.000000000000000 ) ;
#323 = CARTESIAN_POINT ( 'NONE',  ( -6.681346652052680746, 22.84999999999999076, 1.199999999999998845 ) ) ;
#324 = CARTESIAN_POINT ( 'NONE',  ( 12.13730669589464561, 0.9999999999999881206, 1.199999999999998845 ) ) ;
#325 = ORIENTED_EDGE ( 'NONE', *, *, #1608, .T. ) ;
#326 = CARTESIAN_POINT ( 'NONE',  ( -15.21127946127949215, 35.12457912457912812, 0.7112794612794595128 ) ) ;
#327 = CARTESIAN_POINT ( 'NONE',  ( -17.00000000000000000, -9.000000000000005329, 17.00000000000000000 ) ) ;
#328 = VERTEX_POINT ( 'NONE', #2124 ) ;
#329 = EDGE_LOOP ( 'NONE', ( #2187, #2052, #746, #89 ) ) ;
#330 = COORDINATED_UNIVERSAL_TIME_OFFSET ( 0, 0, .AHEAD. ) ;
#331 = DIRECTION ( 'NONE',  ( 0.000000000000000000, 0.000000000000000000, 1.000000000000000000 ) ) ;
#332 = EDGE_CURVE ( 'NONE', #2173, #1385, #91, .T. ) ;
#333 = CARTESIAN_POINT ( 'NONE',  ( 14.26446609406724697, -21.50000000000001066, 3.299999999999998934 ) ) ;
#334 = VERTEX_POINT ( 'NONE', #1474 ) ;
#335 = CYLINDRICAL_SURFACE ( 'NONE', #376, 5.000000000000000888 ) ;
#336 = EDGE_CURVE ( 'NONE', #2061, #1884, #1671, .T. ) ;
#337 = LINE ( 'NONE', #1182, #824 ) ;
#338 = ORIENTED_EDGE ( 'NONE', *, *, #2199, .F. ) ;
#339 = ORIENTED_EDGE ( 'NONE', *, *, #1533, .T. ) ;
#340 = SECURITY_CLASSIFICATION_LEVEL ( 'unclassified' ) ;
#341 = DIRECTION ( 'NONE',  ( -1.000000000000000000, 0.000000000000000000, 0.000000000000000000 ) ) ;
#342 = EDGE_CURVE ( 'NONE', #509, #260, #1618, .T. ) ;
#343 = ORIENTED_EDGE ( 'NONE', *, *, #2055, .F. ) ;
#344 = CARTESIAN_POINT ( 'NONE',  ( 6.681346652052682522, 4.149999999999988809, 1.199999999999998845 ) ) ;
#345 = CARTESIAN_POINT ( 'NONE',  ( -4.862693304105362380, 25.99999999999998934, 3.299999999999998934 ) ) ;
#346 = AXIS2_PLACEMENT_3D ( 'NONE', #1761, #1386, #884 ) ;
#347 = ORIENTED_EDGE ( 'NONE', *, *, #403, .T. ) ;
#348 = AXIS2_PLACEMENT_3D ( 'NONE', #910, #1599, #1926 ) ;
#349 = ORIENTED_EDGE ( 'NONE', *, *, #1894, .T. ) ;
#350 = VECTOR ( 'NONE', #105, 1000.000000000000227 ) ;
#351 = DIRECTION ( 'NONE',  ( -0.000000000000000000, -0.000000000000000000, 1.000000000000000000 ) ) ;
#352 = VECTOR ( 'NONE', #1646, 1000.000000000000000 ) ;
#353 = EDGE_LOOP ( 'NONE', ( #1512, #1693, #55 ) ) ;
#354 = CARTESIAN_POINT ( 'NONE',  ( -14.50000000000001243, 20.01190633120235773, 3.535533905932693788 ) ) ;
#355 = DIRECTION ( 'NONE',  ( 0.4999999999999998890, 0.8660254037844385966, -0.000000000000000000 ) ) ;
#356 = ORIENTED_EDGE ( 'NONE', *, *, #1568, .F. ) ;
#357 = EDGE_CURVE ( 'NONE', #991, #1077, #254, .T. ) ;
#358 = EDGE_CURVE ( 'NONE', #213, #448, #1394, .T. ) ;
#359 = EDGE_LOOP ( 'NONE', ( #689, #2161, #725, #1829 ) ) ;
#360 = ADVANCED_FACE ( 'NONE', ( #1788 ), #1827, .T. ) ;
#361 = DIRECTION ( 'NONE',  ( -0.4999999999999998890, -0.8660254037844387076, -0.000000000000000000 ) ) ;
#362 = ORIENTED_EDGE ( 'NONE', *, *, #506, .T. ) ;
#363 = CARTESIAN_POINT ( 'NONE',  ( 0.000000000000000000, 0.000000000000000000, 1.199999999999998845 ) ) ;
#364 = DIRECTION ( 'NONE',  ( -0.4999999999999999445, -0.8660254037844385966, 0.000000000000000000 ) ) ;
#365 = ORIENTED_EDGE ( 'NONE', *, *, #1260, .F. ) ;
#366 = VECTOR ( 'NONE', #1882, 1000.000000000000000 ) ;
#367 = VERTEX_POINT ( 'NONE', #597 ) ;
#368 = EDGE_CURVE ( 'NONE', #1550, #1922, #181, .T. ) ;
#369 = PLANE ( 'NONE',  #1598 ) ;
#370 = DIRECTION ( 'NONE',  ( -0.000000000000000000, -0.000000000000000000, 1.000000000000000000 ) ) ;
#371 = ORIENTED_EDGE ( 'NONE', *, *, #381, .F. ) ;
#372 = LINE ( 'NONE', #1071, #706 ) ;
#373 = VECTOR ( 'NONE', #936, 1000.000000000000000 ) ;
#374 = FACE_BOUND ( 'NONE', #1253, .T. ) ;
#375 = ORIENTED_EDGE ( 'NONE', *, *, #1370, .F. ) ;
#376 = AXIS2_PLACEMENT_3D ( 'NONE', #1025, #2098, #903 ) ;
#377 = ORIENTED_EDGE ( 'NONE', *, *, #58, .F. ) ;
#378 = AXIS2_PLACEMENT_3D ( 'NONE', #1769, #1916, #1558 ) ;
#379 = DIRECTION ( 'NONE',  ( -0.5000000000000004441, 0.8660254037844383745, 0.000000000000000000 ) ) ;
#380 = PLANE ( 'NONE',  #1320 ) ;
#381 = EDGE_CURVE ( 'NONE', #220, #425, #279, .T. ) ;
#382 = DIRECTION ( 'NONE',  ( -0.000000000000000000, -0.000000000000000000, 1.000000000000000000 ) ) ;
#383 = LINE ( 'NONE', #1601, #1784 ) ;
#384 = CARTESIAN_POINT ( 'NONE',  ( 4.862693304105361491, 0.9999999999999887867, 1.199999999999998845 ) ) ;
#385 = VERTEX_POINT ( 'NONE', #422 ) ;
#386 = ORIENTED_EDGE ( 'NONE', *, *, #1520, .F. ) ;
#387 = LINE ( 'NONE', #74, #1449 ) ;
#388 = CARTESIAN_POINT ( 'NONE',  ( 6.899999999999987921, 25.99999999999999645, 0.09999999999999853451 ) ) ;
#389 = DIRECTION ( 'NONE',  ( -0.000000000000000000, -0.000000000000000000, 1.000000000000000000 ) ) ;
#390 = CARTESIAN_POINT ( 'NONE',  ( -17.00000000000000000, 7.789149154869865477, 10.03661123161305113 ) ) ;
#391 = EDGE_CURVE ( 'NONE', #1144, #118, #957, .T. ) ;
#392 = CARTESIAN_POINT ( 'NONE',  ( 14.49999999999999822, 36.00000000000000000, 0.1000000000000028644 ) ) ;
#393 = ORIENTED_EDGE ( 'NONE', *, *, #1300, .T. ) ;
#394 = ORIENTED_EDGE ( 'NONE', *, *, #1279, .T. ) ;
#395 = EDGE_CURVE ( 'NONE', #6, #1044, #1146, .T. ) ;
#396 = CARTESIAN_POINT ( 'NONE',  ( 6.681346652052684298, 22.84999999999999076, 3.299999999999998934 ) ) ;
#397 = ORIENTED_EDGE ( 'NONE', *, *, #178, .F. ) ;
#398 = PLANE ( 'NONE',  #2219 ) ;
#399 = VECTOR ( 'NONE', #1261, 1000.000000000000114 ) ;
#400 = CARTESIAN_POINT ( 'NONE',  ( -4.862693304105352610, 0.9999999999999876765, 1.199999999999998845 ) ) ;
#401 = DIRECTION ( 'NONE',  ( -1.000000000000000000, -0.000000000000000000, -0.000000000000000000 ) ) ;
#402 = FACE_OUTER_BOUND ( 'NONE', #160, .T. ) ;
#403 = EDGE_CURVE ( 'NONE', #199, #1419, #174, .T. ) ;
#404 = DIRECTION ( 'NONE',  ( -0.000000000000000000, 1.000000000000000000, -0.000000000000000000 ) ) ;
#405 = ORIENTED_EDGE ( 'NONE', *, *, #1325, .T. ) ;
#406 = VECTOR ( 'NONE', #1780, 1000.000000000000000 ) ;
#407 = CARTESIAN_POINT ( 'NONE',  ( 14.49999999999999822, 36.00000000000000000, 49.52769732530489222 ) ) ;
#408 = CARTESIAN_POINT ( 'NONE',  ( 12.13730669589463673, 25.99999999999998579, 1.199999999999998845 ) ) ;
#409 = VERTEX_POINT ( 'NONE', #484 ) ;
#410 =( BOUNDED_CURVE ( )  B_SPLINE_CURVE ( 3, ( #120, #467, #799, #1487 ),
 .UNSPECIFIED., .F., .F. ) 
 B_SPLINE_CURVE_WITH_KNOTS ( ( 4, 4 ),
 ( 2.441009057393556780, 3.141592653589793116 ),
 .UNSPECIFIED. ) 
 CURVE ( )  GEOMETRIC_REPRESENTATION_ITEM ( )  RATIONAL_B_SPLINE_CURVE ( ( 1.000000000000000000, 0.9595150772858392907, 0.9595150772858392907, 1.000000000000000000 ) ) 
 REPRESENTATION_ITEM ( '' )  );
#411 = LINE ( 'NONE', #1914, #1637 ) ;
#412 = VECTOR ( 'NONE', #773, 1000.000000000000000 ) ;
#413 = AXIS2_PLACEMENT_3D ( 'NONE', #155, #7, #832 ) ;
#414 = DIRECTION ( 'NONE',  ( -1.000000000000000000, -0.000000000000000000, -0.000000000000000000 ) ) ;
#415 = ORGANIZATION ( 'UNSPECIFIED', 'UNSPECIFIED', '' ) ;
#416 = DIRECTION ( 'NONE',  ( -0.000000000000000000, -0.000000000000000000, 1.000000000000000000 ) ) ;
#417 = CARTESIAN_POINT ( 'NONE',  ( 10.10000000000001918, 0.9999999999999892308, 0.09999999999999853451 ) ) ;
#418 = LINE ( 'NONE', #1980, #948 ) ;
#419 = ORIENTED_EDGE ( 'NONE', *, *, #1224, .F. ) ;
#420 = LINE ( 'NONE', #472, #1467 ) ;
#421 = VECTOR ( 'NONE', #243, 1000.000000000000000 ) ;
#422 = CARTESIAN_POINT ( 'NONE',  ( 14.49999999999999822, 36.00000000000000000, 3.299999999999997158 ) ) ;
#423 = AXIS2_PLACEMENT_3D ( 'NONE', #1983, #1108, #1293 ) ;
#424 = CARTESIAN_POINT ( 'NONE',  ( -12.00000000000000000, -101.4999999999999858, -2.500000000000000444 ) ) ;
#425 = VERTEX_POINT ( 'NONE', #1726 ) ;
#426 = VERTEX_POINT ( 'NONE', #808 ) ;
#427 = ADVANCED_FACE ( 'NONE', ( #1679 ), #1496, .F. ) ;
#428 = DIRECTION ( 'NONE',  ( 0.000000000000000000, 0.9880120337511012485, -0.1543768802736101287 ) ) ;
#429 = FACE_BOUND ( 'NONE', #22, .T. ) ;
#430 = EDGE_CURVE ( 'NONE', #2065, #256, #156, .T. ) ;
#431 = DIRECTION ( 'NONE',  ( -1.000000000000000000, -0.000000000000000000, -0.000000000000000000 ) ) ;
#432 = DIRECTION ( 'NONE',  ( 0.000000000000000000, 0.000000000000000000, 1.000000000000000000 ) ) ;
#433 = DIRECTION ( 'NONE',  ( -0.5000000000000004441, 0.8660254037844383745, 0.000000000000000000 ) ) ;
#434 = ORIENTED_EDGE ( 'NONE', *, *, #45, .T. ) ;
#435 = CARTESIAN_POINT ( 'NONE',  ( -14.50000000000001243, 36.00000000000000000, 0.1000000000000028644 ) ) ;
#436 = CARTESIAN_POINT ( 'NONE',  ( -17.00000000000000000, -4.000000000000002665, 17.00000000000000000 ) ) ;
#437 = DIRECTION ( 'NONE',  ( -0.000000000000000000, -0.000000000000000000, 1.000000000000000000 ) ) ;
#438 = ORIENTED_EDGE ( 'NONE', *, *, #1069, .T. ) ;
#439 = ADVANCED_FACE ( 'NONE', ( #1037 ), #8, .F. ) ;
#440 = CYLINDRICAL_SURFACE ( 'NONE', #639, 1.600000000000014522 ) ;
#441 = CARTESIAN_POINT ( 'NONE',  ( 0.000000000000000000, 0.000000000000000000, 0.09999999999999939493 ) ) ;
#442 = LINE ( 'NONE', #777, #2105 ) ;
#443 = DIRECTION ( 'NONE',  ( 1.000000000000000000, 9.538505388807371388E-16, -0.000000000000000000 ) ) ;
#444 = ORIENTED_EDGE ( 'NONE', *, *, #2001, .T. ) ;
#445 = FACE_OUTER_BOUND ( 'NONE', #621, .T. ) ;
#446 = CARTESIAN_POINT ( 'NONE',  ( -8.499999999999996447, 0.9999999999999870104, 1.199999999999998845 ) ) ;
#447 = LINE ( 'NONE', #71, #1691 ) ;
#448 = VERTEX_POINT ( 'NONE', #820 ) ;
#449 = CARTESIAN_POINT ( 'NONE',  ( 17.00000000000000000, 4.770257387988576347, 20.62964728312677920 ) ) ;
#450 = DIRECTION ( 'NONE',  ( -0.000000000000000000, 0.6305926250944656752, 0.7761140001162656343 ) ) ;
#451 = APPROVAL ( #801, 'UNSPECIFIED' ) ;
#452 = AXIS2_PLACEMENT_3D ( 'NONE', #1161, #1649, #295 ) ;
#453 = VECTOR ( 'NONE', #1652, 1000.000000000000000 ) ;
#454 = CARTESIAN_POINT ( 'NONE',  ( -14.49999999999999822, -4.000000000000002665, 17.00000000000000000 ) ) ;
#455 = VECTOR ( 'NONE', #872, 1000.000000000000000 ) ;
#456 = EDGE_CURVE ( 'NONE', #1344, #1433, #315, .T. ) ;
#457 = EDGE_CURVE ( 'NONE', #1006, #1033, #498, .T. ) ;
#458 = CARTESIAN_POINT ( 'NONE',  ( 17.00000000000000000, -9.000000000000007105, 1.076724916123532160E-15 ) ) ;
#459 = ORIENTED_EDGE ( 'NONE', *, *, #1411, .F. ) ;
#460 = DIRECTION ( 'NONE',  ( 0.000000000000000000, 0.000000000000000000, 1.000000000000000000 ) ) ;
#461 = EDGE_CURVE ( 'NONE', #796, #540, #1289, .T. ) ;
#462 = FACE_OUTER_BOUND ( 'NONE', #671, .T. ) ;
#463 = AXIS2_PLACEMENT_3D ( 'NONE', #2184, #103, #460 ) ;
#464 = ORIENTED_EDGE ( 'NONE', *, *, #972, .T. ) ;
#465 = VERTEX_POINT ( 'NONE', #345 ) ;
#466 = AXIS2_PLACEMENT_3D ( 'NONE', #784, #1431, #1131 ) ;
#467 = CARTESIAN_POINT ( 'NONE',  ( -14.34629003184186580, 19.82963142434878989, 3.381823937774533828 ) ) ;
#468 = CARTESIAN_POINT ( 'NONE',  ( 10.10000000000001918, 0.9999999999999892308, 1.199999999999998845 ) ) ;
#469 = DIRECTION ( 'NONE',  ( 0.000000000000000000, 0.000000000000000000, -1.000000000000000000 ) ) ;
#470 = EDGE_CURVE ( 'NONE', #1346, #550, #337, .T. ) ;
#471 = ORIENTED_EDGE ( 'NONE', *, *, #996, .F. ) ;
#472 = CARTESIAN_POINT ( 'NONE',  ( 120.4999999999999716, 7.099999999999998757, 3.299999999999998934 ) ) ;
#473 = CARTESIAN_POINT ( 'NONE',  ( 8.500000000000001776, 25.99999999999999645, 0.09999999999999853451 ) ) ;
#474 = ORIENTED_EDGE ( 'NONE', *, *, #2091, .T. ) ;
#475 = VERTEX_POINT ( 'NONE', #1330 ) ;
#476 = LINE ( 'NONE', #993, #2142 ) ;
#477 = VERTEX_POINT ( 'NONE', #143 ) ;
#478 = PERSON_AND_ORGANIZATION ( #938, #415 ) ;
#479 = PLANE ( 'NONE',  #2045 ) ;
#480 = AXIS2_PLACEMENT_3D ( 'NONE', #384, #1940, #364 ) ;
#481 = CARTESIAN_POINT ( 'NONE',  ( -14.26446609406730204, 31.93846153846155289, 3.299999999999997602 ) ) ;
#482 = VERTEX_POINT ( 'NONE', #1194 ) ;
#483 = LINE ( 'NONE', #1373, #970 ) ;
#484 = CARTESIAN_POINT ( 'NONE',  ( -14.50000000000001243, 36.00000000000000000, 3.299999999999997158 ) ) ;
#485 = ORIENTED_EDGE ( 'NONE', *, *, #553, .T. ) ;
#486 = ORIENTED_EDGE ( 'NONE', *, *, #669, .F. ) ;
#487 = EDGE_CURVE ( 'NONE', #977, #1419, #2012, .T. ) ;
#488 = LINE ( 'NONE', #1513, #1650 ) ;
#489 = ORIENTED_EDGE ( 'NONE', *, *, #1210, .T. ) ;
#490 = COORDINATED_UNIVERSAL_TIME_OFFSET ( 0, 0, .AHEAD. ) ;
#491 = VECTOR ( 'NONE', #1924, 1000.000000000000000 ) ;
#492 = FACE_OUTER_BOUND ( 'NONE', #353, .T. ) ;
#493 = VECTOR ( 'NONE', #952, 1000.000000000000000 ) ;
#494 = CARTESIAN_POINT ( 'NONE',  ( 12.13730669589464561, 0.9999999999999881206, 1.199999999999998845 ) ) ;
#495 = EDGE_LOOP ( 'NONE', ( #866, #338, #1824, #2213 ) ) ;
#496 = CC_DESIGN_APPROVAL ( #130, ( #1569 ) ) ;
#497 = DIRECTION ( 'NONE',  ( -0.000000000000000000, -0.000000000000000000, 1.000000000000000000 ) ) ;
#498 = LINE ( 'NONE', #302, #1728 ) ;
#499 = VERTEX_POINT ( 'NONE', #1510 ) ;
#500 = APPLICATION_CONTEXT ( 'configuration controlled 3d designs of mechanical parts and assemblies' ) ;
#501 = CIRCLE ( 'NONE', #463, 5.000000000000000888 ) ;
#502 = ORIENTED_EDGE ( 'NONE', *, *, #953, .T. ) ;
#503 = EDGE_CURVE ( 'NONE', #906, #594, #1521, .T. ) ;
#504 = PERSON_AND_ORGANIZATION ( #938, #415 ) ;
#505 = VECTOR ( 'NONE', #1825, 1000.000000000000000 ) ;
#506 = EDGE_CURVE ( 'NONE', #1471, #2190, #519, .T. ) ;
#507 = CARTESIAN_POINT ( 'NONE',  ( 14.49999999999999822, -9.000000000000007105, -1.989586464893796344E-15 ) ) ;
#508 = PLANE ( 'NONE',  #1380 ) ;
#509 = VERTEX_POINT ( 'NONE', #327 ) ;
#510 = FACE_OUTER_BOUND ( 'NONE', #2182, .T. ) ;
#511 = DIRECTION ( 'NONE',  ( 0.000000000000000000, 1.000000000000000000, 0.000000000000000000 ) ) ;
#512 = ORIENTED_EDGE ( 'NONE', *, *, #1400, .T. ) ;
#513 = ORIENTED_EDGE ( 'NONE', *, *, #1822, .F. ) ;
#514 = CALENDAR_DATE ( 2024, 7, 11 ) ;
#515 = EDGE_CURVE ( 'NONE', #1972, #544, #1796, .T. ) ;
#516 = CARTESIAN_POINT ( 'NONE',  ( -10.31865334794732014, 4.149999999999985256, 1.199999999999998845 ) ) ;
#517 = ORIENTED_EDGE ( 'NONE', *, *, #357, .F. ) ;
#518 = CARTESIAN_POINT ( 'NONE',  ( 10.31865334794732725, 4.149999999999987921, 3.299999999999998934 ) ) ;
#519 = LINE ( 'NONE', #2223, #742 ) ;
#520 = VECTOR ( 'NONE', #792, 1000.000000000000000 ) ;
#521 = ORIENTED_EDGE ( 'NONE', *, *, #1234, .T. ) ;
#522 = CARTESIAN_POINT ( 'NONE',  ( -7.000000000000000888, -4.000000000000002665, 17.00000000000000000 ) ) ;
#523 = VECTOR ( 'NONE', #246, 1000.000000000000227 ) ;
#524 = ORIENTED_EDGE ( 'NONE', *, *, #553, .F. ) ;
#525 = PLANE ( 'NONE',  #1416 ) ;
#526 = EDGE_CURVE ( 'NONE', #1736, #177, #2028, .T. ) ;
#527 = EDGE_CURVE ( 'NONE', #1047, #252, #1354, .T. ) ;
#528 = CARTESIAN_POINT ( 'NONE',  ( 12.13730669589464561, 0.9999999999999881206, 1.199999999999998845 ) ) ;
#529 = CIRCLE ( 'NONE', #2143, 1.000000000000000000 ) ;
#530 = EDGE_LOOP ( 'NONE', ( #145, #755, #397, #1790 ) ) ;
#531 = EDGE_CURVE ( 'NONE', #1153, #632, #1018, .T. ) ;
#532 = VECTOR ( 'NONE', #1613, 1000.000000000000114 ) ;
#533 = ORIENTED_EDGE ( 'NONE', *, *, #599, .F. ) ;
#534 = CIRCLE ( 'NONE', #1609, 1.600000000000014522 ) ;
#535 = VECTOR ( 'NONE', #907, 1000.000000000000000 ) ;
#536 = CARTESIAN_POINT ( 'NONE',  ( 4.862693304105363268, 25.99999999999998934, 1.199999999999998845 ) ) ;
#537 = AXIS2_PLACEMENT_3D ( 'NONE', #2018, #2059, #1341 ) ;
#538 = EDGE_LOOP ( 'NONE', ( #2138, #1060, #1092, #2202, #1943, #521, #1708, #214, #915, #888, #661, #1166 ) ) ;
#539 = DIRECTION ( 'NONE',  ( -0.4999999999999994449, 0.8660254037844389297, -0.000000000000000000 ) ) ;
#540 = VERTEX_POINT ( 'NONE', #845 ) ;
#541 = EDGE_CURVE ( 'NONE', #1642, #37, #1364, .T. ) ;
#542 = CARTESIAN_POINT ( 'NONE',  ( -14.26446609406734112, 19.36724239470406062, 3.299999999999998934 ) ) ;
#543 = ORIENTED_EDGE ( 'NONE', *, *, #1822, .T. ) ;
#544 = VERTEX_POINT ( 'NONE', #1389 ) ;
#545 = CARTESIAN_POINT ( 'NONE',  ( 10.31865334794732725, -2.150000000000011458, 1.199999999999998845 ) ) ;
#546 = CARTESIAN_POINT ( 'NONE',  ( 14.59999999999998721, -9.000000000000007105, 0.09999999999999939493 ) ) ;
#547 = ORIENTED_EDGE ( 'NONE', *, *, #1766, .T. ) ;
#548 = FACE_OUTER_BOUND ( 'NONE', #737, .T. ) ;
#549 = LINE ( 'NONE', #704, #586 ) ;
#550 = VERTEX_POINT ( 'NONE', #896 ) ;
#551 = AXIS2_PLACEMENT_3D ( 'NONE', #631, #1290, #743 ) ;
#552 = ORIENTED_EDGE ( 'NONE', *, *, #1953, .F. ) ;
#553 = EDGE_CURVE ( 'NONE', #780, #182, #1163, .T. ) ;
#554 = DIRECTION ( 'NONE',  ( 0.000000000000000000, -0.000000000000000000, -1.000000000000000000 ) ) ;
#555 = FACE_OUTER_BOUND ( 'NONE', #759, .T. ) ;
#556 = LINE ( 'NONE', #569, #571 ) ;
#557 = DIRECTION ( 'NONE',  ( 0.000000000000000000, 0.000000000000000000, -1.000000000000000000 ) ) ;
#558 = PLANE ( 'NONE',  #480 ) ;
#559 = VERTEX_POINT ( 'NONE', #573 ) ;
#560 = AXIS2_PLACEMENT_3D ( 'NONE', #1123, #270, #2168 ) ;
#561 = VECTOR ( 'NONE', #1887, 1000.000000000000000 ) ;
#562 = ORIENTED_EDGE ( 'NONE', *, *, #1426, .F. ) ;
#563 = VECTOR ( 'NONE', #75, 1000.000000000000000 ) ;
#564 = ADVANCED_FACE ( 'NONE', ( #201 ), #558, .F. ) ;
#565 = DIRECTION ( 'NONE',  ( -0.7071067811865441310, 0.000000000000000000, -0.7071067811865510144 ) ) ;
#566 = DIRECTION ( 'NONE',  ( -1.000000000000000000, -0.000000000000000000, -0.000000000000000000 ) ) ;
#567 = ADVANCED_FACE ( 'NONE', ( #905, #374, #1080, #1053, #184 ), #36, .F. ) ;
#568 = VECTOR ( 'NONE', #382, 1000.000000000000000 ) ;
#569 = CARTESIAN_POINT ( 'NONE',  ( -12.13730669589463318, 25.99999999999998224, 1.199999999999998845 ) ) ;
#570 = CARTESIAN_POINT ( 'NONE',  ( -8.499999999999998224, 25.99999999999999289, 0.09999999999999853451 ) ) ;
#571 = VECTOR ( 'NONE', #389, 1000.000000000000000 ) ;
#572 = AXIS2_PLACEMENT_3D ( 'NONE', #1846, #1145, #756 ) ;
#573 = CARTESIAN_POINT ( 'NONE',  ( -6.681346652052680746, 22.84999999999999076, 1.199999999999998845 ) ) ;
#574 = ORIENTED_EDGE ( 'NONE', *, *, #1868, .F. ) ;
#575 = DIRECTION ( 'NONE',  ( 0.7071067811865440200, 0.000000000000000000, 0.7071067811865511255 ) ) ;
#576 = ORIENTED_EDGE ( 'NONE', *, *, #860, .T. ) ;
#577 = DIRECTION ( 'NONE',  ( -0.000000000000000000, -0.000000000000000000, 1.000000000000000000 ) ) ;
#578 = PLANE ( 'NONE',  #1176 ) ;
#579 = ADVANCED_FACE ( 'NONE', ( #24 ), #1072, .F. ) ;
#580 = DIRECTION ( 'NONE',  ( -0.000000000000000000, -0.000000000000000000, 1.000000000000000000 ) ) ;
#581 = LINE ( 'NONE', #1259, #885 ) ;
#582 = PLANE ( 'NONE',  #1230 ) ;
#583 = ORIENTED_EDGE ( 'NONE', *, *, #1248, .T. ) ;
#584 = DIRECTION ( 'NONE',  ( -1.000000000000000000, 0.000000000000000000, 0.000000000000000000 ) ) ;
#585 = ORIENTED_EDGE ( 'NONE', *, *, #39, .F. ) ;
#586 = VECTOR ( 'NONE', #1591, 1000.000000000000000 ) ;
#587 = DIRECTION ( 'NONE',  ( 0.000000000000000000, 0.000000000000000000, -1.000000000000000000 ) ) ;
#588 =( BOUNDED_CURVE ( )  B_SPLINE_CURVE ( 3, ( #2147, #766, #263, #1785 ),
 .UNSPECIFIED., .F., .F. ) 
 B_SPLINE_CURVE_WITH_KNOTS ( ( 4, 4 ),
 ( 5.582601710983249532, 6.283185307179586232 ),
 .UNSPECIFIED. ) 
 CURVE ( )  GEOMETRIC_REPRESENTATION_ITEM ( )  RATIONAL_B_SPLINE_CURVE ( ( 1.000000000000000000, 0.9595150772858278554, 0.9595150772858278554, 1.000000000000000000 ) ) 
 REPRESENTATION_ITEM ( '' )  );
#589 = FACE_BOUND ( 'NONE', #2165, .T. ) ;
#590 = LINE ( 'NONE', #1978, #861 ) ;
#591 = DIRECTION ( 'NONE',  ( 0.000000000000000000, 1.000000000000000000, 0.000000000000000000 ) ) ;
#592 = DIRECTION ( 'NONE',  ( 1.000000000000000000, 0.000000000000000000, -0.000000000000000000 ) ) ;
#593 = EDGE_CURVE ( 'NONE', #1403, #1921, #549, .T. ) ;
#594 = VERTEX_POINT ( 'NONE', #542 ) ;
#595 = ADVANCED_FACE ( 'NONE', ( #1381 ), #1582, .F. ) ;
#596 = DIRECTION ( 'NONE',  ( 0.000000000000000000, 0.7761140001162656343, -0.6305926250944656752 ) ) ;
#597 = CARTESIAN_POINT ( 'NONE',  ( 12.13730669589464561, 0.9999999999999881206, 3.299999999999998934 ) ) ;
#598 = CARTESIAN_POINT ( 'NONE',  ( -6.681346652052675417, 4.149999999999987033, 1.199999999999998845 ) ) ;
#599 = EDGE_CURVE ( 'NONE', #1676, #465, #1919, .T. ) ;
#600 = ORIENTED_EDGE ( 'NONE', *, *, #132, .T. ) ;
#601 = AXIS2_PLACEMENT_3D ( 'NONE', #23, #1250, #2087 ) ;
#602 = CARTESIAN_POINT ( 'NONE',  ( -6.681346652052675417, 4.149999999999987033, 3.299999999999998934 ) ) ;
#603 = APPROVAL_PERSON_ORGANIZATION ( #1175, #130, #674 ) ;
#604 = PLANE ( 'NONE',  #142 ) ;
#605 = CARTESIAN_POINT ( 'NONE',  ( 19.20000000000000284, -4.000000000000002665, 17.00000000000000000 ) ) ;
#606 = DIRECTION ( 'NONE',  ( -1.000000000000000000, 0.000000000000000000, 1.611041861173385734E-16 ) ) ;
#607 = FACE_OUTER_BOUND ( 'NONE', #1028, .T. ) ;
#608 = ORIENTED_EDGE ( 'NONE', *, *, #39, .T. ) ;
#609 = CARTESIAN_POINT ( 'NONE',  ( 10.31865334794732192, 22.84999999999999432, 3.299999999999998934 ) ) ;
#610 = CIRCLE ( 'NONE', #2155, 1.600000000000014522 ) ;
#611 = AXIS2_PLACEMENT_3D ( 'NONE', #80, #807, #646 ) ;
#612 = EDGE_CURVE ( 'NONE', #930, #367, #54, .T. ) ;
#613 = DIRECTION ( 'NONE',  ( -0.000000000000000000, -0.000000000000000000, 1.000000000000000000 ) ) ;
#614 = CARTESIAN_POINT ( 'NONE',  ( -6.681346652052678969, 29.14999999999998082, 3.299999999999998934 ) ) ;
#615 = ORIENTED_EDGE ( 'NONE', *, *, #291, .T. ) ;
#616 = DIRECTION ( 'NONE',  ( 1.000000000000000000, 0.000000000000000000, 0.000000000000000000 ) ) ;
#617 = FACE_OUTER_BOUND ( 'NONE', #1620, .T. ) ;
#618 = PRODUCT_DEFINITION_SHAPE ( 'NONE', 'NONE',  #1986 ) ;
#619 = LINE ( 'NONE', #1311, #2042 ) ;
#620 = LINE ( 'NONE', #964, #520 ) ;
#621 = EDGE_LOOP ( 'NONE', ( #2066, #585, #1232, #1462 ) ) ;
#622 = CARTESIAN_POINT ( 'NONE',  ( 17.00000000000000000, 19.16047058823528815, 13.68211764705882239 ) ) ;
#623 = LINE ( 'NONE', #1667, #1576 ) ;
#624 = DIRECTION ( 'NONE',  ( 0.000000000000000000, 0.000000000000000000, 1.000000000000000000 ) ) ;
#625 = VERTEX_POINT ( 'NONE', #46 ) ;
#626 = CARTESIAN_POINT ( 'NONE',  ( 8.500000000000001776, 25.99999999999999645, 1.199999999999998845 ) ) ;
#627 = EDGE_CURVE ( 'NONE', #1921, #1605, #1764, .T. ) ;
#628 = DIRECTION ( 'NONE',  ( 0.000000000000000000, -0.7761140001162656343, 0.6305926250944656752 ) ) ;
#629 = AXIS2_PLACEMENT_3D ( 'NONE', #1737, #212, #733 ) ;
#630 = DIRECTION ( 'NONE',  ( 0.000000000000000000, 0.9880120337511012485, -0.1543768802736101287 ) ) ;
#631 = CARTESIAN_POINT ( 'NONE',  ( -8.499999999999998224, 25.99999999999999289, 1.199999999999998845 ) ) ;
#632 = VERTEX_POINT ( 'NONE', #16 ) ;
#633 = PLANE ( 'NONE',  #1286 ) ;
#634 = CARTESIAN_POINT ( 'NONE',  ( -14.26446609406730381, -101.4999999999999858, 3.299999999999998934 ) ) ;
#635 = ORIENTED_EDGE ( 'NONE', *, *, #1847, .T. ) ;
#636 = ORIENTED_EDGE ( 'NONE', *, *, #1731, .F. ) ;
#637 = LINE ( 'NONE', #1853, #412 ) ;
#638 = EDGE_CURVE ( 'NONE', #367, #1471, #1903, .T. ) ;
#639 = AXIS2_PLACEMENT_3D ( 'NONE', #95, #1685, #616 ) ;
#640 = VECTOR ( 'NONE', #1979, 1000.000000000000227 ) ;
#641 = CARTESIAN_POINT ( 'NONE',  ( -10.31865334794731659, -2.150000000000013678, 1.199999999999998845 ) ) ;
#642 = AXIS2_PLACEMENT_3D ( 'NONE', #839, #815, #692 ) ;
#643 = ADVANCED_FACE ( 'NONE', ( #1046 ), #868, .F. ) ;
#644 = FACE_OUTER_BOUND ( 'NONE', #1214, .T. ) ;
#645 = ORIENTED_EDGE ( 'NONE', *, *, #526, .T. ) ;
#646 = DIRECTION ( 'NONE',  ( 1.000000000000000000, 3.576939520802758847E-16, 0.000000000000000000 ) ) ;
#647 = DIRECTION ( 'NONE',  ( 1.000000000000000000, -0.000000000000000000, 0.000000000000000000 ) ) ;
#648 = EDGE_LOOP ( 'NONE', ( #32, #1086, #2225, #1149 ) ) ;
#649 = ORIENTED_EDGE ( 'NONE', *, *, #1224, .T. ) ;
#650 = VECTOR ( 'NONE', #613, 1000.000000000000000 ) ;
#651 = FACE_OUTER_BOUND ( 'NONE', #19, .T. ) ;
#652 = EDGE_LOOP ( 'NONE', ( #667, #1074, #225 ) ) ;
#653 = APPROVAL_ROLE ( '' ) ;
#654 = LINE ( 'NONE', #323, #62 ) ;
#655 = DIRECTION ( 'NONE',  ( 1.000000000000000000, 0.000000000000000000, 0.000000000000000000 ) ) ;
#656 = EDGE_LOOP ( 'NONE', ( #1196, #1739, #280, #1355 ) ) ;
#657 = LINE ( 'NONE', #1017, #1643 ) ;
#658 = EDGE_CURVE ( 'NONE', #1047, #1471, #886, .T. ) ;
#659 = CARTESIAN_POINT ( 'NONE',  ( -14.26446609406730381, -101.4999999999999858, 3.299999999999998934 ) ) ;
#660 = ORIENTED_EDGE ( 'NONE', *, *, #1502, .F. ) ;
#661 = ORIENTED_EDGE ( 'NONE', *, *, #1127, .T. ) ;
#662 = CARTESIAN_POINT ( 'NONE',  ( 12.13730669589463851, 25.99999999999998224, 3.299999999999998934 ) ) ;
#663 = EDGE_LOOP ( 'NONE', ( #2204, #287 ) ) ;
#664 =( NAMED_UNIT ( * ) PLANE_ANGLE_UNIT ( ) SI_UNIT ( $, .RADIAN. ) );
#665 = FACE_OUTER_BOUND ( 'NONE', #678, .T. ) ;
#666 = CARTESIAN_POINT ( 'NONE',  ( 6.681346652052682522, -2.150000000000011013, 1.199999999999998845 ) ) ;
#667 = ORIENTED_EDGE ( 'NONE', *, *, #1160, .F. ) ;
#668 = DIRECTION ( 'NONE',  ( 0.000000000000000000, 1.000000000000000000, -0.000000000000000000 ) ) ;
#669 = EDGE_CURVE ( 'NONE', #1307, #1242, #716, .T. ) ;
#670 = DIRECTION ( 'NONE',  ( 1.000000000000000000, -1.192313173600918958E-16, -0.000000000000000000 ) ) ;
#671 = EDGE_LOOP ( 'NONE', ( #1907, #371, #2201, #1845 ) ) ;
#672 = EDGE_LOOP ( 'NONE', ( #947, #1118, #1746 ) ) ;
#673 = EDGE_CURVE ( 'NONE', #688, #477, #1486, .T. ) ;
#674 = APPROVAL_ROLE ( '' ) ;
#675 = PLANE ( 'NONE',  #676 ) ;
#676 = AXIS2_PLACEMENT_3D ( 'NONE', #684, #1856, #309 ) ;
#677 = CARTESIAN_POINT ( 'NONE',  ( -10.31865334794731837, 22.84999999999999076, 1.199999999999998845 ) ) ;
#678 = EDGE_LOOP ( 'NONE', ( #1839, #1365, #1186, #2133 ) ) ;
#679 = CARTESIAN_POINT ( 'NONE',  ( -14.50000000000000178, 31.64857365423667801, 3.535533905932695564 ) ) ;
#680 = CARTESIAN_POINT ( 'NONE',  ( 6.681346652052682522, 4.149999999999988809, 1.199999999999998845 ) ) ;
#681 = EDGE_LOOP ( 'NONE', ( #1211, #1494, #1390, #513, #552, #1917, #2020, #1932, #911 ) ) ;
#682 = EDGE_CURVE ( 'NONE', #1044, #6, #1915, .T. ) ;
#683 = VECTOR ( 'NONE', #2026, 1000.000000000000114 ) ;
#684 = CARTESIAN_POINT ( 'NONE',  ( 0.5322330470336462671, -21.50000000000001066, -10.43223304703364462 ) ) ;
#685 = ORIENTED_EDGE ( 'NONE', *, *, #1140, .T. ) ;
#686 = LINE ( 'NONE', #1352, #852 ) ;
#687 = DIRECTION ( 'NONE',  ( 0.000000000000000000, 0.000000000000000000, 1.000000000000000000 ) ) ;
#688 = VERTEX_POINT ( 'NONE', #1452 ) ;
#689 = ORIENTED_EDGE ( 'NONE', *, *, #233, .T. ) ;
#690 = EDGE_CURVE ( 'NONE', #318, #1006, #2172, .T. ) ;
#691 = EDGE_CURVE ( 'NONE', #168, #1307, #418, .T. ) ;
#692 = DIRECTION ( 'NONE',  ( 0.000000000000000000, 1.196361017915035049E-16, 1.000000000000000000 ) ) ;
#693 = ADVANCED_FACE ( 'NONE', ( #1105 ), #1128, .F. ) ;
#694 = VERTEX_POINT ( 'NONE', #941 ) ;
#695 = PLANE ( 'NONE',  #413 ) ;
#696 = VECTOR ( 'NONE', #1892, 1000.000000000000000 ) ;
#697 = DIRECTION ( 'NONE',  ( -0.000000000000000000, -0.000000000000000000, 1.000000000000000000 ) ) ;
#698 = VERTEX_POINT ( 'NONE', #929 ) ;
#699 = ORIENTED_EDGE ( 'NONE', *, *, #1623, .F. ) ;
#700 = DIRECTION ( 'NONE',  ( -0.7071067811865449082, 8.459549885149650162E-17, 0.7071067811865501263 ) ) ;
#701 = ADVANCED_FACE ( 'NONE', ( #1440, #754 ), #2132, .T. ) ;
#702 = EDGE_LOOP ( 'NONE', ( #394, #1552, #1205, #102 ) ) ;
#703 = LINE ( 'NONE', #2077, #1749 ) ;
#704 = CARTESIAN_POINT ( 'NONE',  ( 17.00000000000000000, 35.87692307692307736, 0.09999999999999766020 ) ) ;
#705 = CIRCLE ( 'NONE', #2104, 1.000000000000000888 ) ;
#706 = VECTOR ( 'NONE', #1581, 1000.000000000000000 ) ;
#707 = ORIENTED_EDGE ( 'NONE', *, *, #1210, .F. ) ;
#708 = VECTOR ( 'NONE', #414, 1000.000000000000000 ) ;
#709 = ORIENTED_EDGE ( 'NONE', *, *, #979, .F. ) ;
#710 = PLANE ( 'NONE',  #990 ) ;
#711 = VECTOR ( 'NONE', #437, 1000.000000000000000 ) ;
#712 = PLANE ( 'NONE',  #1064 ) ;
#713 = VECTOR ( 'NONE', #857, 1000.000000000000000 ) ;
#714 = ORIENTED_EDGE ( 'NONE', *, *, #368, .F. ) ;
#715 = CARTESIAN_POINT ( 'NONE',  ( 0.000000000000000000, 0.000000000000000000, 1.199999999999998845 ) ) ;
#716 = LINE ( 'NONE', #1551, #18 ) ;
#717 = ORIENTED_EDGE ( 'NONE', *, *, #1773, .T. ) ;
#718 = EDGE_CURVE ( 'NONE', #698, #1523, #779, .T. ) ;
#719 = ORIENTED_EDGE ( 'NONE', *, *, #1199, .F. ) ;
#720 = DIRECTION ( 'NONE',  ( 0.000000000000000000, -1.000000000000000000, 0.000000000000000000 ) ) ;
#721 = CARTESIAN_POINT ( 'NONE',  ( -17.00000000000000000, 14.09507540581451934, 17.79775123277569548 ) ) ;
#722 = CARTESIAN_POINT ( 'NONE',  ( -8.499999999999998224, 25.99999999999999289, 3.299999999999998934 ) ) ;
#723 = CARTESIAN_POINT ( 'NONE',  ( -4.862693304105362380, 25.99999999999998934, 1.199999999999998845 ) ) ;
#724 = DIRECTION ( 'NONE',  ( 1.927470528863119049E-16, 1.000000000000000000, 0.000000000000000000 ) ) ;
#725 = ORIENTED_EDGE ( 'NONE', *, *, #690, .F. ) ;
#726 = EDGE_CURVE ( 'NONE', #1179, #17, #1273, .T. ) ;
#727 = AXIS2_PLACEMENT_3D ( 'NONE', #191, #1909, #1231 ) ;
#728 = EDGE_CURVE ( 'NONE', #475, #1753, #588, .T. ) ;
#729 = LINE ( 'NONE', #1245, #1272 ) ;
#730 = DIRECTION ( 'NONE',  ( -1.000000000000000000, -0.000000000000000000, -0.000000000000000000 ) ) ;
#731 = CARTESIAN_POINT ( 'NONE',  ( -14.50000000000000000, -101.4999999999999858, 3.535533905932693788 ) ) ;
#732 = CARTESIAN_POINT ( 'NONE',  ( 14.49999999999999822, 19.36724239470405351, 4.299999999999999822 ) ) ;
#733 = DIRECTION ( 'NONE',  ( -1.000000000000000000, 0.000000000000000000, -0.000000000000000000 ) ) ;
#734 = ORIENTED_EDGE ( 'NONE', *, *, #1069, .F. ) ;
#735 = VECTOR ( 'NONE', #1031, 1000.000000000000000 ) ;
#736 = LINE ( 'NONE', #2113, #421 ) ;
#737 = EDGE_LOOP ( 'NONE', ( #244, #1850, #1727, #821, #2049, #1195 ) ) ;
#738 = DIRECTION ( 'NONE',  ( 1.000000000000000000, 0.000000000000000000, 0.000000000000000000 ) ) ;
#739 = PLANE ( 'NONE',  #774 ) ;
#740 = DIRECTION ( 'NONE',  ( 1.000000000000000000, 0.000000000000000000, 0.000000000000000000 ) ) ;
#741 = DIRECTION ( 'NONE',  ( 0.000000000000000000, 0.000000000000000000, 1.000000000000000000 ) ) ;
#742 = VECTOR ( 'NONE', #1204, 1000.000000000000000 ) ;
#743 = DIRECTION ( 'NONE',  ( 1.000000000000000000, 0.000000000000000000, 0.000000000000000000 ) ) ;
#744 = ORIENTED_EDGE ( 'NONE', *, *, #972, .F. ) ;
#745 = LINE ( 'NONE', #598, #2078 ) ;
#746 = ORIENTED_EDGE ( 'NONE', *, *, #526, .F. ) ;
#747 = CARTESIAN_POINT ( 'NONE',  ( -12.13730669589463318, 25.99999999999998224, 3.299999999999998934 ) ) ;
#748 = FACE_OUTER_BOUND ( 'NONE', #1454, .T. ) ;
#749 = ADVANCED_FACE ( 'NONE', ( #607 ), #582, .F. ) ;
#750 = EDGE_CURVE ( 'NONE', #1011, #632, #1525, .T. ) ;
#751 = CARTESIAN_POINT ( 'NONE',  ( -14.49999999999999645, 9.332917957605966208, 19.91673156912406029 ) ) ;
#752 = CARTESIAN_POINT ( 'NONE',  ( 12.13730669589463673, 25.99999999999998579, 1.199999999999998845 ) ) ;
#753 = EDGE_CURVE ( 'NONE', #1992, #899, #1429, .T. ) ;
#754 = FACE_OUTER_BOUND ( 'NONE', #1655, .T. ) ;
#755 = ORIENTED_EDGE ( 'NONE', *, *, #627, .T. ) ;
#756 = DIRECTION ( 'NONE',  ( 0.000000000000000000, 0.000000000000000000, -1.000000000000000000 ) ) ;
#757 = FACE_OUTER_BOUND ( 'NONE', #2209, .T. ) ;
#758 = CARTESIAN_POINT ( 'NONE',  ( 22.47104055551948321, 21.83806220128952091, 11.50657446145225826 ) ) ;
#759 = EDGE_LOOP ( 'NONE', ( #239, #139, #1934, #771 ) ) ;
#760 = VECTOR ( 'NONE', #1213, 1000.000000000000000 ) ;
#761 = CARTESIAN_POINT ( 'NONE',  ( -12.13730669589463318, 25.99999999999998224, 1.199999999999998845 ) ) ;
#762 = CYLINDRICAL_SURFACE ( 'NONE', #65, 1.600000000000014522 ) ;
#763 = CARTESIAN_POINT ( 'NONE',  ( 6.899999999999987921, 25.99999999999999645, 1.199999999999998845 ) ) ;
#764 = DIRECTION ( 'NONE',  ( 1.000000000000000000, 0.000000000000000000, 0.000000000000000000 ) ) ;
#765 = ADVANCED_FACE ( 'NONE', ( #1991 ), #276, .T. ) ;
#766 = CARTESIAN_POINT ( 'NONE',  ( 14.34629003184180718, 6.637610970355198425, 3.381823937774557809 ) ) ;
#767 = ORIENTED_EDGE ( 'NONE', *, *, #1762, .T. ) ;
#768 = CARTESIAN_POINT ( 'NONE',  ( -10.31865334794731304, 29.14999999999998082, 1.199999999999998845 ) ) ;
#769 = CARTESIAN_POINT ( 'NONE',  ( 14.26446609406724697, 19.36724239470405351, 3.299999999999998934 ) ) ;
#770 = LINE ( 'NONE', #1084, #535 ) ;
#771 = ORIENTED_EDGE ( 'NONE', *, *, #1740, .T. ) ;
#772 = VECTOR ( 'NONE', #99, 1000.000000000000000 ) ;
#773 = DIRECTION ( 'NONE',  ( -0.7071067811865501263, -8.459549885149588532E-17, -0.7071067811865449082 ) ) ;
#774 = AXIS2_PLACEMENT_3D ( 'NONE', #1114, #450, #628 ) ;
#775 = DIRECTION ( 'NONE',  ( 0.8660254037844387076, -0.5000000000000000000, 0.000000000000000000 ) ) ;
#776 = DIRECTION ( 'NONE',  ( -1.000000000000000000, -0.000000000000000000, -0.000000000000000000 ) ) ;
#777 = CARTESIAN_POINT ( 'NONE',  ( -14.50000000000001243, 36.00000000000000000, 49.52769732530489222 ) ) ;
#778 = CC_DESIGN_PERSON_AND_ORGANIZATION_ASSIGNMENT ( #2217, #319, ( #1569 ) ) ;
#779 = LINE ( 'NONE', #1801, #2212 ) ;
#780 = VERTEX_POINT ( 'NONE', #2160 ) ;
#781 = CARTESIAN_POINT ( 'NONE',  ( -4.862693304105362380, 25.99999999999998934, 3.299999999999998934 ) ) ;
#782 = ORIENTED_EDGE ( 'NONE', *, *, #221, .T. ) ;
#783 = AXIS2_PLACEMENT_3D ( 'NONE', #2119, #66, #740 ) ;
#784 = CARTESIAN_POINT ( 'NONE',  ( -12.13730669589463318, 25.99999999999998224, 1.199999999999998845 ) ) ;
#785 = EDGE_CURVE ( 'NONE', #118, #281, #620, .T. ) ;
#786 = LINE ( 'NONE', #1606, #1794 ) ;
#787 = EDGE_LOOP ( 'NONE', ( #1055, #1148 ) ) ;
#788 = ORIENTED_EDGE ( 'NONE', *, *, #1411, .T. ) ;
#789 = CARTESIAN_POINT ( 'NONE',  ( -14.49999999999999822, -4.000000000000002665, 17.00000000000000000 ) ) ;
#790 = LINE ( 'NONE', #85, #1099 ) ;
#791 = FACE_BOUND ( 'NONE', #1066, .T. ) ;
#792 = DIRECTION ( 'NONE',  ( -1.000000000000000000, -9.538505388807385193E-16, -0.000000000000000000 ) ) ;
#793 = ORIENTED_EDGE ( 'NONE', *, *, #88, .F. ) ;
#794 = CARTESIAN_POINT ( 'NONE',  ( 4.862693304105361491, 0.9999999999999887867, 3.299999999999998934 ) ) ;
#795 = CARTESIAN_POINT ( 'NONE',  ( 19.20000000000000284, -4.000000000000002665, 17.00000000000000000 ) ) ;
#796 = VERTEX_POINT ( 'NONE', #1312 ) ;
#797 = EDGE_LOOP ( 'NONE', ( #1874, #1362, #877, #1888 ) ) ;
#798 = EDGE_CURVE ( 'NONE', #831, #1941, #2002, .T. ) ;
#799 = CARTESIAN_POINT ( 'NONE',  ( -14.26446609406733224, 19.60567665394475156, 3.299999999999999822 ) ) ;
#800 = UNCERTAINTY_MEASURE_WITH_UNIT (LENGTH_MEASURE( 1.000000000000000082E-05 ), #1876, 'distance_accuracy_value', 'NONE');
#801 = APPROVAL_STATUS ( 'not_yet_approved' ) ;
#802 = EDGE_CURVE ( 'NONE', #550, #1332, #1950, .T. ) ;
#803 = DIRECTION ( 'NONE',  ( -0.4999999999999994449, 0.8660254037844389297, 0.000000000000000000 ) ) ;
#804 = PLANE ( 'NONE',  #1776 ) ;
#805 = AXIS2_PLACEMENT_3D ( 'NONE', #4, #1337, #655 ) ;
#806 = EDGE_LOOP ( 'NONE', ( #2177, #2009, #1900, #2046 ) ) ;
#807 = DIRECTION ( 'NONE',  ( 3.576939520802758847E-16, -1.000000000000000000, 0.000000000000000000 ) ) ;
#808 = CARTESIAN_POINT ( 'NONE',  ( -6.899999999999984368, 25.99999999999999289, 0.09999999999999853451 ) ) ;
#809 = ORIENTED_EDGE ( 'NONE', *, *, #673, .T. ) ;
#810 = ORIENTED_EDGE ( 'NONE', *, *, #979, .T. ) ;
#811 = EDGE_CURVE ( 'NONE', #334, #475, #1603, .T. ) ;
#812 = DIRECTION ( 'NONE',  ( -1.000000000000000000, -0.000000000000000000, -0.000000000000000000 ) ) ;
#813 = PERSON_AND_ORGANIZATION ( #938, #415 ) ;
#814 = CIRCLE ( 'NONE', #1964, 2.499999999999998668 ) ;
#815 = DIRECTION ( 'NONE',  ( 0.000000000000000000, 1.000000000000000000, -1.196361017915035049E-16 ) ) ;
#816 = AXIS2_PLACEMENT_3D ( 'NONE', #63, #730, #31 ) ;
#817 = PLANE ( 'NONE',  #2062 ) ;
#818 = ORIENTED_EDGE ( 'NONE', *, *, #860, .F. ) ;
#819 = CARTESIAN_POINT ( 'NONE',  ( -10.96446609406727468, -101.4999999999999858, 1.734723475976807094E-15 ) ) ;
#820 = CARTESIAN_POINT ( 'NONE',  ( -17.00000000000000000, -4.000000000000001776, 13.25000000000000178 ) ) ;
#821 = ORIENTED_EDGE ( 'NONE', *, *, #186, .T. ) ;
#822 = ORIENTED_EDGE ( 'NONE', *, *, #690, .T. ) ;
#823 = AXIS2_PLACEMENT_3D ( 'NONE', #1647, #2164, #1280 ) ;
#824 = VECTOR ( 'NONE', #1374, 1000.000000000000114 ) ;
#825 = CARTESIAN_POINT ( 'NONE',  ( -14.50000000000001243, 7.099999999999998757, 4.299999999999999822 ) ) ;
#826 = ORIENTED_EDGE ( 'NONE', *, *, #1323, .F. ) ;
#827 = DATE_AND_TIME ( #1688, #1283 ) ;
#828 = DIRECTION ( 'NONE',  ( 0.000000000000000000, 0.000000000000000000, -1.000000000000000000 ) ) ;
#829 = ADVANCED_FACE ( 'NONE', ( #238, #644 ), #817, .T. ) ;
#830 = CARTESIAN_POINT ( 'NONE',  ( 14.26446609406724697, 19.36724239470405351, 3.299999999999998934 ) ) ;
#831 = VERTEX_POINT ( 'NONE', #1152 ) ;
#832 = DIRECTION ( 'NONE',  ( 0.000000000000000000, 0.7761140001162654123, -0.6305926250944658973 ) ) ;
#833 = EDGE_CURVE ( 'NONE', #632, #1011, #50, .T. ) ;
#834 = DIRECTION ( 'NONE',  ( 0.000000000000000000, 0.7761140001162656343, -0.6305926250944654532 ) ) ;
#835 = VERTEX_POINT ( 'NONE', #976 ) ;
#836 = ORIENTED_EDGE ( 'NONE', *, *, #531, .F. ) ;
#837 = ORIENTED_EDGE ( 'NONE', *, *, #669, .T. ) ;
#838 = DATE_TIME_ROLE ( 'creation_date' ) ;
#839 = CARTESIAN_POINT ( 'NONE',  ( 2.566048165876060771, -9.000000000000007105, 1.076724916123532160E-15 ) ) ;
#840 = VECTOR ( 'NONE', #1774, 1000.000000000000000 ) ;
#841 = CARTESIAN_POINT ( 'NONE',  ( -14.50000000000001243, 36.00000000000000000, 0.09999999999999939493 ) ) ;
#842 = EDGE_CURVE ( 'NONE', #177, #930, #153, .T. ) ;
#843 = EDGE_LOOP ( 'NONE', ( #1895, #1485, #464, #714 ) ) ;
#844 = CARTESIAN_POINT ( 'NONE',  ( -14.50000000000001243, 36.00000000000000000, 3.299999999999997158 ) ) ;
#845 = CARTESIAN_POINT ( 'NONE',  ( 17.00000000000000000, -4.000000000000002665, 14.50000000000000178 ) ) ;
#846 = EDGE_LOOP ( 'NONE', ( #362, #72, #1514, #1791 ) ) ;
#847 = ORIENTED_EDGE ( 'NONE', *, *, #1056, .F. ) ;
#848 = PERSON_AND_ORGANIZATION ( #938, #415 ) ;
#849 = AXIS2_PLACEMENT_3D ( 'NONE', #84, #949, #2021 ) ;
#850 = DIRECTION ( 'NONE',  ( -0.000000000000000000, -0.000000000000000000, 1.000000000000000000 ) ) ;
#851 = CIRCLE ( 'NONE', #1682, 5.000000000000000888 ) ;
#852 = VECTOR ( 'NONE', #668, 1000.000000000000000 ) ;
#853 = CARTESIAN_POINT ( 'NONE',  ( -14.26446609406731270, 7.099999999999998757, 3.299999999999998934 ) ) ;
#854 = EDGE_LOOP ( 'NONE', ( #1361, #1372, #1029, #744 ) ) ;
#855 = LOCAL_TIME ( 20, 9, 4.000000000000000000, #134 ) ;
#856 = DIRECTION ( 'NONE',  ( -1.000000000000000000, 2.384626347201837917E-16, 0.000000000000000000 ) ) ;
#857 = DIRECTION ( 'NONE',  ( -1.000000000000000000, -0.000000000000000000, -0.000000000000000000 ) ) ;
#858 = VERTEX_POINT ( 'NONE', #841 ) ;
#859 = VECTOR ( 'NONE', #266, 1000.000000000000114 ) ;
#860 = EDGE_CURVE ( 'NONE', #1996, #465, #1015, .T. ) ;
#861 = VECTOR ( 'NONE', #416, 1000.000000000000000 ) ;
#862 = APPROVAL_DATE_TIME ( #1710, #130 ) ;
#863 = VECTOR ( 'NONE', #117, 1000.000000000000000 ) ;
#864 = ADVANCED_FACE ( 'NONE', ( #299 ), #2048, .F. ) ;
#865 = DIRECTION ( 'NONE',  ( 0.4999999999999998890, 0.8660254037844387076, 0.000000000000000000 ) ) ;
#866 = ORIENTED_EDGE ( 'NONE', *, *, #1608, .F. ) ;
#867 = DIRECTION ( 'NONE',  ( 0.000000000000000000, 0.000000000000000000, 1.000000000000000000 ) ) ;
#868 = PLANE ( 'NONE',  #1377 ) ;
#869 = ORIENTED_EDGE ( 'NONE', *, *, #2001, .F. ) ;
#870 = ORIENTED_EDGE ( 'NONE', *, *, #2226, .T. ) ;
#871 = ADVANCED_FACE ( 'NONE', ( #137 ), #804, .F. ) ;
#872 = DIRECTION ( 'NONE',  ( 1.133005909932339638E-16, -0.7761140001162656343, 0.6305926250944655642 ) ) ;
#873 = ORIENTED_EDGE ( 'NONE', *, *, #541, .T. ) ;
#874 = DIRECTION ( 'NONE',  ( 0.000000000000000000, 0.000000000000000000, 1.000000000000000000 ) ) ;
#875 = AXIS2_PLACEMENT_3D ( 'NONE', #2110, #1628, #1965 ) ;
#876 = CARTESIAN_POINT ( 'NONE',  ( -4.862693304105362380, 25.99999999999998934, 1.199999999999998845 ) ) ;
#877 = ORIENTED_EDGE ( 'NONE', *, *, #1593, .F. ) ;
#878 = ORIENTED_EDGE ( 'NONE', *, *, #358, .F. ) ;
#879 = VERTEX_POINT ( 'NONE', #1537 ) ;
#880 = ORIENTED_EDGE ( 'NONE', *, *, #833, .F. ) ;
#881 = CARTESIAN_POINT ( 'NONE',  ( -6.681346652052678969, 29.14999999999998082, 1.199999999999998845 ) ) ;
#882 = ADVANCED_FACE ( 'NONE', ( #1360 ), #1190, .F. ) ;
#883 = ORIENTED_EDGE ( 'NONE', *, *, #506, .F. ) ;
#884 = DIRECTION ( 'NONE',  ( 0.000000000000000000, -3.469446951953614189E-15, 1.000000000000000000 ) ) ;
#885 = VECTOR ( 'NONE', #1754, 1000.000000000000000 ) ;
#886 = LINE ( 'NONE', #1573, #1408 ) ;
#887 = AXIS2_PLACEMENT_3D ( 'NONE', #1945, #962, #1797 ) ;
#888 = ORIENTED_EDGE ( 'NONE', *, *, #1852, .T. ) ;
#889 = ORIENTED_EDGE ( 'NONE', *, *, #1658, .F. ) ;
#890 = CYLINDRICAL_SURFACE ( 'NONE', #1860, 10.00000000000000000 ) ;
#891 = AXIS2_PLACEMENT_3D ( 'NONE', #424, #575, #918 ) ;
#892 = DIRECTION ( 'NONE',  ( 0.4999999999999998890, -0.8660254037844385966, 0.000000000000000000 ) ) ;
#893 = EDGE_LOOP ( 'NONE', ( #1007, #1038, #347, #2076 ) ) ;
#894 = FACE_OUTER_BOUND ( 'NONE', #652, .T. ) ;
#895 = EDGE_CURVE ( 'NONE', #919, #2061, #2015, .T. ) ;
#896 = CARTESIAN_POINT ( 'NONE',  ( -12.13730669589463851, 0.9999999999999850120, 3.299999999999998934 ) ) ;
#897 = ORIENTED_EDGE ( 'NONE', *, *, #726, .F. ) ;
#898 = ADVANCED_FACE ( 'NONE', ( #2024 ), #508, .F. ) ;
#899 = VERTEX_POINT ( 'NONE', #163 ) ;
#900 = FACE_OUTER_BOUND ( 'NONE', #126, .T. ) ;
#901 = FACE_OUTER_BOUND ( 'NONE', #209, .T. ) ;
#902 = FACE_OUTER_BOUND ( 'NONE', #1813, .T. ) ;
#903 = DIRECTION ( 'NONE',  ( 0.000000000000000000, 0.000000000000000000, -1.000000000000000000 ) ) ;
#904 = EDGE_CURVE ( 'NONE', #1958, #1179, #1879, .T. ) ;
#905 = FACE_BOUND ( 'NONE', #1343, .T. ) ;
#906 = VERTEX_POINT ( 'NONE', #481 ) ;
#907 = DIRECTION ( 'NONE',  ( 1.000000000000000000, 0.000000000000000000, 0.000000000000000000 ) ) ;
#908 = ORIENTED_EDGE ( 'NONE', *, *, #1113, .F. ) ;
#909 = LINE ( 'NONE', #1434, #2140 ) ;
#910 = CARTESIAN_POINT ( 'NONE',  ( 6.681346652052684298, 22.84999999999999076, 1.199999999999998845 ) ) ;
#911 = ORIENTED_EDGE ( 'NONE', *, *, #195, .F. ) ;
#912 = LINE ( 'NONE', #2144, #1246 ) ;
#913 = CARTESIAN_POINT ( 'NONE',  ( 6.899999999999989697, 0.9999999999999893419, 1.199999999999998845 ) ) ;
#914 = DIRECTION ( 'NONE',  ( 0.5000000000000002220, -0.8660254037844384856, 0.000000000000000000 ) ) ;
#915 = ORIENTED_EDGE ( 'NONE', *, *, #2170, .F. ) ;
#916 = APPROVAL ( #1490, 'UNSPECIFIED' ) ;
#917 = CIRCLE ( 'NONE', #346, 1.000000000000000000 ) ;
#918 = DIRECTION ( 'NONE',  ( 0.7071067811865511255, 0.000000000000000000, -0.7071067811865440200 ) ) ;
#919 = VERTEX_POINT ( 'NONE', #1165 ) ;
#920 = VECTOR ( 'NONE', #1138, 1000.000000000000000 ) ;
#921 = EDGE_CURVE ( 'NONE', #328, #2061, #1506, .T. ) ;
#922 = EDGE_CURVE ( 'NONE', #991, #1266, #1742, .T. ) ;
#923 = CARTESIAN_POINT ( 'NONE',  ( 10.31865334794732725, 4.149999999999987921, 1.199999999999998845 ) ) ;
#924 = DIRECTION ( 'NONE',  ( -1.000000000000000000, -4.769252694403675833E-16, 0.000000000000000000 ) ) ;
#925 = ADVANCED_FACE ( 'NONE', ( #2196 ), #710, .F. ) ;
#926 = FACE_OUTER_BOUND ( 'NONE', #1019, .T. ) ;
#927 = CARTESIAN_POINT ( 'NONE',  ( -14.50000000000001243, 31.93846153846154223, 3.299999999999998934 ) ) ;
#928 = AXIS2_PLACEMENT_3D ( 'NONE', #446, #687, #1168 ) ;
#929 = CARTESIAN_POINT ( 'NONE',  ( -14.49999999999999645, 14.09507540581451934, 17.79775123277570970 ) ) ;
#930 = VERTEX_POINT ( 'NONE', #494 ) ;
#931 = AXIS2_PLACEMENT_3D ( 'NONE', #1035, #1540, #1202 ) ;
#932 = DIRECTION ( 'NONE',  ( -1.000000000000000000, -0.000000000000000000, -0.000000000000000000 ) ) ;
#933 = CARTESIAN_POINT ( 'NONE',  ( 8.500000000000001776, 25.99999999999999645, 1.199999999999998845 ) ) ;
#934 = ORIENTED_EDGE ( 'NONE', *, *, #1391, .F. ) ;
#935 = ORIENTED_EDGE ( 'NONE', *, *, #1702, .F. ) ;
#936 = DIRECTION ( 'NONE',  ( -1.000000000000000000, 0.000000000000000000, 0.000000000000000000 ) ) ;
#937 = FACE_OUTER_BOUND ( 'NONE', #672, .T. ) ;
#938 = PERSON ( 'UNSPECIFIED', 'UNSPECIFIED', 'UNSPECIFIED', ('UNSPECIFIED'), ('UNSPECIFIED'), ('UNSPECIFIED') ) ;
#939 = DIRECTION ( 'NONE',  ( 1.495936862262169363E-16, 0.7761140001162656343, -0.6305926250944655642 ) ) ;
#940 = CARTESIAN_POINT ( 'NONE',  ( -14.60000000000002629, -101.4999999999999858, 0.09999999999999939493 ) ) ;
#941 = CARTESIAN_POINT ( 'NONE',  ( -14.50000000000001243, 7.099999999999998757, 3.299999999999998934 ) ) ;
#942 = ORIENTED_EDGE ( 'NONE', *, *, #691, .F. ) ;
#943 = CARTESIAN_POINT ( 'NONE',  ( -6.681346652052675417, 4.149999999999987033, 3.299999999999998934 ) ) ;
#944 = CARTESIAN_POINT ( 'NONE',  ( -10.10000000000001208, 0.9999999999999872324, 3.299999999999998934 ) ) ;
#945 = CARTESIAN_POINT ( 'NONE',  ( -12.13730669589463851, 0.9999999999999850120, 1.199999999999998845 ) ) ;
#946 = ORIENTED_EDGE ( 'NONE', *, *, #1593, .T. ) ;
#947 = ORIENTED_EDGE ( 'NONE', *, *, #728, .F. ) ;
#948 = VECTOR ( 'NONE', #443, 1000.000000000000000 ) ;
#949 = DIRECTION ( 'NONE',  ( -0.000000000000000000, -0.000000000000000000, 1.000000000000000000 ) ) ;
#950 = PLANE ( 'NONE',  #205 ) ;
#951 = CYLINDRICAL_SURFACE ( 'NONE', #1505, 1.000000000000000000 ) ;
#952 = DIRECTION ( 'NONE',  ( -0.000000000000000000, -0.000000000000000000, 1.000000000000000000 ) ) ;
#953 = EDGE_CURVE ( 'NONE', #1461, #1523, #1178, .T. ) ;
#954 = CARTESIAN_POINT ( 'NONE',  ( 0.000000000000000000, 0.000000000000000000, 1.199999999999998845 ) ) ;
#955 = ORIENTED_EDGE ( 'NONE', *, *, #1902, .T. ) ;
#956 = CARTESIAN_POINT ( 'NONE',  ( -4.862693304105352610, 0.9999999999999876765, 1.199999999999998845 ) ) ;
#957 = LINE ( 'NONE', #104, #2082 ) ;
#958 = CYLINDRICAL_SURFACE ( 'NONE', #423, 5.000000000000000888 ) ;
#959 = ORIENTED_EDGE ( 'NONE', *, *, #1988, .T. ) ;
#960 = VECTOR ( 'NONE', #1126, 1000.000000000000000 ) ;
#961 = LINE ( 'NONE', #1997, #1208 ) ;
#962 = DIRECTION ( 'NONE',  ( -1.000000000000000000, 0.000000000000000000, 0.000000000000000000 ) ) ;
#963 = CARTESIAN_POINT ( 'NONE',  ( 2.566048165876060771, -9.000000000000005329, 17.00000000000000000 ) ) ;
#964 = CARTESIAN_POINT ( 'NONE',  ( 6.681346652052680746, 29.14999999999998082, 3.299999999999998934 ) ) ;
#965 = EDGE_CURVE ( 'NONE', #385, #409, #1235, .T. ) ;
#966 = ORIENTED_EDGE ( 'NONE', *, *, #995, .T. ) ;
#967 = DIRECTION ( 'NONE',  ( 1.000000000000000000, -0.000000000000000000, 0.000000000000000000 ) ) ;
#968 = CIRCLE ( 'NONE', #5, 2.499999999999998668 ) ;
#969 = PLANE ( 'NONE',  #242 ) ;
#970 = VECTOR ( 'NONE', #2222, 1000.000000000000000 ) ;
#971 = ORIENTED_EDGE ( 'NONE', *, *, #682, .T. ) ;
#972 = EDGE_CURVE ( 'NONE', #1698, #1922, #387, .T. ) ;
#973 = ORIENTED_EDGE ( 'NONE', *, *, #233, .F. ) ;
#974 = CARTESIAN_POINT ( 'NONE',  ( 6.681346652052682522, 4.149999999999988809, 3.299999999999998934 ) ) ;
#975 = LINE ( 'NONE', #1800, #1602 ) ;
#976 = CARTESIAN_POINT ( 'NONE',  ( -10.31865334794731304, 29.14999999999998082, 3.299999999999998934 ) ) ;
#977 = VERTEX_POINT ( 'NONE', #1768 ) ;
#978 = CARTESIAN_POINT ( 'NONE',  ( -10.31865334794731659, -2.150000000000013678, 3.299999999999998934 ) ) ;
#979 = EDGE_CURVE ( 'NONE', #1778, #1334, #49, .T. ) ;
#980 = CARTESIAN_POINT ( 'NONE',  ( -6.681346652052678969, 29.14999999999998082, 3.299999999999998934 ) ) ;
#981 = ORIENTED_EDGE ( 'NONE', *, *, #1093, .T. ) ;
#982 = VERTEX_POINT ( 'NONE', #1748 ) ;
#983 = CARTESIAN_POINT ( 'NONE',  ( -10.10000000000001386, 25.99999999999999289, 0.09999999999999853451 ) ) ;
#984 = APPLICATION_PROTOCOL_DEFINITION ( 'international standard', 'config_control_design', 1994, #2151 ) ;
#985 = DIRECTION ( 'NONE',  ( -0.8660254037844390407, 0.4999999999999995004, 0.000000000000000000 ) ) ;
#986 = CARTESIAN_POINT ( 'NONE',  ( -6.681346652052680746, 22.84999999999999076, 3.299999999999998934 ) ) ;
#987 = ORIENTED_EDGE ( 'NONE', *, *, #1329, .F. ) ;
#988 = DIRECTION ( 'NONE',  ( -0.8660254037844385966, -0.5000000000000003331, 0.000000000000000000 ) ) ;
#989 = DIRECTION ( 'NONE',  ( -0.000000000000000000, -0.000000000000000000, 1.000000000000000000 ) ) ;
#990 = AXIS2_PLACEMENT_3D ( 'NONE', #666, #1349, #2038 ) ;
#991 = VERTEX_POINT ( 'NONE', #1935 ) ;
#992 = ORIENTED_EDGE ( 'NONE', *, *, #1439, .T. ) ;
#993 = CARTESIAN_POINT ( 'NONE',  ( -6.899999999999984368, 25.99999999999999289, 3.299999999999998934 ) ) ;
#994 = ORIENTED_EDGE ( 'NONE', *, *, #178, .T. ) ;
#995 = EDGE_CURVE ( 'NONE', #1778, #1736, #729, .T. ) ;
#996 = EDGE_CURVE ( 'NONE', #1972, #9, #1256, .T. ) ;
#997 =( NAMED_UNIT ( * ) SI_UNIT ( $, .STERADIAN. ) SOLID_ANGLE_UNIT ( ) );
#998 = AXIS2_PLACEMENT_3D ( 'NONE', #1821, #1962, #803 ) ;
#999 = EDGE_CURVE ( 'NONE', #1334, #1992, #1075, .T. ) ;
#1000 = DIRECTION ( 'NONE',  ( 1.000000000000000000, 0.000000000000000000, 0.000000000000000000 ) ) ;
#1001 = CC_DESIGN_APPROVAL ( #916, ( #2107 ) ) ;
#1002 = DIRECTION ( 'NONE',  ( 1.000000000000000000, -0.000000000000000000, 0.000000000000000000 ) ) ;
#1003 = ORIENTED_EDGE ( 'NONE', *, *, #1658, .T. ) ;
#1004 = FACE_OUTER_BOUND ( 'NONE', #1981, .T. ) ;
#1005 = CARTESIAN_POINT ( 'NONE',  ( -12.13730669589463851, 0.9999999999999850120, 1.199999999999998845 ) ) ;
#1006 = VERTEX_POINT ( 'NONE', #206 ) ;
#1007 = ORIENTED_EDGE ( 'NONE', *, *, #2170, .T. ) ;
#1008 = CIRCLE ( 'NONE', #35, 1.600000000000014522 ) ;
#1009 = VECTOR ( 'NONE', #1482, 1000.000000000000114 ) ;
#1010 = AXIS2_PLACEMENT_3D ( 'NONE', #1027, #1716, #1873 ) ;
#1011 = VERTEX_POINT ( 'NONE', #1100 ) ;
#1012 = APPROVAL_STATUS ( 'not_yet_approved' ) ;
#1013 = ADVANCED_FACE ( 'NONE', ( #1447 ), #890, .T. ) ;
#1014 = DIRECTION ( 'NONE',  ( 1.000000000000000000, 0.000000000000000000, 0.000000000000000000 ) ) ;
#1015 = LINE ( 'NONE', #986, #1849 ) ;
#1016 = VERTEX_POINT ( 'NONE', #1959 ) ;
#1017 = CARTESIAN_POINT ( 'NONE',  ( 4.862693304105361491, 0.9999999999999887867, 1.199999999999998845 ) ) ;
#1018 = LINE ( 'NONE', #1707, #366 ) ;
#1019 = EDGE_LOOP ( 'NONE', ( #93, #934, #1410, #1110 ) ) ;
#1020 = EDGE_LOOP ( 'NONE', ( #471, #1173, #1854, #1382 ) ) ;
#1021 = CARTESIAN_POINT ( 'NONE',  ( 17.00000000000000000, -9.000000000000007105, 2.500000000000017764 ) ) ;
#1022 = AXIS2_PLACEMENT_3D ( 'NONE', #1812, #1470, #1641 ) ;
#1023 = DIRECTION ( 'NONE',  ( 1.000000000000000000, 0.000000000000000000, 0.000000000000000000 ) ) ;
#1024 = ORIENTED_EDGE ( 'NONE', *, *, #358, .T. ) ;
#1025 = CARTESIAN_POINT ( 'NONE',  ( -17.00000000000000000, -4.000000000000002665, 17.00000000000000000 ) ) ;
#1026 = EDGE_CURVE ( 'NONE', #177, #899, #2094, .T. ) ;
#1027 = CARTESIAN_POINT ( 'NONE',  ( -8.499999999999996447, 0.9999999999999870104, 3.299999999999998934 ) ) ;
#1028 = EDGE_LOOP ( 'NONE', ( #1201, #1957, #2070, #474 ) ) ;
#1029 = ORIENTED_EDGE ( 'NONE', *, *, #247, .F. ) ;
#1030 = VECTOR ( 'NONE', #1758, 1000.000000000000000 ) ;
#1031 = DIRECTION ( 'NONE',  ( -0.000000000000000000, -0.000000000000000000, 1.000000000000000000 ) ) ;
#1032 = VECTOR ( 'NONE', #1177, 1000.000000000000000 ) ;
#1033 = VERTEX_POINT ( 'NONE', #761 ) ;
#1034 = VECTOR ( 'NONE', #370, 1000.000000000000000 ) ;
#1035 = CARTESIAN_POINT ( 'NONE',  ( -8.499999999999998224, 25.99999999999999289, 0.09999999999999853451 ) ) ;
#1036 = EDGE_CURVE ( 'NONE', #185, #1191, #411, .T. ) ;
#1037 = FACE_OUTER_BOUND ( 'NONE', #1723, .T. ) ;
#1038 = ORIENTED_EDGE ( 'NONE', *, *, #1157, .F. ) ;
#1039 = ADVANCED_FACE ( 'NONE', ( #900 ), #369, .F. ) ;
#1040 = VECTOR ( 'NONE', #98, 1000.000000000000114 ) ;
#1041 = ORIENTED_EDGE ( 'NONE', *, *, #1113, .T. ) ;
#1042 = AXIS2_PLACEMENT_3D ( 'NONE', #795, #1147, #1305 ) ;
#1043 = CYLINDRICAL_SURFACE ( 'NONE', #816, 3.750000000000000000 ) ;
#1044 = VERTEX_POINT ( 'NONE', #1404 ) ;
#1045 = DIRECTION ( 'NONE',  ( 0.000000000000000000, 0.000000000000000000, 1.000000000000000000 ) ) ;
#1046 = FACE_OUTER_BOUND ( 'NONE', #114, .T. ) ;
#1047 = VERTEX_POINT ( 'NONE', #923 ) ;
#1048 = EDGE_CURVE ( 'NONE', #277, #328, #1423, .T. ) ;
#1049 = ADVANCED_FACE ( 'NONE', ( #1944 ), #398, .F. ) ;
#1050 = CARTESIAN_POINT ( 'NONE',  ( -14.26446609406730381, -9.000000000000007105, 3.299999999999995381 ) ) ;
#1051 = ORIENTED_EDGE ( 'NONE', *, *, #1387, .T. ) ;
#1052 = FACE_BOUND ( 'NONE', #10, .T. ) ;
#1053 = FACE_BOUND ( 'NONE', #1905, .T. ) ;
#1054 = EDGE_LOOP ( 'NONE', ( #1303, #169, #2188, #810 ) ) ;
#1055 = ORIENTED_EDGE ( 'NONE', *, *, #1913, .T. ) ;
#1056 = EDGE_CURVE ( 'NONE', #129, #2221, #909, .T. ) ;
#1057 = CARTESIAN_POINT ( 'NONE',  ( -10.96446609406727468, -101.4999999999999858, 1.734723475976807094E-15 ) ) ;
#1058 = CARTESIAN_POINT ( 'NONE',  ( 14.26446609406724697, 19.36724239470405351, 3.299999999999998934 ) ) ;
#1059 = EDGE_CURVE ( 'NONE', #144, #425, #1597, .T. ) ;
#1060 = ORIENTED_EDGE ( 'NONE', *, *, #2152, .T. ) ;
#1061 = DIRECTION ( 'NONE',  ( -1.000000000000000000, 0.000000000000000000, 0.000000000000000000 ) ) ;
#1062 = AXIS2_PLACEMENT_3D ( 'NONE', #516, #985, #1516 ) ;
#1063 = DIRECTION ( 'NONE',  ( -9.538505388807385193E-16, 1.000000000000000000, 0.000000000000000000 ) ) ;
#1064 = AXIS2_PLACEMENT_3D ( 'NONE', #1733, #1207, #1936 ) ;
#1065 = ORIENTED_EDGE ( 'NONE', *, *, #515, .T. ) ;
#1066 = EDGE_LOOP ( 'NONE', ( #547, #809 ) ) ;
#1067 = CARTESIAN_POINT ( 'NONE',  ( -17.00000000000000000, 7.789149154869865477, 10.03661123161305113 ) ) ;
#1068 = LINE ( 'NONE', #1236, #1645 ) ;
#1069 = EDGE_CURVE ( 'NONE', #1332, #47, #1087, .T. ) ;
#1070 = CARTESIAN_POINT ( 'NONE',  ( 4.862693304105363268, 25.99999999999998934, 3.299999999999998934 ) ) ;
#1071 = CARTESIAN_POINT ( 'NONE',  ( 14.26446609406724697, -21.50000000000001066, 3.299999999999998934 ) ) ;
#1072 = PLANE ( 'NONE',  #1631 ) ;
#1073 = ORIENTED_EDGE ( 'NONE', *, *, #1533, .F. ) ;
#1074 = ORIENTED_EDGE ( 'NONE', *, *, #922, .F. ) ;
#1075 = LINE ( 'NONE', #234, #308 ) ;
#1076 = DIRECTION ( 'NONE',  ( -0.4999999999999998890, -0.8660254037844385966, -0.000000000000000000 ) ) ;
#1077 = VERTEX_POINT ( 'NONE', #1268 ) ;
#1078 = CARTESIAN_POINT ( 'NONE',  ( 17.00000000000000000, 32.92307692307690559, 2.500000000000017764 ) ) ;
#1079 = DIRECTION ( 'NONE',  ( 0.000000000000000000, 0.000000000000000000, -1.000000000000000000 ) ) ;
#1080 = FACE_BOUND ( 'NONE', #1243, .T. ) ;
#1081 = ADVANCED_FACE ( 'NONE', ( #1611 ), #2127, .F. ) ;
#1082 = ORIENTED_EDGE ( 'NONE', *, *, #1502, .T. ) ;
#1083 = EDGE_CURVE ( 'NONE', #2053, #1941, #2010, .T. ) ;
#1084 = CARTESIAN_POINT ( 'NONE',  ( -10.31865334794731837, 22.84999999999999076, 3.299999999999998934 ) ) ;
#1085 = EDGE_CURVE ( 'NONE', #426, #1011, #476, .T. ) ;
#1086 = ORIENTED_EDGE ( 'NONE', *, *, #531, .T. ) ;
#1087 = LINE ( 'NONE', #60, #406 ) ;
#1088 = LINE ( 'NONE', #400, #563 ) ;
#1089 = LINE ( 'NONE', #1782, #1142 ) ;
#1090 = CARTESIAN_POINT ( 'NONE',  ( -14.49999999999999822, 20.36724239470406062, 3.299999999999998934 ) ) ;
#1091 = DIRECTION ( 'NONE',  ( 0.000000000000000000, 0.000000000000000000, 1.000000000000000000 ) ) ;
#1092 = ORIENTED_EDGE ( 'NONE', *, *, #1792, .T. ) ;
#1093 = EDGE_CURVE ( 'NONE', #1910, #1179, #2072, .T. ) ;
#1094 = AXIS2_PLACEMENT_3D ( 'NONE', #789, #1830, #1635 ) ;
#1095 = AXIS2_PLACEMENT_3D ( 'NONE', #1322, #2000, #1288 ) ;
#1096 = CARTESIAN_POINT ( 'NONE',  ( -14.50000000000001243, 36.00000000000000000, 49.52769732530489222 ) ) ;
#1097 = CARTESIAN_POINT ( 'NONE',  ( 10.31865334794732725, -2.150000000000011458, 1.199999999999998845 ) ) ;
#1098 = ORIENTED_EDGE ( 'NONE', *, *, #430, .F. ) ;
#1099 = VECTOR ( 'NONE', #1977, 1000.000000000000000 ) ;
#1100 = CARTESIAN_POINT ( 'NONE',  ( -6.899999999999984368, 25.99999999999999289, 1.199999999999998845 ) ) ;
#1101 = CARTESIAN_POINT ( 'NONE',  ( 8.500000000000003553, 0.9999999999999892308, 3.299999999999998934 ) ) ;
#1102 = PLANE ( 'NONE',  #1974 ) ;
#1103 = LINE ( 'NONE', #641, #960 ) ;
#1104 = AXIS2_PLACEMENT_3D ( 'NONE', #473, #989, #2200 ) ;
#1105 = FACE_OUTER_BOUND ( 'NONE', #656, .T. ) ;
#1106 = ORIENTED_EDGE ( 'NONE', *, *, #658, .F. ) ;
#1107 = CARTESIAN_POINT ( 'NONE',  ( 25.00067340067337796, 23.07609427609424557, 10.50067340067342236 ) ) ;
#1108 = DIRECTION ( 'NONE',  ( -1.000000000000000000, -0.000000000000000000, -0.000000000000000000 ) ) ;
#1109 = LINE ( 'NONE', #1805, #1612 ) ;
#1110 = ORIENTED_EDGE ( 'NONE', *, *, #461, .T. ) ;
#1111 = CC_DESIGN_PERSON_AND_ORGANIZATION_ASSIGNMENT ( #1673, #2054, ( #1986 ) ) ;
#1112 = DIRECTION ( 'NONE',  ( 0.000000000000000000, 0.000000000000000000, -1.000000000000000000 ) ) ;
#1113 = EDGE_CURVE ( 'NONE', #199, #2173, #1672, .T. ) ;
#1114 = CARTESIAN_POINT ( 'NONE',  ( 17.00000000000000000, 19.16047058823528815, 13.68211764705882239 ) ) ;
#1115 = LINE ( 'NONE', #1625, #1610 ) ;
#1116 = LINE ( 'NONE', #2179, #640 ) ;
#1117 = DIRECTION ( 'NONE',  ( 1.000000000000000000, -1.192313173600918958E-16, -0.000000000000000000 ) ) ;
#1118 = ORIENTED_EDGE ( 'NONE', *, *, #195, .T. ) ;
#1119 = LINE ( 'NONE', #956, #1181 ) ;
#1120 = CARTESIAN_POINT ( 'NONE',  ( 14.26446609406724697, 19.60567665394477288, 3.299999999999999822 ) ) ;
#1121 = PLANE ( 'NONE',  #891 ) ;
#1122 = EDGE_LOOP ( 'NONE', ( #600, #1522, #300, #873 ) ) ;
#1123 = CARTESIAN_POINT ( 'NONE',  ( -14.49999999999999822, 7.789149154869865477, 10.03661123161305113 ) ) ;
#1124 = CARTESIAN_POINT ( 'NONE',  ( 6.681346652052680746, 29.14999999999998082, 1.199999999999998845 ) ) ;
#1125 = ADVANCED_FACE ( 'NONE', ( #651 ), #2178, .F. ) ;
#1126 = DIRECTION ( 'NONE',  ( 1.000000000000000000, 3.576939520802758847E-16, 0.000000000000000000 ) ) ;
#1127 = EDGE_CURVE ( 'NONE', #334, #1402, #637, .T. ) ;
#1128 = PLANE ( 'NONE',  #1886 ) ;
#1129 = ORIENTED_EDGE ( 'NONE', *, *, #357, .T. ) ;
#1130 = LINE ( 'NONE', #943, #505 ) ;
#1131 = DIRECTION ( 'NONE',  ( 0.4999999999999999445, -0.8660254037844385966, 0.000000000000000000 ) ) ;
#1132 = DIRECTION ( 'NONE',  ( -1.000000000000000000, -7.274564396012972384E-33, -6.080576253387761410E-17 ) ) ;
#1133 = ORIENTED_EDGE ( 'NONE', *, *, #750, .T. ) ;
#1134 = VECTOR ( 'NONE', #428, 1000.000000000000114 ) ;
#1135 = VECTOR ( 'NONE', #2, 1000.000000000000000 ) ;
#1136 = DIRECTION ( 'NONE',  ( 1.000000000000000000, 0.000000000000000000, 0.000000000000000000 ) ) ;
#1137 = AXIS2_PLACEMENT_3D ( 'NONE', #1478, #1269, #924 ) ;
#1138 = DIRECTION ( 'NONE',  ( -1.000000000000000000, -9.538505388807385193E-16, -0.000000000000000000 ) ) ;
#1139 = CARTESIAN_POINT ( 'NONE',  ( -4.862693304105362380, 25.99999999999998934, 1.199999999999998845 ) ) ;
#1140 = EDGE_CURVE ( 'NONE', #79, #1941, #283, .T. ) ;
#1141 = VECTOR ( 'NONE', #1472, 1000.000000000000000 ) ;
#1142 = VECTOR ( 'NONE', #236, 1000.000000000000227 ) ;
#1143 = DIRECTION ( 'NONE',  ( 0.4999999999999998890, 0.8660254037844387076, 0.000000000000000000 ) ) ;
#1144 = VERTEX_POINT ( 'NONE', #131 ) ;
#1145 = DIRECTION ( 'NONE',  ( 1.000000000000000000, -0.000000000000000000, 0.000000000000000000 ) ) ;
#1146 = CIRCLE ( 'NONE', #928, 1.600000000000014522 ) ;
#1147 = DIRECTION ( 'NONE',  ( -1.000000000000000000, -0.000000000000000000, -0.000000000000000000 ) ) ;
#1148 = ORIENTED_EDGE ( 'NONE', *, *, #1297, .T. ) ;
#1149 = ORIENTED_EDGE ( 'NONE', *, *, #1085, .F. ) ;
#1150 = CARTESIAN_POINT ( 'NONE',  ( 120.4999999999999716, 19.36724239470406062, 3.299999999999998934 ) ) ;
#1151 = LINE ( 'NONE', #1878, #97 ) ;
#1152 = CARTESIAN_POINT ( 'NONE',  ( 17.00000000000000000, -9.000000000000005329, 16.99999999999999645 ) ) ;
#1153 = VERTEX_POINT ( 'NONE', #983 ) ;
#1154 = LINE ( 'NONE', #435, #1464 ) ;
#1155 = ADVANCED_FACE ( 'NONE', ( #306 ), #440, .F. ) ;
#1156 = CARTESIAN_POINT ( 'NONE',  ( -17.00000000000000000, 11.99999999999999645, 19.49999999999999645 ) ) ;
#1157 = EDGE_CURVE ( 'NONE', #199, #831, #851, .T. ) ;
#1158 = ORIENTED_EDGE ( 'NONE', *, *, #1792, .F. ) ;
#1159 = ORIENTED_EDGE ( 'NONE', *, *, #1928, .T. ) ;
#1160 = EDGE_CURVE ( 'NONE', #1266, #694, #705, .T. ) ;
#1161 = CARTESIAN_POINT ( 'NONE',  ( -17.00000000000000000, -4.000000000000004441, 22.00000000000000711 ) ) ;
#1162 = PERSON_AND_ORGANIZATION_ROLE ( 'design_owner' ) ;
#1163 = CIRCLE ( 'NONE', #298, 1.600000000000014522 ) ;
#1164 = CARTESIAN_POINT ( 'NONE',  ( 0.000000000000000000, 0.000000000000000000, 1.199999999999998845 ) ) ;
#1165 = CARTESIAN_POINT ( 'NONE',  ( 14.49999999999999822, 19.36724239470405351, 3.299999999999998934 ) ) ;
#1166 = ORIENTED_EDGE ( 'NONE', *, *, #196, .T. ) ;
#1167 = FACE_OUTER_BOUND ( 'NONE', #1704, .T. ) ;
#1168 = DIRECTION ( 'NONE',  ( 1.000000000000000000, 0.000000000000000000, 0.000000000000000000 ) ) ;
#1169 = VECTOR ( 'NONE', #1577, 1000.000000000000000 ) ;
#1170 = ORIENTED_EDGE ( 'NONE', *, *, #2064, .T. ) ;
#1171 = ORIENTED_EDGE ( 'NONE', *, *, #1732, .F. ) ;
#1172 = ADVANCED_FACE ( 'NONE', ( #1477 ), #1500, .T. ) ;
#1173 = ORIENTED_EDGE ( 'NONE', *, *, #1999, .F. ) ;
#1174 = VECTOR ( 'NONE', #764, 1000.000000000000000 ) ;
#1175 = PERSON_AND_ORGANIZATION ( #938, #415 ) ;
#1176 = AXIS2_PLACEMENT_3D ( 'NONE', #441, #248, #1622 ) ;
#1177 = DIRECTION ( 'NONE',  ( 0.000000000000000000, -1.000000000000000000, 0.000000000000000000 ) ) ;
#1178 = LINE ( 'NONE', #1527, #2136 ) ;
#1179 = VERTEX_POINT ( 'NONE', #2139 ) ;
#1180 = DIRECTION ( 'NONE',  ( -1.000000000000000000, 0.000000000000000000, 0.000000000000000000 ) ) ;
#1181 = VECTOR ( 'NONE', #1456, 1000.000000000000114 ) ;
#1182 = CARTESIAN_POINT ( 'NONE',  ( -10.31865334794732014, 4.149999999999985256, 3.299999999999998934 ) ) ;
#1183 = ORIENTED_EDGE ( 'NONE', *, *, #1329, .T. ) ;
#1184 = CIRCLE ( 'NONE', #783, 1.600000000000014522 ) ;
#1185 = CC_DESIGN_PERSON_AND_ORGANIZATION_ASSIGNMENT ( #2022, #1855, ( #2107 ) ) ;
#1186 = ORIENTED_EDGE ( 'NONE', *, *, #336, .T. ) ;
#1187 = CALENDAR_DATE ( 2024, 7, 11 ) ;
#1188 = EDGE_CURVE ( 'NONE', #698, #17, #1963, .T. ) ;
#1189 = LINE ( 'NONE', #1690, #176 ) ;
#1190 = CYLINDRICAL_SURFACE ( 'NONE', #805, 1.600000000000014522 ) ;
#1191 = VERTEX_POINT ( 'NONE', #602 ) ;
#1192 = FACE_OUTER_BOUND ( 'NONE', #2089, .T. ) ;
#1193 = EDGE_LOOP ( 'NONE', ( #2100, #27, #157, #108, #1920, #1003 ) ) ;
#1194 = CARTESIAN_POINT ( 'NONE',  ( -14.60000000000002629, 35.87692307692307736, 0.09999999999999976963 ) ) ;
#1195 = ORIENTED_EDGE ( 'NONE', *, *, #456, .T. ) ;
#1196 = ORIENTED_EDGE ( 'NONE', *, *, #2027, .T. ) ;
#1197 = APPROVAL_DATE_TIME ( #1335, #916 ) ;
#1198 = PLANE ( 'NONE',  #1062 ) ;
#1199 = EDGE_CURVE ( 'NONE', #477, #213, #1284, .T. ) ;
#1200 = VECTOR ( 'NONE', #100, 1000.000000000000000 ) ;
#1201 = ORIENTED_EDGE ( 'NONE', *, *, #1036, .T. ) ;
#1202 = DIRECTION ( 'NONE',  ( 1.000000000000000000, 0.000000000000000000, 0.000000000000000000 ) ) ;
#1203 = EDGE_CURVE ( 'NONE', #9, #1575, #61, .T. ) ;
#1204 = DIRECTION ( 'NONE',  ( -1.000000000000000000, 2.384626347201837917E-16, -0.000000000000000000 ) ) ;
#1205 = ORIENTED_EDGE ( 'NONE', *, *, #842, .F. ) ;
#1206 = ORIENTED_EDGE ( 'NONE', *, *, #1731, .T. ) ;
#1207 = DIRECTION ( 'NONE',  ( -0.8660254037844387076, 0.4999999999999998890, 0.000000000000000000 ) ) ;
#1208 = VECTOR ( 'NONE', #1136, 1000.000000000000000 ) ;
#1209 = CIRCLE ( 'NONE', #272, 3.750000000000000000 ) ;
#1210 = EDGE_CURVE ( 'NONE', #482, #625, #961, .T. ) ;
#1211 = ORIENTED_EDGE ( 'NONE', *, *, #811, .F. ) ;
#1212 = DIRECTION ( 'NONE',  ( -0.7071067811865486830, 0.000000000000000000, 0.7071067811865464625 ) ) ;
#1213 = DIRECTION ( 'NONE',  ( -0.000000000000000000, -0.000000000000000000, 1.000000000000000000 ) ) ;
#1214 = EDGE_LOOP ( 'NONE', ( #1904, #987, #908, #1880, #2114 ) ) ;
#1215 = ORIENTED_EDGE ( 'NONE', *, *, #1222, .F. ) ;
#1216 = VECTOR ( 'NONE', #1848, 1000.000000000000000 ) ;
#1217 = CARTESIAN_POINT ( 'NONE',  ( -17.00000000000000000, -4.000000000000004441, 22.00000000000000711 ) ) ;
#1218 = EDGE_LOOP ( 'NONE', ( #2060, #123, #2090, #1399 ) ) ;
#1219 = FACE_OUTER_BOUND ( 'NONE', #304, .T. ) ;
#1220 = CARTESIAN_POINT ( 'NONE',  ( 6.681346652052680746, 29.14999999999998082, 1.199999999999998845 ) ) ;
#1221 = ORIENTED_EDGE ( 'NONE', *, *, #461, .F. ) ;
#1222 = EDGE_CURVE ( 'NONE', #1461, #594, #410, .T. ) ;
#1223 = ORIENTED_EDGE ( 'NONE', *, *, #196, .F. ) ;
#1224 = EDGE_CURVE ( 'NONE', #594, #499, #1661, .T. ) ;
#1225 = DIRECTION ( 'NONE',  ( 0.5000000000000000000, -0.8660254037844385966, -0.000000000000000000 ) ) ;
#1226 = DESIGN_CONTEXT ( 'detailed design', #500, 'design' ) ;
#1227 = CARTESIAN_POINT ( 'NONE',  ( 6.681346652052682522, -2.150000000000011458, 3.299999999999998934 ) ) ;
#1228 = EDGE_LOOP ( 'NONE', ( #1719, #1476, #1441, #1206, #1687, #502, #1255, #228, #897, #1378 ) ) ;
#1229 = CARTESIAN_POINT ( 'NONE',  ( 120.4999999999999716, 7.099999999999998757, 4.299999999999999822 ) ) ;
#1230 = AXIS2_PLACEMENT_3D ( 'NONE', #1654, #113, #433 ) ;
#1231 = DIRECTION ( 'NONE',  ( -0.4999999999999998890, 0.8660254037844387076, 0.000000000000000000 ) ) ;
#1232 = ORIENTED_EDGE ( 'NONE', *, *, #456, .F. ) ;
#1233 = ORIENTED_EDGE ( 'NONE', *, *, #457, .F. ) ;
#1234 = EDGE_CURVE ( 'NONE', #194, #2053, #488, .T. ) ;
#1235 = LINE ( 'NONE', #1586, #1169 ) ;
#1236 = CARTESIAN_POINT ( 'NONE',  ( 10.31865334794731304, 29.14999999999998437, 3.299999999999998934 ) ) ;
#1237 = CARTESIAN_POINT ( 'NONE',  ( -6.681346652052673640, -2.150000000000012790, 1.199999999999998845 ) ) ;
#1238 = CARTESIAN_POINT ( 'NONE',  ( -17.00000000000000000, -4.000000000000002665, 17.00000000000000000 ) ) ;
#1239 = AXIS2_PLACEMENT_3D ( 'NONE', #1238, #200, #226 ) ;
#1240 = DIRECTION ( 'NONE',  ( -0.8660254037844387076, 0.4999999999999998335, 0.000000000000000000 ) ) ;
#1241 = CIRCLE ( 'NONE', #1604, 1.600000000000014522 ) ;
#1242 = VERTEX_POINT ( 'NONE', #662 ) ;
#1243 = EDGE_LOOP ( 'NONE', ( #1282, #158, #869, #883, #1863, #1665 ) ) ;
#1244 = SHAPE_DEFINITION_REPRESENTATION ( #618, #29 ) ;
#1245 = CARTESIAN_POINT ( 'NONE',  ( 6.681346652052682522, -2.150000000000011013, 1.199999999999998845 ) ) ;
#1246 = VECTOR ( 'NONE', #431, 1000.000000000000000 ) ;
#1247 = CARTESIAN_POINT ( 'NONE',  ( -6.681346652052680746, 22.84999999999999076, 1.199999999999998845 ) ) ;
#1248 = EDGE_CURVE ( 'NONE', #252, #2190, #1345, .T. ) ;
#1249 = DIRECTION ( 'NONE',  ( -0.000000000000000000, -0.000000000000000000, 1.000000000000000000 ) ) ;
#1250 = DIRECTION ( 'NONE',  ( -1.192313173600918958E-16, -1.000000000000000000, 0.000000000000000000 ) ) ;
#1251 = EDGE_CURVE ( 'NONE', #2221, #2083, #1119, .T. ) ;
#1252 = DIRECTION ( 'NONE',  ( -0.000000000000000000, -0.000000000000000000, 1.000000000000000000 ) ) ;
#1253 = EDGE_LOOP ( 'NONE', ( #1574, #734, #1714, #1511, #2039, #1802 ) ) ;
#1254 = PLANE ( 'NONE',  #823 ) ;
#1255 = ORIENTED_EDGE ( 'NONE', *, *, #718, .F. ) ;
#1256 = LINE ( 'NONE', #215, #1030 ) ;
#1257 = CARTESIAN_POINT ( 'NONE',  ( -10.31865334794732014, 4.149999999999985256, 1.199999999999998845 ) ) ;
#1258 = CARTESIAN_POINT ( 'NONE',  ( 10.31865334794731304, 29.14999999999998437, 3.299999999999998934 ) ) ;
#1259 = CARTESIAN_POINT ( 'NONE',  ( 6.681346652052682522, -2.150000000000011013, 1.199999999999998845 ) ) ;
#1260 = EDGE_CURVE ( 'NONE', #858, #625, #1154, .T. ) ;
#1261 = DIRECTION ( 'NONE',  ( -2.487076165181377723E-17, 0.9880120337511012485, -0.1543768802736101287 ) ) ;
#1262 = ORIENTED_EDGE ( 'NONE', *, *, #1222, .T. ) ;
#1263 = VECTOR ( 'NONE', #404, 1000.000000000000000 ) ;
#1264 = CARTESIAN_POINT ( 'NONE',  ( -17.00000000000000000, -9.000000000000007105, 1.076724916123532160E-15 ) ) ;
#1265 = DIRECTION ( 'NONE',  ( 0.000000000000000000, 0.000000000000000000, -1.000000000000000000 ) ) ;
#1266 = VERTEX_POINT ( 'NONE', #1814 ) ;
#1267 = ORIENTED_EDGE ( 'NONE', *, *, #166, .F. ) ;
#1268 = CARTESIAN_POINT ( 'NONE',  ( -14.26446609406730559, -9.000000000000007105, 3.299999999999997158 ) ) ;
#1269 = DIRECTION ( 'NONE',  ( -4.769252694403675833E-16, 1.000000000000000000, 0.000000000000000000 ) ) ;
#1270 = LINE ( 'NONE', #2158, #1040 ) ;
#1271 = LINE ( 'NONE', #273, #1174 ) ;
#1272 = VECTOR ( 'NONE', #2115, 1000.000000000000227 ) ;
#1273 = LINE ( 'NONE', #1823, #399 ) ;
#1274 = ORIENTED_EDGE ( 'NONE', *, *, #922, .T. ) ;
#1275 = CIRCLE ( 'NONE', #1862, 1.600000000000014522 ) ;
#1276 = DIRECTION ( 'NONE',  ( 0.5000000000000002220, -0.8660254037844384856, 0.000000000000000000 ) ) ;
#1277 = AXIS2_PLACEMENT_3D ( 'NONE', #183, #497, #1901 ) ;
#1278 = DIRECTION ( 'NONE',  ( 0.000000000000000000, 0.000000000000000000, -1.000000000000000000 ) ) ;
#1279 = EDGE_CURVE ( 'NONE', #899, #367, #115, .T. ) ;
#1280 = DIRECTION ( 'NONE',  ( 1.000000000000000000, 9.538505388807371388E-16, 0.000000000000000000 ) ) ;
#1281 = ORIENTED_EDGE ( 'NONE', *, *, #332, .T. ) ;
#1282 = ORIENTED_EDGE ( 'NONE', *, *, #753, .F. ) ;
#1283 = LOCAL_TIME ( 20, 9, 4.000000000000000000, #490 ) ;
#1284 = LINE ( 'NONE', #1976, #175 ) ;
#1285 = FACE_BOUND ( 'NONE', #1524, .T. ) ;
#1286 = AXIS2_PLACEMENT_3D ( 'NONE', #124, #988, #1276 ) ;
#1287 = DIRECTION ( 'NONE',  ( -0.000000000000000000, 1.000000000000000000, -0.000000000000000000 ) ) ;
#1288 = DIRECTION ( 'NONE',  ( 0.4999999999999995559, 0.8660254037844389297, 0.000000000000000000 ) ) ;
#1289 = CIRCLE ( 'NONE', #2192, 2.499999999999998668 ) ;
#1290 = DIRECTION ( 'NONE',  ( 0.000000000000000000, 0.000000000000000000, 1.000000000000000000 ) ) ;
#1291 = ORIENTED_EDGE ( 'NONE', *, *, #1766, .F. ) ;
#1292 = DIRECTION ( 'NONE',  ( -0.000000000000000000, -0.000000000000000000, 1.000000000000000000 ) ) ;
#1293 = DIRECTION ( 'NONE',  ( 0.000000000000000000, 0.000000000000000000, 1.000000000000000000 ) ) ;
#1294 = CARTESIAN_POINT ( 'NONE',  ( 17.00000000000000000, -4.000000000000004441, 22.00000000000000711 ) ) ;
#1295 = EDGE_LOOP ( 'NONE', ( #1221, #699 ) ) ;
#1296 = PRODUCT ( 'Servo_Cam_Tilt_Mount_Step', 'Servo_Cam_Tilt_Mount_Step', '', ( #1700 ) ) ;
#1297 = EDGE_CURVE ( 'NONE', #111, #1698, #534, .T. ) ;
#1298 = CARTESIAN_POINT ( 'NONE',  ( 17.00000000000000000, -4.000000000000002665, 17.00000000000000000 ) ) ;
#1299 = CARTESIAN_POINT ( 'NONE',  ( -14.50000000000000178, -9.000000000000007105, 3.826136716126294665E-15 ) ) ;
#1300 = EDGE_CURVE ( 'NONE', #1006, #835, #1644, .T. ) ;
#1301 = DIRECTION ( 'NONE',  ( -0.4999999999999998890, -0.8660254037844387076, -0.000000000000000000 ) ) ;
#1302 = CARTESIAN_POINT ( 'NONE',  ( 10.31865334794731304, 29.14999999999998437, 1.199999999999998845 ) ) ;
#1303 = ORIENTED_EDGE ( 'NONE', *, *, #999, .T. ) ;
#1304 = FACE_OUTER_BOUND ( 'NONE', #1327, .T. ) ;
#1305 = DIRECTION ( 'NONE',  ( 0.000000000000000000, 0.000000000000000000, 1.000000000000000000 ) ) ;
#1306 = CARTESIAN_POINT ( 'NONE',  ( -12.13730669589463318, 25.99999999999998224, 3.299999999999998934 ) ) ;
#1307 = VERTEX_POINT ( 'NONE', #609 ) ;
#1308 = EDGE_CURVE ( 'NONE', #1642, #1430, #1982, .T. ) ;
#1309 = DIRECTION ( 'NONE',  ( 0.000000000000000000, 0.000000000000000000, 1.000000000000000000 ) ) ;
#1310 = PLANE ( 'NONE',  #1137 ) ;
#1311 = CARTESIAN_POINT ( 'NONE',  ( 4.862693304105363268, 25.99999999999998934, 3.299999999999998934 ) ) ;
#1312 = CARTESIAN_POINT ( 'NONE',  ( 17.00000000000000000, -4.000000000000002665, 19.50000000000000000 ) ) ;
#1313 = EDGE_LOOP ( 'NONE', ( #179, #1291, #2101, #1024 ) ) ;
#1314 = DIRECTION ( 'NONE',  ( -1.000000000000000000, -0.000000000000000000, -0.000000000000000000 ) ) ;
#1315 = CARTESIAN_POINT ( 'NONE',  ( 14.49999999999999645, 20.01190633120240037, 3.535533905932749299 ) ) ;
#1316 = ORIENTED_EDGE ( 'NONE', *, *, #1568, .T. ) ;
#1317 = ORIENTED_EDGE ( 'NONE', *, *, #638, .T. ) ;
#1318 = AXIS2_PLACEMENT_3D ( 'NONE', #715, #557, #1930 ) ;
#1319 = DIRECTION ( 'NONE',  ( 0.000000000000000000, -1.000000000000000000, 0.000000000000000000 ) ) ;
#1320 = AXIS2_PLACEMENT_3D ( 'NONE', #216, #1587, #51 ) ;
#1321 = APPLICATION_PROTOCOL_DEFINITION ( 'international standard', 'config_control_design', 1994, #500 ) ;
#1322 = CARTESIAN_POINT ( 'NONE',  ( 12.13730669589464561, 0.9999999999999881206, 1.199999999999998845 ) ) ;
#1323 = EDGE_CURVE ( 'NONE', #1523, #906, #2149, .T. ) ;
#1324 = VECTOR ( 'NONE', #2134, 1000.000000000000000 ) ;
#1325 = EDGE_CURVE ( 'NONE', #509, #1958, #501, .T. ) ;
#1326 = CARTESIAN_POINT ( 'NONE',  ( -17.00000000000000000, -4.000000000000004441, 22.00000000000000711 ) ) ;
#1327 = EDGE_LOOP ( 'NONE', ( #438, #317, #935, #608 ) ) ;
#1328 = CARTESIAN_POINT ( 'NONE',  ( 14.50000000000000178, 11.99999999999999645, 19.49999999999999645 ) ) ;
#1329 = EDGE_CURVE ( 'NONE', #2173, #79, #288, .T. ) ;
#1330 = CARTESIAN_POINT ( 'NONE',  ( 14.49999999999999645, 6.455336063501619925, 3.535533905932749299 ) ) ;
#1331 = ORIENTED_EDGE ( 'NONE', *, *, #1323, .T. ) ;
#1332 = VERTEX_POINT ( 'NONE', #978 ) ;
#1333 = DIRECTION ( 'NONE',  ( -0.000000000000000000, -0.000000000000000000, 1.000000000000000000 ) ) ;
#1334 = VERTEX_POINT ( 'NONE', #794 ) ;
#1335 = DATE_AND_TIME ( #514, #1418 ) ;
#1336 = DIRECTION ( 'NONE',  ( 7.479684311310843117E-17, 0.7761140001162654123, -0.6305926250944658973 ) ) ;
#1337 = DIRECTION ( 'NONE',  ( -0.000000000000000000, -0.000000000000000000, 1.000000000000000000 ) ) ;
#1338 = EDGE_CURVE ( 'NONE', #465, #293, #1968, .T. ) ;
#1339 = ORIENTED_EDGE ( 'NONE', *, *, #1059, .F. ) ;
#1340 = FACE_OUTER_BOUND ( 'NONE', #1020, .T. ) ;
#1341 = DIRECTION ( 'NONE',  ( 3.469446951953613696E-16, 0.000000000000000000, 1.000000000000000000 ) ) ;
#1342 = ORIENTED_EDGE ( 'NONE', *, *, #2033, .F. ) ;
#1343 = EDGE_LOOP ( 'NONE', ( #1445, #486, #942, #245, #2154, #83 ) ) ;
#1344 = VERTEX_POINT ( 'NONE', #1495 ) ;
#1345 = LINE ( 'NONE', #1837, #1504 ) ;
#1346 = VERTEX_POINT ( 'NONE', #278 ) ;
#1347 = VECTOR ( 'NONE', #670, 1000.000000000000000 ) ;
#1348 = CYLINDRICAL_SURFACE ( 'NONE', #2004, 1.000000000000000000 ) ;
#1349 = DIRECTION ( 'NONE',  ( -0.8660254037844387076, -0.5000000000000001110, 0.000000000000000000 ) ) ;
#1350 = ORIENTED_EDGE ( 'NONE', *, *, #73, .F. ) ;
#1351 = ORIENTED_EDGE ( 'NONE', *, *, #811, .T. ) ;
#1352 = CARTESIAN_POINT ( 'NONE',  ( -17.00000000000000000, -4.000000000000002665, 2.499999999999948486 ) ) ;
#1353 = CC_DESIGN_PERSON_AND_ORGANIZATION_ASSIGNMENT ( #478, #1885, ( #2107 ) ) ;
#1354 = LINE ( 'NONE', #680, #696 ) ;
#1355 = ORIENTED_EDGE ( 'NONE', *, *, #1422, .T. ) ;
#1356 = ADVANCED_FACE ( 'NONE', ( #445 ), #633, .F. ) ;
#1357 = VECTOR ( 'NONE', #1711, 1000.000000000000000 ) ;
#1358 = COORDINATED_UNIVERSAL_TIME_OFFSET ( 0, 0, .AHEAD. ) ;
#1359 = LINE ( 'NONE', #1371, #1897 ) ;
#1360 = FACE_OUTER_BOUND ( 'NONE', #843, .T. ) ;
#1361 = ORIENTED_EDGE ( 'NONE', *, *, #1297, .F. ) ;
#1362 = ORIENTED_EDGE ( 'NONE', *, *, #1951, .F. ) ;
#1363 = PLANE ( 'NONE',  #203 ) ;
#1364 = LINE ( 'NONE', #2051, #760 ) ;
#1365 = ORIENTED_EDGE ( 'NONE', *, *, #921, .T. ) ;
#1366 = VECTOR ( 'NONE', #253, 999.9999999999998863 ) ;
#1367 = ORIENTED_EDGE ( 'NONE', *, *, #726, .T. ) ;
#1368 = ADVANCED_FACE ( 'NONE', ( #1304 ), #2162, .F. ) ;
#1369 = CALENDAR_DATE ( 2024, 7, 11 ) ;
#1370 = EDGE_CURVE ( 'NONE', #991, #694, #420, .T. ) ;
#1371 = CARTESIAN_POINT ( 'NONE',  ( 14.50000000000000178, 4.770257387988576347, 20.62964728312677920 ) ) ;
#1372 = ORIENTED_EDGE ( 'NONE', *, *, #1544, .T. ) ;
#1373 = CARTESIAN_POINT ( 'NONE',  ( 19.20000000000000284, -4.000000000000002665, 14.50000000000000178 ) ) ;
#1374 = DIRECTION ( 'NONE',  ( -0.4999999999999994449, -0.8660254037844389297, 0.000000000000000000 ) ) ;
#1375 = EDGE_LOOP ( 'NONE', ( #1717, #1709, #1806, #2008, #1546, #1548, #1985, #1787, #1763, #1851, #649, #636, #375, #1129, #1223, #356 ) ) ;
#1376 = CARTESIAN_POINT ( 'NONE',  ( 14.50000000000000178, 19.16047058823528815, 13.68211764705882239 ) ) ;
#1377 = AXIS2_PLACEMENT_3D ( 'NONE', #1745, #1240, #1401 ) ;
#1378 = ORIENTED_EDGE ( 'NONE', *, *, #1093, .F. ) ;
#1379 = CARTESIAN_POINT ( 'NONE',  ( -17.00000000000000000, -4.000000000000002665, 17.00000000000000000 ) ) ;
#1380 = AXIS2_PLACEMENT_3D ( 'NONE', #1664, #1703, #122 ) ;
#1381 = FACE_OUTER_BOUND ( 'NONE', #797, .T. ) ;
#1382 = ORIENTED_EDGE ( 'NONE', *, *, #1203, .F. ) ;
#1383 = ORIENTED_EDGE ( 'NONE', *, *, #186, .F. ) ;
#1384 = LINE ( 'NONE', #536, #1898 ) ;
#1385 = VERTEX_POINT ( 'NONE', #1328 ) ;
#1386 = DIRECTION ( 'NONE',  ( 1.000000000000000000, -0.000000000000000000, -1.611041861173385734E-16 ) ) ;
#1387 = EDGE_CURVE ( 'NONE', #1191, #1346, #1130, .T. ) ;
#1388 = EDGE_CURVE ( 'NONE', #1016, #879, #968, .T. ) ;
#1389 = CARTESIAN_POINT ( 'NONE',  ( 10.10000000000001741, 25.99999999999999645, 0.09999999999999853451 ) ) ;
#1390 = ORIENTED_EDGE ( 'NONE', *, *, #487, .T. ) ;
#1391 = EDGE_CURVE ( 'NONE', #879, #1016, #1543, .T. ) ;
#1392 = AXIS2_PLACEMENT_3D ( 'NONE', #52, #1789, #1777 ) ;
#1393 = ORIENTED_EDGE ( 'NONE', *, *, #2091, .F. ) ;
#1394 = CIRCLE ( 'NONE', #1695, 3.750000000000000000 ) ;
#1395 = DIRECTION ( 'NONE',  ( 0.4999999999999995559, 0.8660254037844389297, -0.000000000000000000 ) ) ;
#1396 = DIRECTION ( 'NONE',  ( -0.4999999999999997780, -0.8660254037844387076, 0.000000000000000000 ) ) ;
#1397 = ORIENTED_EDGE ( 'NONE', *, *, #1732, .T. ) ;
#1398 = DIRECTION ( 'NONE',  ( 1.000000000000000000, -0.000000000000000000, 0.000000000000000000 ) ) ;
#1399 = ORIENTED_EDGE ( 'NONE', *, *, #106, .F. ) ;
#1400 = EDGE_CURVE ( 'NONE', #1403, #79, #1442, .T. ) ;
#1401 = DIRECTION ( 'NONE',  ( -0.4999999999999998335, -0.8660254037844387076, 0.000000000000000000 ) ) ;
#1402 = VERTEX_POINT ( 'NONE', #1724 ) ;
#1403 = VERTEX_POINT ( 'NONE', #1715 ) ;
#1404 = CARTESIAN_POINT ( 'NONE',  ( -10.10000000000001208, 0.9999999999999872324, 1.199999999999998845 ) ) ;
#1405 = FACE_OUTER_BOUND ( 'NONE', #1313, .T. ) ;
#1406 = CARTESIAN_POINT ( 'NONE',  ( 14.49999999999999467, 19.16047058823528815, 13.68211764705882239 ) ) ;
#1407 = PLANE ( 'NONE',  #1318 ) ;
#1408 = VECTOR ( 'NONE', #697, 1000.000000000000000 ) ;
#1409 = CARTESIAN_POINT ( 'NONE',  ( 10.31865334794732725, 4.149999999999987921, 3.299999999999998934 ) ) ;
#1410 = ORIENTED_EDGE ( 'NONE', *, *, #101, .T. ) ;
#1411 = EDGE_CURVE ( 'NONE', #426, #1153, #1730, .T. ) ;
#1412 = CARTESIAN_POINT ( 'NONE',  ( 4.862693304105361491, 0.9999999999999887867, 1.199999999999998845 ) ) ;
#1413 = LINE ( 'NONE', #2063, #2006 ) ;
#1414 = DIRECTION ( 'NONE',  ( -0.000000000000000000, -0.000000000000000000, 1.000000000000000000 ) ) ;
#1415 = DIRECTION ( 'NONE',  ( -0.4999999999999998890, 0.8660254037844387076, 0.000000000000000000 ) ) ;
#1416 = AXIS2_PLACEMENT_3D ( 'NONE', #1859, #1212, #2050 ) ;
#1417 = DIRECTION ( 'NONE',  ( 0.000000000000000000, 0.000000000000000000, 1.000000000000000000 ) ) ;
#1418 = LOCAL_TIME ( 20, 9, 4.000000000000000000, #330 ) ;
#1419 = VERTEX_POINT ( 'NONE', #1508 ) ;
#1420 = FACE_OUTER_BOUND ( 'NONE', #119, .T. ) ;
#1421 = ORIENTED_EDGE ( 'NONE', *, *, #1400, .F. ) ;
#1422 = EDGE_CURVE ( 'NONE', #1697, #1242, #15, .T. ) ;
#1423 = LINE ( 'NONE', #2103, #373 ) ;
#1424 = AXIS2_PLACEMENT_3D ( 'NONE', #1861, #511, #2041 ) ;
#1425 = DIRECTION ( 'NONE',  ( -1.000000000000000000, 0.000000000000000000, 1.796731938884648948E-16 ) ) ;
#1426 = EDGE_CURVE ( 'NONE', #482, #256, #1872, .T. ) ;
#1427 = DIRECTION ( 'NONE',  ( 0.000000000000000000, 0.000000000000000000, 1.000000000000000000 ) ) ;
#1428 = DIRECTION ( 'NONE',  ( 1.000000000000000000, 0.000000000000000000, -0.000000000000000000 ) ) ;
#1429 = LINE ( 'NONE', #1480, #1815 ) ;
#1430 = VERTEX_POINT ( 'NONE', #2210 ) ;
#1431 = DIRECTION ( 'NONE',  ( -0.8660254037844387076, -0.5000000000000000000, 0.000000000000000000 ) ) ;
#1432 = CARTESIAN_POINT ( 'NONE',  ( -17.00000000000000000, -4.000000000000002665, 20.75000000000000000 ) ) ;
#1433 = VERTEX_POINT ( 'NONE', #172 ) ;
#1434 = CARTESIAN_POINT ( 'NONE',  ( -6.681346652052673640, -2.150000000000012790, 1.199999999999998845 ) ) ;
#1435 = CARTESIAN_POINT ( 'NONE',  ( 12.13730669589463673, 25.99999999999998579, 1.199999999999998845 ) ) ;
#1436 = ADVANCED_FACE ( 'NONE', ( #1549 ), #1881, .F. ) ;
#1437 = CARTESIAN_POINT ( 'NONE',  ( -10.31865334794732014, 4.149999999999985256, 1.199999999999998845 ) ) ;
#1438 = DIRECTION ( 'NONE',  ( -1.000000000000000000, 0.000000000000000000, 1.611041861173385734E-16 ) ) ;
#1439 = EDGE_CURVE ( 'NONE', #1016, #540, #483, .T. ) ;
#1440 = FACE_BOUND ( 'NONE', #2003, .T. ) ;
#1441 = ORIENTED_EDGE ( 'NONE', *, *, #1160, .T. ) ;
#1442 = LINE ( 'NONE', #1107, #1366 ) ;
#1443 = PLANE ( 'NONE',  #466 ) ;
#1444 = DIRECTION ( 'NONE',  ( 0.5333964609104406840, -0.6564879518897752675, 0.5333964609104422383 ) ) ;
#1445 = ORIENTED_EDGE ( 'NONE', *, *, #2027, .F. ) ;
#1446 = ORIENTED_EDGE ( 'NONE', *, *, #1689, .F. ) ;
#1447 = FACE_OUTER_BOUND ( 'NONE', #495, .T. ) ;
#1448 = DIRECTION ( 'NONE',  ( -0.000000000000000000, -0.000000000000000000, 1.000000000000000000 ) ) ;
#1449 = VECTOR ( 'NONE', #577, 1000.000000000000000 ) ;
#1450 = FACE_OUTER_BOUND ( 'NONE', #1629, .T. ) ;
#1451 = CARTESIAN_POINT ( 'NONE',  ( 14.26446609406724697, 7.099999999999991651, 3.299999999999998934 ) ) ;
#1452 = CARTESIAN_POINT ( 'NONE',  ( -14.49999999999999822, -4.000000000000001776, 13.25000000000000178 ) ) ;
#1453 = ADVANCED_FACE ( 'NONE', ( #1340 ), #2058, .F. ) ;
#1454 = EDGE_LOOP ( 'NONE', ( #837, #1617, #1267, #717 ) ) ;
#1455 = VECTOR ( 'NONE', #591, 1000.000000000000000 ) ;
#1456 = DIRECTION ( 'NONE',  ( -0.5000000000000004441, 0.8660254037844383745, 0.000000000000000000 ) ) ;
#1457 = CC_DESIGN_APPROVAL ( #451, ( #1986 ) ) ;
#1458 = DIRECTION ( 'NONE',  ( 0.000000000000000000, 0.000000000000000000, 1.000000000000000000 ) ) ;
#1459 = CARTESIAN_POINT ( 'NONE',  ( -4.862693304105352610, 0.9999999999999876765, 3.299999999999998934 ) ) ;
#1460 = ADVANCED_FACE ( 'NONE', ( #1192 ), #695, .F. ) ;
#1461 = VERTEX_POINT ( 'NONE', #354 ) ;
#1462 = ORIENTED_EDGE ( 'NONE', *, *, #208, .T. ) ;
#1463 = DIRECTION ( 'NONE',  ( 0.7071067811865465735, 8.459549885149631673E-17, 0.7071067811865485719 ) ) ;
#1464 = VECTOR ( 'NONE', #1803, 1000.000000000000000 ) ;
#1465 = CYLINDRICAL_SURFACE ( 'NONE', #887, 1.000000000000000000 ) ;
#1466 = VECTOR ( 'NONE', #1414, 1000.000000000000000 ) ;
#1467 = VECTOR ( 'NONE', #1314, 1000.000000000000000 ) ;
#1468 = FACE_OUTER_BOUND ( 'NONE', #1680, .T. ) ;
#1469 = DIRECTION ( 'NONE',  ( 1.611041861173385734E-16, 0.000000000000000000, 1.000000000000000000 ) ) ;
#1470 = DIRECTION ( 'NONE',  ( -0.7071067811865486830, 0.000000000000000000, 0.7071067811865464625 ) ) ;
#1471 = VERTEX_POINT ( 'NONE', #518 ) ;
#1472 = DIRECTION ( 'NONE',  ( 0.5333964609104456800, 0.6564879518897726030, -0.5333964609104404619 ) ) ;
#1473 = ADVANCED_FACE ( 'NONE', ( #1167, #1889 ), #1363, .T. ) ;
#1474 = CARTESIAN_POINT ( 'NONE',  ( 14.49999999999999822, -9.000000000000007105, 3.535533905932749299 ) ) ;
#1475 = DIRECTION ( 'NONE',  ( 0.000000000000000000, 0.000000000000000000, -1.000000000000000000 ) ) ;
#1476 = ORIENTED_EDGE ( 'NONE', *, *, #59, .T. ) ;
#1477 = FACE_OUTER_BOUND ( 'NONE', #1967, .T. ) ;
#1478 = CARTESIAN_POINT ( 'NONE',  ( -6.681346652052675417, 4.149999999999987033, 1.199999999999998845 ) ) ;
#1479 = LINE ( 'NONE', #1663, #1534 ) ;
#1480 = CARTESIAN_POINT ( 'NONE',  ( 10.31865334794732725, -2.150000000000011458, 3.299999999999998934 ) ) ;
#1481 = VERTEX_POINT ( 'NONE', #1519 ) ;
#1482 = DIRECTION ( 'NONE',  ( -0.4999999999999998890, 0.8660254037844387076, 0.000000000000000000 ) ) ;
#1483 = CARTESIAN_POINT ( 'NONE',  ( 17.00000000000000000, 11.99999999999999645, 19.49999999999999645 ) ) ;
#1484 = ORIENTED_EDGE ( 'NONE', *, *, #750, .F. ) ;
#1485 = ORIENTED_EDGE ( 'NONE', *, *, #1913, .F. ) ;
#1486 = CIRCLE ( 'NONE', #193, 3.750000000000000000 ) ;
#1487 = CARTESIAN_POINT ( 'NONE',  ( -14.26446609406734112, 19.36724239470406062, 3.299999999999998934 ) ) ;
#1488 = EDGE_CURVE ( 'NONE', #260, #256, #686, .T. ) ;
#1489 = ADVANCED_FACE ( 'NONE', ( #1004 ), #525, .F. ) ;
#1490 = APPROVAL_STATUS ( 'not_yet_approved' ) ;
#1491 = ADVANCED_FACE ( 'NONE', ( #314 ), #141, .F. ) ;
#1492 = DIRECTION ( 'NONE',  ( -0.000000000000000000, -0.000000000000000000, 1.000000000000000000 ) ) ;
#1493 = DIRECTION ( 'NONE',  ( 0.000000000000000000, -0.000000000000000000, -1.000000000000000000 ) ) ;
#1494 = ORIENTED_EDGE ( 'NONE', *, *, #1852, .F. ) ;
#1495 = CARTESIAN_POINT ( 'NONE',  ( -12.13730669589463851, 0.9999999999999850120, 1.199999999999998845 ) ) ;
#1496 = PLANE ( 'NONE',  #1424 ) ;
#1497 = EDGE_LOOP ( 'NONE', ( #1836, #992, #202, #1648 ) ) ;
#1498 = ORIENTED_EDGE ( 'NONE', *, *, #1085, .T. ) ;
#1499 = CIRCLE ( 'NONE', #26, 10.00000000000000000 ) ;
#1500 = PLANE ( 'NONE',  #1896 ) ;
#1501 = CALENDAR_DATE ( 2024, 7, 11 ) ;
#1502 = EDGE_CURVE ( 'NONE', #252, #1778, #657, .T. ) ;
#1503 = LINE ( 'NONE', #2193, #1786 ) ;
#1504 = VECTOR ( 'NONE', #1666, 1000.000000000000000 ) ;
#1505 = AXIS2_PLACEMENT_3D ( 'NONE', #1638, #776, #624 ) ;
#1506 = LINE ( 'NONE', #333, #1779 ) ;
#1507 = ORIENTED_EDGE ( 'NONE', *, *, #208, .F. ) ;
#1508 = CARTESIAN_POINT ( 'NONE',  ( 14.50000000000000178, -4.000000000000004441, 22.00000000000000711 ) ) ;
#1509 = VECTOR ( 'NONE', #81, 1000.000000000000000 ) ;
#1510 = CARTESIAN_POINT ( 'NONE',  ( -14.50000000000001243, 19.36724239470406062, 3.299999999999998934 ) ) ;
#1511 = ORIENTED_EDGE ( 'NONE', *, *, #470, .F. ) ;
#1512 = ORIENTED_EDGE ( 'NONE', *, *, #895, .F. ) ;
#1513 = CARTESIAN_POINT ( 'NONE',  ( -14.60000000000002629, -9.000000000000007105, 0.09999999999999939493 ) ) ;
#1514 = ORIENTED_EDGE ( 'NONE', *, *, #527, .F. ) ;
#1515 = DATE_TIME_ROLE ( 'classification_date' ) ;
#1516 = DIRECTION ( 'NONE',  ( -0.4999999999999994449, -0.8660254037844389297, 0.000000000000000000 ) ) ;
#1517 = DIRECTION ( 'NONE',  ( 0.000000000000000000, -1.000000000000000000, 0.000000000000000000 ) ) ;
#1518 = ORIENTED_EDGE ( 'NONE', *, *, #1048, .T. ) ;
#1519 = CARTESIAN_POINT ( 'NONE',  ( 6.681346652052680746, 29.14999999999998082, 1.199999999999998845 ) ) ;
#1520 = EDGE_CURVE ( 'NONE', #409, #1738, #165, .T. ) ;
#1521 = LINE ( 'NONE', #659, #1216 ) ;
#1522 = ORIENTED_EDGE ( 'NONE', *, *, #45, .F. ) ;
#1523 = VERTEX_POINT ( 'NONE', #679 ) ;
#1524 = EDGE_LOOP ( 'NONE', ( #788, #1660 ) ) ;
#1525 = CIRCLE ( 'NONE', #551, 1.600000000000014522 ) ;
#1526 = FACE_OUTER_BOUND ( 'NONE', #1193, .T. ) ;
#1527 = CARTESIAN_POINT ( 'NONE',  ( -14.50000000000000000, -101.4999999999999858, 3.535533905932693788 ) ) ;
#1528 = EDGE_LOOP ( 'NONE', ( #269, #2197, #339, #719 ) ) ;
#1529 = DIRECTION ( 'NONE',  ( -9.637352644315595243E-17, -1.000000000000000000, 0.000000000000000000 ) ) ;
#1530 = ADVANCED_FACE ( 'NONE', ( #510 ), #335, .T. ) ;
#1531 = DIRECTION ( 'NONE',  ( 0.000000000000000000, 0.000000000000000000, -1.000000000000000000 ) ) ;
#1532 = ORIENTED_EDGE ( 'NONE', *, *, #953, .F. ) ;
#1533 = EDGE_CURVE ( 'NONE', #448, #213, #1925, .T. ) ;
#1534 = VECTOR ( 'NONE', #630, 1000.000000000000227 ) ;
#1535 = AXIS2_PLACEMENT_3D ( 'NONE', #522, #566, #2106 ) ;
#1536 = LINE ( 'NONE', #162, #1135 ) ;
#1537 = CARTESIAN_POINT ( 'NONE',  ( 19.20000000000000284, -4.000000000000002665, 19.50000000000000000 ) ) ;
#1538 = ORIENTED_EDGE ( 'NONE', *, *, #1988, .F. ) ;
#1539 = EDGE_LOOP ( 'NONE', ( #1051, #1841, #1383, #1607 ) ) ;
#1540 = DIRECTION ( 'NONE',  ( -0.000000000000000000, -0.000000000000000000, 1.000000000000000000 ) ) ;
#1541 = CARTESIAN_POINT ( 'NONE',  ( 17.00000000000000000, -4.000000000000002665, 17.00000000000000000 ) ) ;
#1542 = EDGE_LOOP ( 'NONE', ( #576, #533, #1743, #2092 ) ) ;
#1543 = CIRCLE ( 'NONE', #572, 2.499999999999998668 ) ;
#1544 = EDGE_CURVE ( 'NONE', #111, #1550, #383, .T. ) ;
#1545 = AXIS2_PLACEMENT_3D ( 'NONE', #344, #1677, #856 ) ;
#1546 = ORIENTED_EDGE ( 'NONE', *, *, #1048, .F. ) ;
#1547 = CARTESIAN_POINT ( 'NONE',  ( 14.49999999999999822, 35.87692307692307025, 0.1000000000000020040 ) ) ;
#1548 = ORIENTED_EDGE ( 'NONE', *, *, #1835, .T. ) ;
#1549 = FACE_OUTER_BOUND ( 'NONE', #846, .T. ) ;
#1550 = VERTEX_POINT ( 'NONE', #913 ) ;
#1551 = CARTESIAN_POINT ( 'NONE',  ( 12.13730669589463673, 25.99999999999998579, 3.299999999999998934 ) ) ;
#1552 = ORIENTED_EDGE ( 'NONE', *, *, #612, .F. ) ;
#1553 = ORIENTED_EDGE ( 'NONE', *, *, #593, .T. ) ;
#1554 = ORIENTED_EDGE ( 'NONE', *, *, #1083, .F. ) ;
#1555 = EDGE_CURVE ( 'NONE', #499, #1461, #917, .T. ) ;
#1556 = ADVANCED_FACE ( 'NONE', ( #894 ), #1949, .F. ) ;
#1557 = AXIS2_PLACEMENT_3D ( 'NONE', #1844, #2180, #1023 ) ;
#1558 = DIRECTION ( 'NONE',  ( 1.000000000000000000, 0.000000000000000000, 0.000000000000000000 ) ) ;
#1559 = EDGE_CURVE ( 'NONE', #930, #1047, #703, .T. ) ;
#1560 = ORIENTED_EDGE ( 'NONE', *, *, #198, .F. ) ;
#1561 = ORIENTED_EDGE ( 'NONE', *, *, #842, .T. ) ;
#1562 = DIRECTION ( 'NONE',  ( 1.000000000000000000, -0.000000000000000000, -1.796731938884648948E-16 ) ) ;
#1563 = DIRECTION ( 'NONE',  ( -1.000000000000000000, -9.538505388807385193E-16, 0.000000000000000000 ) ) ;
#1564 = ORIENTED_EDGE ( 'NONE', *, *, #627, .F. ) ;
#1565 = ORIENTED_EDGE ( 'NONE', *, *, #470, .T. ) ;
#1566 = VECTOR ( 'NONE', #1795, 1000.000000000000000 ) ;
#1567 = FACE_OUTER_BOUND ( 'NONE', #1122, .T. ) ;
#1568 = EDGE_CURVE ( 'NONE', #1753, #1402, #372, .T. ) ;
#1569 = SECURITY_CLASSIFICATION ( '', '', #340 ) ;
#1570 = ORIENTED_EDGE ( 'NONE', *, *, #305, .F. ) ;
#1571 = VECTOR ( 'NONE', #892, 1000.000000000000227 ) ;
#1572 = FACE_BOUND ( 'NONE', #663, .T. ) ;
#1573 = CARTESIAN_POINT ( 'NONE',  ( 10.31865334794732725, 4.149999999999987921, 1.199999999999998845 ) ) ;
#1574 = ORIENTED_EDGE ( 'NONE', *, *, #1762, .F. ) ;
#1575 = VERTEX_POINT ( 'NONE', #1939 ) ;
#1576 = VECTOR ( 'NONE', #127, 1000.000000000000000 ) ;
#1577 = DIRECTION ( 'NONE',  ( -1.000000000000000000, 0.000000000000000000, 0.000000000000000000 ) ) ;
#1578 = LINE ( 'NONE', #207, #1571 ) ;
#1579 = CC_DESIGN_PERSON_AND_ORGANIZATION_ASSIGNMENT ( #813, #1162, ( #1296 ) ) ;
#1580 = CARTESIAN_POINT ( 'NONE',  ( -10.31865334794731659, -2.150000000000013678, 1.199999999999998845 ) ) ;
#1581 = DIRECTION ( 'NONE',  ( 0.000000000000000000, -1.000000000000000000, 0.000000000000000000 ) ) ;
#1582 = PLANE ( 'NONE',  #727 ) ;
#1583 = ORIENTED_EDGE ( 'NONE', *, *, #259, .T. ) ;
#1584 = EDGE_CURVE ( 'NONE', #1153, #426, #1275, .T. ) ;
#1585 = ORIENTED_EDGE ( 'NONE', *, *, #59, .F. ) ;
#1586 = CARTESIAN_POINT ( 'NONE',  ( 14.49999999999999822, 36.00000000000000000, 3.299999999999997158 ) ) ;
#1587 = DIRECTION ( 'NONE',  ( 1.000000000000000000, -0.000000000000000000, 0.000000000000000000 ) ) ;
#1588 = CARTESIAN_POINT ( 'NONE',  ( -6.681346652052674528, -2.150000000000012790, 3.299999999999998934 ) ) ;
#1589 = CARTESIAN_POINT ( 'NONE',  ( 17.00000000000000000, -4.000000000000002665, 17.00000000000000000 ) ) ;
#1590 = VECTOR ( 'NONE', #1755, 1000.000000000000114 ) ;
#1591 = DIRECTION ( 'NONE',  ( -1.000000000000000000, -0.000000000000000000, 0.000000000000000000 ) ) ;
#1592 = ORIENTED_EDGE ( 'NONE', *, *, #1894, .F. ) ;
#1593 = EDGE_CURVE ( 'NONE', #1676, #318, #210, .T. ) ;
#1594 = DIRECTION ( 'NONE',  ( -1.000000000000000000, -4.769252694403675833E-16, 0.000000000000000000 ) ) ;
#1595 = ORIENTED_EDGE ( 'NONE', *, *, #785, .T. ) ;
#1596 = ADVANCED_FACE ( 'NONE', ( #1572, #1219 ), #1407, .F. ) ;
#1597 = LINE ( 'NONE', #747, #523 ) ;
#1598 = AXIS2_PLACEMENT_3D ( 'NONE', #41, #720, #554 ) ;
#1599 = DIRECTION ( 'NONE',  ( -0.8660254037844385966, -0.5000000000000003331, 0.000000000000000000 ) ) ;
#1600 = CARTESIAN_POINT ( 'NONE',  ( 6.899999999999989697, 0.9999999999999893419, 0.09999999999999853451 ) ) ;
#1601 = CARTESIAN_POINT ( 'NONE',  ( 6.899999999999989697, 0.9999999999999893419, 3.299999999999998934 ) ) ;
#1602 = VECTOR ( 'NONE', #1492, 1000.000000000000000 ) ;
#1603 = LINE ( 'NONE', #68, #1263 ) ;
#1604 = AXIS2_PLACEMENT_3D ( 'NONE', #297, #850, #1014 ) ;
#1605 = VERTEX_POINT ( 'NONE', #218 ) ;
#1606 = CARTESIAN_POINT ( 'NONE',  ( 14.49999999999999822, 36.00000000000000000, 49.52769732530489222 ) ) ;
#1607 = ORIENTED_EDGE ( 'NONE', *, *, #1891, .T. ) ;
#1608 = EDGE_CURVE ( 'NONE', #154, #2065, #1499, .T. ) ;
#1609 = AXIS2_PLACEMENT_3D ( 'NONE', #1630, #1292, #1993 ) ;
#1610 = VECTOR ( 'NONE', #1799, 1000.000000000000000 ) ;
#1611 = FACE_OUTER_BOUND ( 'NONE', #806, .T. ) ;
#1612 = VECTOR ( 'NONE', #255, 1000.000000000000000 ) ;
#1613 = DIRECTION ( 'NONE',  ( -0.4999999999999994449, -0.8660254037844389297, 0.000000000000000000 ) ) ;
#1614 = CARTESIAN_POINT ( 'NONE',  ( -6.899999999999982592, 0.9999999999999870104, 3.299999999999998934 ) ) ;
#1615 = FACE_OUTER_BOUND ( 'NONE', #1228, .T. ) ;
#1616 = DIRECTION ( 'NONE',  ( 0.8660254037844383745, 0.5000000000000006661, 0.000000000000000000 ) ) ;
#1617 = ORIENTED_EDGE ( 'NONE', *, *, #1422, .F. ) ;
#1618 = LINE ( 'NONE', #1264, #1509 ) ;
#1619 = CARTESIAN_POINT ( 'NONE',  ( 6.681346652052682522, 4.149999999999988809, 1.199999999999998845 ) ) ;
#1620 = EDGE_LOOP ( 'NONE', ( #349, #2057, #265, #489, #365, #2102, #1564, #1858 ) ) ;
#1621 = DIRECTION ( 'NONE',  ( 0.4999999999999998890, 0.8660254037844385966, 0.000000000000000000 ) ) ;
#1622 = DIRECTION ( 'NONE',  ( -1.000000000000000000, 0.000000000000000000, 0.000000000000000000 ) ) ;
#1623 = EDGE_CURVE ( 'NONE', #540, #796, #814, .T. ) ;
#1624 = ADVANCED_FACE ( 'NONE', ( #190 ), #53, .F. ) ;
#1625 = CARTESIAN_POINT ( 'NONE',  ( 14.50000000000000178, 20.36724239470405351, 3.299999999999998934 ) ) ;
#1626 = FACE_OUTER_BOUND ( 'NONE', #702, .T. ) ;
#1627 = EDGE_CURVE ( 'NONE', #919, #1884, #529, .T. ) ;
#1628 = DIRECTION ( 'NONE',  ( 0.000000000000000000, 0.000000000000000000, 1.000000000000000000 ) ) ;
#1629 = EDGE_LOOP ( 'NONE', ( #836, #459, #1498, #1133 ) ) ;
#1630 = CARTESIAN_POINT ( 'NONE',  ( 8.500000000000003553, 0.9999999999999892308, 0.09999999999999853451 ) ) ;
#1631 = AXIS2_PLACEMENT_3D ( 'NONE', #1220, #1063, #1563 ) ;
#1632 = FACE_OUTER_BOUND ( 'NONE', #1497, .T. ) ;
#1633 = CARTESIAN_POINT ( 'NONE',  ( -10.31865334794731837, 22.84999999999999076, 1.199999999999998845 ) ) ;
#1634 = EDGE_LOOP ( 'NONE', ( #147, #1316, #1883, #1351 ) ) ;
#1635 = DIRECTION ( 'NONE',  ( 0.000000000000000000, 0.000000000000000000, 1.000000000000000000 ) ) ;
#1636 = CARTESIAN_POINT ( 'NONE',  ( -6.681346652052673640, -2.150000000000012790, 1.199999999999998845 ) ) ;
#1637 = VECTOR ( 'NONE', #379, 1000.000000000000114 ) ;
#1638 = CARTESIAN_POINT ( 'NONE',  ( 120.4999999999999716, 19.36724239470406062, 4.299999999999999822 ) ) ;
#1639 = LINE ( 'NONE', #963, #772 ) ;
#1640 = ADVANCED_FACE ( 'NONE', ( #1052, #548 ), #1771, .T. ) ;
#1641 = DIRECTION ( 'NONE',  ( 0.7071067811865464625, 0.000000000000000000, 0.7071067811865486830 ) ) ;
#1642 = VERTEX_POINT ( 'NONE', #2120 ) ;
#1643 = VECTOR ( 'NONE', #1705, 1000.000000000000227 ) ;
#1644 = LINE ( 'NONE', #768, #1324 ) ;
#1645 = VECTOR ( 'NONE', #2085, 1000.000000000000114 ) ;
#1646 = DIRECTION ( 'NONE',  ( 0.000000000000000000, -1.000000000000000000, 0.000000000000000000 ) ) ;
#1647 = CARTESIAN_POINT ( 'NONE',  ( 10.31865334794732192, 22.84999999999999432, 1.199999999999998845 ) ) ;
#1648 = ORIENTED_EDGE ( 'NONE', *, *, #101, .F. ) ;
#1649 = DIRECTION ( 'NONE',  ( 0.000000000000000000, -0.1543768802736101564, -0.9880120337511013595 ) ) ;
#1650 = VECTOR ( 'NONE', #2203, 1000.000000000000000 ) ;
#1651 = CARTESIAN_POINT ( 'NONE',  ( 14.49999999999999645, -21.50000000000001066, -9.900000000000003908 ) ) ;
#1652 = DIRECTION ( 'NONE',  ( -0.000000000000000000, 1.000000000000000000, -0.000000000000000000 ) ) ;
#1653 = VECTOR ( 'NONE', #2067, 1000.000000000000000 ) ;
#1654 = CARTESIAN_POINT ( 'NONE',  ( -4.862693304105352610, 0.9999999999999876765, 1.199999999999998845 ) ) ;
#1655 = EDGE_LOOP ( 'NONE', ( #204, #955, #946, #822, #69, #1170 ) ) ;
#1656 = CARTESIAN_POINT ( 'NONE',  ( 6.681346652052684298, 22.84999999999999076, 1.199999999999998845 ) ) ;
#1657 = DIRECTION ( 'NONE',  ( -1.000000000000000000, 9.637352644315595243E-17, 0.000000000000000000 ) ) ;
#1658 = EDGE_CURVE ( 'NONE', #1430, #982, #1744, .T. ) ;
#1659 = ORIENTED_EDGE ( 'NONE', *, *, #904, .F. ) ;
#1660 = ORIENTED_EDGE ( 'NONE', *, *, #1584, .T. ) ;
#1661 = LINE ( 'NONE', #1150, #1718 ) ;
#1662 = FACE_OUTER_BOUND ( 'NONE', #1539, .T. ) ;
#1663 = CARTESIAN_POINT ( 'NONE',  ( -17.00000000000000000, -4.000000000000004441, 22.00000000000000711 ) ) ;
#1664 = CARTESIAN_POINT ( 'NONE',  ( -6.681346652052680746, 22.84999999999999076, 1.199999999999998845 ) ) ;
#1665 = ORIENTED_EDGE ( 'NONE', *, *, #1279, .F. ) ;
#1666 = DIRECTION ( 'NONE',  ( -0.000000000000000000, -0.000000000000000000, 1.000000000000000000 ) ) ;
#1667 = CARTESIAN_POINT ( 'NONE',  ( -17.00000000000006395, -9.000000000000007105, 2.500000000000011546 ) ) ;
#1668 = EDGE_LOOP ( 'NONE', ( #782, #192 ) ) ;
#1669 = ORIENTED_EDGE ( 'NONE', *, *, #1488, .F. ) ;
#1670 = EDGE_CURVE ( 'NONE', #1736, #1992, #581, .T. ) ;
#1671 =( BOUNDED_CURVE ( )  B_SPLINE_CURVE ( 3, ( #769, #1120, #241, #1315 ),
 .UNSPECIFIED., .F., .T. ) 
 B_SPLINE_CURVE_WITH_KNOTS ( ( 4, 4 ),
 ( 0.000000000000000000, 0.7005835961963180480 ),
 .UNSPECIFIED. ) 
 CURVE ( )  GEOMETRIC_REPRESENTATION_ITEM ( )  RATIONAL_B_SPLINE_CURVE ( ( 1.000000000000000000, 0.9595150772858300758, 0.9595150772858300758, 1.000000000000000000 ) ) 
 REPRESENTATION_ITEM ( '' )  );
#1672 = LINE ( 'NONE', #449, #1134 ) ;
#1673 = PERSON_AND_ORGANIZATION ( #938, #415 ) ;
#1674 = FACE_OUTER_BOUND ( 'NONE', #538, .T. ) ;
#1675 = DIRECTION ( 'NONE',  ( 1.000000000000000000, -0.000000000000000000, -0.000000000000000000 ) ) ;
#1676 = VERTEX_POINT ( 'NONE', #1139 ) ;
#1677 = DIRECTION ( 'NONE',  ( 2.384626347201837917E-16, 1.000000000000000000, 0.000000000000000000 ) ) ;
#1678 = VECTOR ( 'NONE', #1463, 1000.000000000000000 ) ;
#1679 = FACE_OUTER_BOUND ( 'NONE', #359, .T. ) ;
#1680 = EDGE_LOOP ( 'NONE', ( #316, #419, #1215 ) ) ;
#1681 = EDGE_LOOP ( 'NONE', ( #1864, #826, #1532, #1262 ) ) ;
#1682 = AXIS2_PLACEMENT_3D ( 'NONE', #1298, #146, #109 ) ;
#1683 = AXIS2_PLACEMENT_3D ( 'NONE', #819, #2198, #2040 ) ;
#1684 = CC_DESIGN_DATE_AND_TIME_ASSIGNMENT ( #2191, #838, ( #1986 ) ) ;
#1685 = DIRECTION ( 'NONE',  ( -0.000000000000000000, -0.000000000000000000, 1.000000000000000000 ) ) ;
#1686 = AXIS2_PLACEMENT_3D ( 'NONE', #2205, #296, #148 ) ;
#1687 = ORIENTED_EDGE ( 'NONE', *, *, #1555, .T. ) ;
#1688 = CALENDAR_DATE ( 2024, 7, 11 ) ;
#1689 = EDGE_CURVE ( 'NONE', #194, #482, #77, .T. ) ;
#1690 = CARTESIAN_POINT ( 'NONE',  ( -17.00000000000000000, 31.93846153846154223, 3.299999999999998934 ) ) ;
#1691 = VECTOR ( 'NONE', #1132, 1000.000000000000000 ) ;
#1692 = CARTESIAN_POINT ( 'NONE',  ( -14.34629003184186402, 6.637610970355269480, 3.381823937774533384 ) ) ;
#1693 = ORIENTED_EDGE ( 'NONE', *, *, #1627, .T. ) ;
#1694 = CARTESIAN_POINT ( 'NONE',  ( 12.13730669589463673, 25.99999999999998579, 1.199999999999998845 ) ) ;
#1695 = AXIS2_PLACEMENT_3D ( 'NONE', #436, #1954, #1458 ) ;
#1696 = DIRECTION ( 'NONE',  ( -0.4999999999999997780, -0.8660254037844387076, 0.000000000000000000 ) ) ;
#1697 = VERTEX_POINT ( 'NONE', #752 ) ;
#1698 = VERTEX_POINT ( 'NONE', #417 ) ;
#1699 = VERTEX_POINT ( 'NONE', #250 ) ;
#1700 = MECHANICAL_CONTEXT ( 'NONE', #2151, 'mechanical' ) ;
#1701 = DIRECTION ( 'NONE',  ( 1.000000000000000000, 0.000000000000000000, 0.000000000000000000 ) ) ;
#1702 = EDGE_CURVE ( 'NONE', #1433, #129, #1103, .T. ) ;
#1703 = DIRECTION ( 'NONE',  ( 0.8660254037844387076, -0.4999999999999998890, 0.000000000000000000 ) ) ;
#1704 = EDGE_LOOP ( 'NONE', ( #2215, #405, #2166, #325, #2035, #1669 ) ) ;
#1705 = DIRECTION ( 'NONE',  ( -0.4999999999999998890, -0.8660254037844385966, -0.000000000000000000 ) ) ;
#1706 = ADVANCED_FACE ( 'NONE', ( #791, #1615 ), #285, .F. ) ;
#1707 = CARTESIAN_POINT ( 'NONE',  ( -10.10000000000001386, 25.99999999999999289, 3.299999999999998934 ) ) ;
#1708 = ORIENTED_EDGE ( 'NONE', *, *, #1083, .T. ) ;
#1709 = ORIENTED_EDGE ( 'NONE', *, *, #12, .T. ) ;
#1710 = DATE_AND_TIME ( #1187, #1927 ) ;
#1711 = DIRECTION ( 'NONE',  ( -1.796731938884648948E-16, -1.196361017915035049E-16, -1.000000000000000000 ) ) ;
#1712 = DIRECTION ( 'NONE',  ( -1.000000000000000000, -0.000000000000000000, -0.000000000000000000 ) ) ;
#1713 = ADVANCED_FACE ( 'NONE', ( #1626 ), #2130, .F. ) ;
#1714 = ORIENTED_EDGE ( 'NONE', *, *, #802, .F. ) ;
#1715 = CARTESIAN_POINT ( 'NONE',  ( 14.59999999999998543, 35.87692307692308447, 0.09999999999999766020 ) ) ;
#1716 = DIRECTION ( 'NONE',  ( -0.000000000000000000, -0.000000000000000000, 1.000000000000000000 ) ) ;
#1717 = ORIENTED_EDGE ( 'NONE', *, *, #262, .T. ) ;
#1718 = VECTOR ( 'NONE', #2034, 1000.000000000000000 ) ;
#1719 = ORIENTED_EDGE ( 'NONE', *, *, #2152, .F. ) ;
#1720 = AXIS2_PLACEMENT_3D ( 'NONE', #1229, #1735, #874 ) ;
#1721 =( GEOMETRIC_REPRESENTATION_CONTEXT ( 3 ) GLOBAL_UNCERTAINTY_ASSIGNED_CONTEXT ( ( #800 ) ) GLOBAL_UNIT_ASSIGNED_CONTEXT ( ( #1876, #664, #997 ) ) REPRESENTATION_CONTEXT ( 'NONE', 'WORKASPACE' ) );
#1722 = LINE ( 'NONE', #2013, #1032 ) ;
#1723 = EDGE_LOOP ( 'NONE', ( #524, #615, #971, #793 ) ) ;
#1724 = CARTESIAN_POINT ( 'NONE',  ( 14.26446609406724697, -9.000000000000007105, 3.299999999999998934 ) ) ;
#1725 = AXIS2_PLACEMENT_3D ( 'NONE', #605, #401, #1427 ) ;
#1726 = CARTESIAN_POINT ( 'NONE',  ( -10.31865334794731837, 22.84999999999999076, 3.299999999999998934 ) ) ;
#1727 = ORIENTED_EDGE ( 'NONE', *, *, #1251, .T. ) ;
#1728 = VECTOR ( 'NONE', #1696, 1000.000000000000227 ) ;
#1729 = ADVANCED_FACE ( 'NONE', ( #402 ), #261, .F. ) ;
#1730 = CIRCLE ( 'NONE', #931, 1.600000000000014522 ) ;
#1731 = EDGE_CURVE ( 'NONE', #694, #499, #112, .T. ) ;
#1732 = EDGE_CURVE ( 'NONE', #409, #858, #442, .T. ) ;
#1733 = CARTESIAN_POINT ( 'NONE',  ( 4.862693304105363268, 25.99999999999998934, 1.199999999999998845 ) ) ;
#1734 = VERTEX_POINT ( 'NONE', #237 ) ;
#1735 = DIRECTION ( 'NONE',  ( -1.000000000000000000, -0.000000000000000000, -0.000000000000000000 ) ) ;
#1736 = VERTEX_POINT ( 'NONE', #87 ) ;
#1737 = CARTESIAN_POINT ( 'NONE',  ( 7.000000000000000888, 6.099999999999992539, 3.299999999999998934 ) ) ;
#1738 = VERTEX_POINT ( 'NONE', #927 ) ;
#1739 = ORIENTED_EDGE ( 'NONE', *, *, #391, .F. ) ;
#1740 = EDGE_CURVE ( 'NONE', #1481, #281, #975, .T. ) ;
#1741 = LINE ( 'NONE', #1247, #1034 ) ;
#1742 =( BOUNDED_CURVE ( )  B_SPLINE_CURVE ( 3, ( #853, #311, #1692, #2207 ),
 .UNSPECIFIED., .F., .T. ) 
 B_SPLINE_CURVE_WITH_KNOTS ( ( 4, 4 ),
 ( 3.141592653589793116, 3.842176249786028563 ),
 .UNSPECIFIED. ) 
 CURVE ( )  GEOMETRIC_REPRESENTATION_ITEM ( )  RATIONAL_B_SPLINE_CURVE ( ( 1.000000000000000000, 0.9595150772858396238, 0.9595150772858396238, 1.000000000000000000 ) ) 
 REPRESENTATION_ITEM ( '' )  );
#1743 = ORIENTED_EDGE ( 'NONE', *, *, #1902, .F. ) ;
#1744 = LINE ( 'NONE', #33, #2073 ) ;
#1745 = CARTESIAN_POINT ( 'NONE',  ( -10.31865334794731304, 29.14999999999998082, 1.199999999999998845 ) ) ;
#1746 = ORIENTED_EDGE ( 'NONE', *, *, #262, .F. ) ;
#1747 = EDGE_LOOP ( 'NONE', ( #1565, #1507, #2031, #1871 ) ) ;
#1748 = CARTESIAN_POINT ( 'NONE',  ( 10.31865334794732192, 22.84999999999999432, 1.199999999999998845 ) ) ;
#1749 = VECTOR ( 'NONE', #539, 1000.000000000000114 ) ;
#1750 = FACE_OUTER_BOUND ( 'NONE', #1528, .T. ) ;
#1751 = CC_DESIGN_SECURITY_CLASSIFICATION ( #1569, ( #2107 ) ) ;
#1752 = EDGE_CURVE ( 'NONE', #220, #559, #1271, .T. ) ;
#1753 = VERTEX_POINT ( 'NONE', #1451 ) ;
#1754 = DIRECTION ( 'NONE',  ( -0.000000000000000000, -0.000000000000000000, 1.000000000000000000 ) ) ;
#1755 = DIRECTION ( 'NONE',  ( -0.4999999999999994449, 0.8660254037844389297, -0.000000000000000000 ) ) ;
#1756 = EDGE_LOOP ( 'NONE', ( #878, #1073 ) ) ;
#1757 = VECTOR ( 'NONE', #939, 1000.000000000000114 ) ;
#1758 = DIRECTION ( 'NONE',  ( -0.000000000000000000, -0.000000000000000000, 1.000000000000000000 ) ) ;
#1759 = LINE ( 'NONE', #42, #2146 ) ;
#1760 = CARTESIAN_POINT ( 'NONE',  ( 6.681346652052684298, 22.84999999999999076, 1.199999999999998845 ) ) ;
#1761 = CARTESIAN_POINT ( 'NONE',  ( -14.50000000000001243, 19.36724239470406062, 4.299999999999999822 ) ) ;
#1762 = EDGE_CURVE ( 'NONE', #47, #185, #1116, .T. ) ;
#1763 = ORIENTED_EDGE ( 'NONE', *, *, #1868, .T. ) ;
#1764 = LINE ( 'NONE', #392, #1946 ) ;
#1765 = ORIENTED_EDGE ( 'NONE', *, *, #965, .F. ) ;
#1766 = EDGE_CURVE ( 'NONE', #477, #688, #1209, .T. ) ;
#1767 = ORIENTED_EDGE ( 'NONE', *, *, #1559, .T. ) ;
#1768 = CARTESIAN_POINT ( 'NONE',  ( 14.49999999999999822, -9.000000000000005329, 16.99999999999999645 ) ) ;
#1769 = CARTESIAN_POINT ( 'NONE',  ( 8.500000000000001776, 25.99999999999999645, 0.09999999999999853451 ) ) ;
#1770 = LINE ( 'NONE', #1614, #1832 ) ;
#1771 = PLANE ( 'NONE',  #310 ) ;
#1772 = VECTOR ( 'NONE', #914, 1000.000000000000227 ) ;
#1773 = EDGE_CURVE ( 'NONE', #982, #1307, #1783, .T. ) ;
#1774 = DIRECTION ( 'NONE',  ( 0.000000000000000000, -1.196361017915035049E-16, -1.000000000000000000 ) ) ;
#1775 = ORIENTED_EDGE ( 'NONE', *, *, #116, .T. ) ;
#1776 = AXIS2_PLACEMENT_3D ( 'NONE', #677, #1517, #1493 ) ;
#1777 = DIRECTION ( 'NONE',  ( 0.000000000000000000, 3.469446951953614189E-15, 1.000000000000000000 ) ) ;
#1778 = VERTEX_POINT ( 'NONE', #121 ) ;
#1779 = VECTOR ( 'NONE', #1857, 1000.000000000000000 ) ;
#1780 = DIRECTION ( 'NONE',  ( 1.000000000000000000, 3.576939520802758847E-16, 0.000000000000000000 ) ) ;
#1781 = LINE ( 'NONE', #1299, #313 ) ;
#1782 = CARTESIAN_POINT ( 'NONE',  ( 6.681346652052684298, 22.84999999999999076, 3.299999999999998934 ) ) ;
#1783 = LINE ( 'NONE', #1811, #493 ) ;
#1784 = VECTOR ( 'NONE', #2109, 1000.000000000000000 ) ;
#1785 = CARTESIAN_POINT ( 'NONE',  ( 14.26446609406724697, 7.099999999999991651, 3.299999999999998934 ) ) ;
#1786 = VECTOR ( 'NONE', #1701, 1000.000000000000000 ) ;
#1787 = ORIENTED_EDGE ( 'NONE', *, *, #1520, .T. ) ;
#1788 = FACE_OUTER_BOUND ( 'NONE', #530, .T. ) ;
#1789 = DIRECTION ( 'NONE',  ( 1.000000000000000000, -0.000000000000000000, -1.796731938884648948E-16 ) ) ;
#1790 = ORIENTED_EDGE ( 'NONE', *, *, #1835, .F. ) ;
#1791 = ORIENTED_EDGE ( 'NONE', *, *, #658, .T. ) ;
#1792 = EDGE_CURVE ( 'NONE', #1910, #509, #1639, .T. ) ;
#1793 = EDGE_CURVE ( 'NONE', #281, #37, #619, .T. ) ;
#1794 = VECTOR ( 'NONE', #1475, 1000.000000000000000 ) ;
#1795 = DIRECTION ( 'NONE',  ( -0.000000000000000000, -0.000000000000000000, 1.000000000000000000 ) ) ;
#1796 = CIRCLE ( 'NONE', #1104, 1.600000000000014522 ) ;
#1797 = DIRECTION ( 'NONE',  ( 0.000000000000000000, 0.000000000000000000, 1.000000000000000000 ) ) ;
#1798 = EDGE_CURVE ( 'NONE', #1884, #1699, #1990, .T. ) ;
#1799 = DIRECTION ( 'NONE',  ( 2.184607920853353422E-32, 1.000000000000000000, 1.215878603577050681E-16 ) ) ;
#1800 = CARTESIAN_POINT ( 'NONE',  ( 6.681346652052680746, 29.14999999999998082, 1.199999999999998845 ) ) ;
#1801 = CARTESIAN_POINT ( 'NONE',  ( -14.50000000000000000, 36.00000000000000000, 1.734723475976807094E-15 ) ) ;
#1802 = ORIENTED_EDGE ( 'NONE', *, *, #1036, .F. ) ;
#1803 = DIRECTION ( 'NONE',  ( -9.637352644315595243E-17, -1.000000000000000000, 0.000000000000000000 ) ) ;
#1804 = CARTESIAN_POINT ( 'NONE',  ( 6.681346652052680746, 29.14999999999998082, 3.299999999999998934 ) ) ;
#1805 = CARTESIAN_POINT ( 'NONE',  ( 17.00000000000000000, 7.099999999999992539, 3.299999999999998934 ) ) ;
#1806 = ORIENTED_EDGE ( 'NONE', *, *, #895, .T. ) ;
#1807 = EDGE_CURVE ( 'NONE', #1958, #154, #1479, .T. ) ;
#1808 = CARTESIAN_POINT ( 'NONE',  ( 17.00000000000000000, 0.000000000000000000, 2.500000000000017764 ) ) ;
#1809 = CARTESIAN_POINT ( 'NONE',  ( -4.862693304105352610, 0.9999999999999876765, 1.199999999999998845 ) ) ;
#1810 = CARTESIAN_POINT ( 'NONE',  ( -6.681346652052673640, -2.150000000000012790, 1.199999999999998845 ) ) ;
#1811 = CARTESIAN_POINT ( 'NONE',  ( 10.31865334794732192, 22.84999999999999432, 1.199999999999998845 ) ) ;
#1812 = CARTESIAN_POINT ( 'NONE',  ( 0.5322330470336462671, -21.50000000000001066, -10.43223304703364462 ) ) ;
#1813 = EDGE_LOOP ( 'NONE', ( #767, #1393, #847, #870 ) ) ;
#1814 = CARTESIAN_POINT ( 'NONE',  ( -14.50000000000001243, 6.455336063501703414, 3.535533905932693788 ) ) ;
#1815 = VECTOR ( 'NONE', #1117, 1000.000000000000000 ) ;
#1816 = DIRECTION ( 'NONE',  ( -9.637352644315595243E-17, -1.000000000000000000, 0.000000000000000000 ) ) ;
#1817 = LINE ( 'NONE', #614, #320 ) ;
#1818 = ORIENTED_EDGE ( 'NONE', *, *, #2199, .T. ) ;
#1819 = DIRECTION ( 'NONE',  ( 0.000000000000000000, -0.9880120337511012485, 0.1543768802736101009 ) ) ;
#1820 = CARTESIAN_POINT ( 'NONE',  ( 17.00000000000000000, 11.99999999999999645, 19.49999999999999645 ) ) ;
#1821 = CARTESIAN_POINT ( 'NONE',  ( 10.31865334794732725, 4.149999999999987921, 1.199999999999998845 ) ) ;
#1822 = EDGE_CURVE ( 'NONE', #1385, #1419, #1359, .T. ) ;
#1823 = CARTESIAN_POINT ( 'NONE',  ( -14.49999999999999645, -4.000000000000004441, 22.00000000000000711 ) ) ;
#1824 = ORIENTED_EDGE ( 'NONE', *, *, #1188, .F. ) ;
#1825 = DIRECTION ( 'NONE',  ( -1.000000000000000000, -4.769252694403675833E-16, 0.000000000000000000 ) ) ;
#1826 = APPROVAL_PERSON_ORGANIZATION ( #848, #451, #1867 ) ;
#1827 = PLANE ( 'NONE',  #2112 ) ;
#1828 = LINE ( 'NONE', #945, #711 ) ;
#1829 = ORIENTED_EDGE ( 'NONE', *, *, #1951, .T. ) ;
#1830 = DIRECTION ( 'NONE',  ( -1.000000000000000000, 0.000000000000000000, 1.611041861173385734E-16 ) ) ;
#1831 = FACE_OUTER_BOUND ( 'NONE', #681, .T. ) ;
#1832 = VECTOR ( 'NONE', #580, 1000.000000000000000 ) ;
#1833 = DIRECTION ( 'NONE',  ( 0.000000000000000000, 0.000000000000000000, -1.000000000000000000 ) ) ;
#1834 = CARTESIAN_POINT ( 'NONE',  ( -8.499999999999998224, 25.99999999999999289, 3.299999999999998934 ) ) ;
#1835 = EDGE_CURVE ( 'NONE', #277, #385, #1536, .T. ) ;
#1836 = ORIENTED_EDGE ( 'NONE', *, *, #1388, .F. ) ;
#1837 = CARTESIAN_POINT ( 'NONE',  ( 6.681346652052682522, 4.149999999999988809, 1.199999999999998845 ) ) ;
#1838 = CARTESIAN_POINT ( 'NONE',  ( 14.49999999999999822, 31.93846153846154223, 3.299999999999998934 ) ) ;
#1839 = ORIENTED_EDGE ( 'NONE', *, *, #259, .F. ) ;
#1840 = ADVANCED_FACE ( 'NONE', ( #180 ), #1198, .F. ) ;
#1841 = ORIENTED_EDGE ( 'NONE', *, *, #11, .F. ) ;
#1842 = CARTESIAN_POINT ( 'NONE',  ( 17.00000000000000000, 4.770257387988576347, 20.62964728312677920 ) ) ;
#1843 = CARTESIAN_POINT ( 'NONE',  ( -7.000000000000000888, -4.000000000000001776, 13.25000000000000178 ) ) ;
#1844 = CARTESIAN_POINT ( 'NONE',  ( -8.499999999999998224, 25.99999999999999289, 1.199999999999998845 ) ) ;
#1845 = ORIENTED_EDGE ( 'NONE', *, *, #73, .T. ) ;
#1846 = CARTESIAN_POINT ( 'NONE',  ( 19.20000000000000284, -4.000000000000002665, 17.00000000000000000 ) ) ;
#1847 = EDGE_CURVE ( 'NONE', #1738, #625, #1151, .T. ) ;
#1848 = DIRECTION ( 'NONE',  ( 0.000000000000000000, -1.000000000000000000, 0.000000000000000000 ) ) ;
#1849 = VECTOR ( 'NONE', #1143, 1000.000000000000114 ) ;
#1850 = ORIENTED_EDGE ( 'NONE', *, *, #1056, .T. ) ;
#1851 = ORIENTED_EDGE ( 'NONE', *, *, #503, .T. ) ;
#1852 = EDGE_CURVE ( 'NONE', #977, #334, #2206, .T. ) ;
#1853 = CARTESIAN_POINT ( 'NONE',  ( 14.49999999999999645, -9.000000000000007105, 3.535533905932747079 ) ) ;
#1854 = ORIENTED_EDGE ( 'NONE', *, *, #106, .T. ) ;
#1855 = PERSON_AND_ORGANIZATION_ROLE ( 'creator' ) ;
#1856 = DIRECTION ( 'NONE',  ( -0.7071067811865486830, 0.000000000000000000, 0.7071067811865464625 ) ) ;
#1857 = DIRECTION ( 'NONE',  ( 0.000000000000000000, -1.000000000000000000, 0.000000000000000000 ) ) ;
#1858 = ORIENTED_EDGE ( 'NONE', *, *, #593, .F. ) ;
#1859 = CARTESIAN_POINT ( 'NONE',  ( 2.300000000000017586, -21.50000000000001066, -12.20000000000001172 ) ) ;
#1860 = AXIS2_PLACEMENT_3D ( 'NONE', #1067, #738, #587 ) ;
#1861 = CARTESIAN_POINT ( 'NONE',  ( -6.681346652052678969, 29.14999999999998082, 1.199999999999998845 ) ) ;
#1862 = AXIS2_PLACEMENT_3D ( 'NONE', #570, #67, #44 ) ;
#1863 = ORIENTED_EDGE ( 'NONE', *, *, #638, .F. ) ;
#1864 = ORIENTED_EDGE ( 'NONE', *, *, #503, .F. ) ;
#1865 = VECTOR ( 'NONE', #351, 1000.000000000000000 ) ;
#1866 = ADVANCED_FACE ( 'NONE', ( #665 ), #675, .T. ) ;
#1867 = APPROVAL_ROLE ( '' ) ;
#1868 = EDGE_CURVE ( 'NONE', #1738, #906, #1189, .T. ) ;
#1869 = DIRECTION ( 'NONE',  ( 2.773738714129667642E-17, -0.9880120337511012485, 0.1543768802736101287 ) ) ;
#1870 = DIRECTION ( 'NONE',  ( -0.000000000000000000, -0.000000000000000000, 1.000000000000000000 ) ) ;
#1871 = ORIENTED_EDGE ( 'NONE', *, *, #11, .T. ) ;
#1872 = LINE ( 'NONE', #326, #683 ) ;
#1873 = DIRECTION ( 'NONE',  ( 1.000000000000000000, 0.000000000000000000, 0.000000000000000000 ) ) ;
#1874 = ORIENTED_EDGE ( 'NONE', *, *, #1338, .T. ) ;
#1875 = ORIENTED_EDGE ( 'NONE', *, *, #1338, .F. ) ;
#1876 =( LENGTH_UNIT ( ) NAMED_UNIT ( * ) SI_UNIT ( .MILLI., .METRE. ) );
#1877 = EDGE_CURVE ( 'NONE', #688, #448, #152, .T. ) ;
#1878 = CARTESIAN_POINT ( 'NONE',  ( -14.50000000000001243, 36.00000000000000000, 1.852639320095491799E-15 ) ) ;
#1879 = LINE ( 'NONE', #1326, #229 ) ;
#1880 = ORIENTED_EDGE ( 'NONE', *, *, #1157, .T. ) ;
#1881 = PLANE ( 'NONE',  #1545 ) ;
#1882 = DIRECTION ( 'NONE',  ( -0.000000000000000000, -0.000000000000000000, 1.000000000000000000 ) ) ;
#1883 = ORIENTED_EDGE ( 'NONE', *, *, #1127, .F. ) ;
#1884 = VERTEX_POINT ( 'NONE', #170 ) ;
#1885 = PERSON_AND_ORGANIZATION_ROLE ( 'design_supplier' ) ;
#1886 = AXIS2_PLACEMENT_3D ( 'NONE', #1302, #1616, #78 ) ;
#1887 = DIRECTION ( 'NONE',  ( -1.000000000000000000, -0.000000000000000000, -0.000000000000000000 ) ) ;
#1888 = ORIENTED_EDGE ( 'NONE', *, *, #599, .T. ) ;
#1889 = FACE_BOUND ( 'NONE', #1756, .T. ) ;
#1890 = ADVANCED_FACE ( 'NONE', ( #492 ), #1348, .F. ) ;
#1891 = EDGE_CURVE ( 'NONE', #2083, #1191, #136, .T. ) ;
#1892 = DIRECTION ( 'NONE',  ( -1.000000000000000000, 2.384626347201837917E-16, -0.000000000000000000 ) ) ;
#1893 = ORIENTED_EDGE ( 'NONE', *, *, #1953, .T. ) ;
#1894 = EDGE_CURVE ( 'NONE', #1403, #2053, #1722, .T. ) ;
#1895 = ORIENTED_EDGE ( 'NONE', *, *, #1544, .F. ) ;
#1896 = AXIS2_PLACEMENT_3D ( 'NONE', #1842, #2189, #1819 ) ;
#1897 = VECTOR ( 'NONE', #1869, 1000.000000000000114 ) ;
#1898 = VECTOR ( 'NONE', #361, 1000.000000000000114 ) ;
#1899 = CARTESIAN_POINT ( 'NONE',  ( -6.681346652052682522, 22.84999999999998721, 3.299999999999998934 ) ) ;
#1900 = ORIENTED_EDGE ( 'NONE', *, *, #88, .T. ) ;
#1901 = DIRECTION ( 'NONE',  ( 1.000000000000000000, 0.000000000000000000, 0.000000000000000000 ) ) ;
#1902 = EDGE_CURVE ( 'NONE', #559, #1676, #654, .T. ) ;
#1903 = LINE ( 'NONE', #1409, #1590 ) ;
#1904 = ORIENTED_EDGE ( 'NONE', *, *, #1140, .F. ) ;
#1905 = EDGE_LOOP ( 'NONE', ( #818, #2111, #1339, #1538, #973, #1875 ) ) ;
#1906 = PLANE ( 'NONE',  #348 ) ;
#1907 = ORIENTED_EDGE ( 'NONE', *, *, #1059, .T. ) ;
#1908 = DIRECTION ( 'NONE',  ( 0.000000000000000000, 6.938893903907228378E-15, 1.000000000000000000 ) ) ;
#1909 = DIRECTION ( 'NONE',  ( 0.8660254037844387076, 0.4999999999999998890, 0.000000000000000000 ) ) ;
#1910 = VERTEX_POINT ( 'NONE', #2023 ) ;
#1911 = CC_DESIGN_DATE_AND_TIME_ASSIGNMENT ( #827, #1515, ( #1569 ) ) ;
#1912 = ORIENTED_EDGE ( 'NONE', *, *, #718, .T. ) ;
#1913 = EDGE_CURVE ( 'NONE', #1698, #111, #1241, .T. ) ;
#1914 = CARTESIAN_POINT ( 'NONE',  ( -4.862693304105352610, 0.9999999999999876765, 3.299999999999998934 ) ) ;
#1915 = CIRCLE ( 'NONE', #875, 1.600000000000014522 ) ;
#1916 = DIRECTION ( 'NONE',  ( -0.000000000000000000, -0.000000000000000000, 1.000000000000000000 ) ) ;
#1917 = ORIENTED_EDGE ( 'NONE', *, *, #1798, .F. ) ;
#1918 = DIRECTION ( 'NONE',  ( 1.000000000000000000, 9.538505388807371388E-16, -0.000000000000000000 ) ) ;
#1919 = LINE ( 'NONE', #876, #125 ) ;
#1920 = ORIENTED_EDGE ( 'NONE', *, *, #1308, .T. ) ;
#1921 = VERTEX_POINT ( 'NONE', #1547 ) ;
#1922 = VERTEX_POINT ( 'NONE', #468 ) ;
#1923 = ADVANCED_FACE ( 'NONE', ( #1674 ), #13, .F. ) ;
#1924 = DIRECTION ( 'NONE',  ( -0.000000000000000000, -0.000000000000000000, 1.000000000000000000 ) ) ;
#1925 = CIRCLE ( 'NONE', #1239, 3.750000000000000000 ) ;
#1926 = DIRECTION ( 'NONE',  ( 0.5000000000000002220, -0.8660254037844384856, 0.000000000000000000 ) ) ;
#1927 = LOCAL_TIME ( 20, 9, 4.000000000000000000, #1358 ) ;
#1928 = EDGE_CURVE ( 'NONE', #2065, #698, #1503, .T. ) ;
#1929 = LINE ( 'NONE', #1437, #568 ) ;
#1930 = DIRECTION ( 'NONE',  ( -1.000000000000000000, 0.000000000000000000, -0.000000000000000000 ) ) ;
#1931 = CARTESIAN_POINT ( 'NONE',  ( -14.49999999999999822, -4.000000000000002665, 17.00000000000000000 ) ) ;
#1932 = ORIENTED_EDGE ( 'NONE', *, *, #12, .F. ) ;
#1933 = VECTOR ( 'NONE', #2174, 1000.000000000000227 ) ;
#1934 = ORIENTED_EDGE ( 'NONE', *, *, #2044, .F. ) ;
#1935 = CARTESIAN_POINT ( 'NONE',  ( -14.26446609406731270, 7.099999999999998757, 3.299999999999998934 ) ) ;
#1936 = DIRECTION ( 'NONE',  ( -0.4999999999999998890, -0.8660254037844387076, 0.000000000000000000 ) ) ;
#1937 = ADVANCED_FACE ( 'NONE', ( #2047, #1526 ), #479, .F. ) ;
#1938 = CARTESIAN_POINT ( 'NONE',  ( -6.899999999999982592, 0.9999999999999870104, 1.199999999999998845 ) ) ;
#1939 = CARTESIAN_POINT ( 'NONE',  ( 10.10000000000001741, 25.99999999999999645, 1.199999999999998845 ) ) ;
#1940 = DIRECTION ( 'NONE',  ( -0.8660254037844387076, 0.5000000000000000000, 0.000000000000000000 ) ) ;
#1941 = VERTEX_POINT ( 'NONE', #1021 ) ;
#1942 = CARTESIAN_POINT ( 'NONE',  ( -17.00000000000000000, 9.332917957605969761, 19.91673156912406029 ) ) ;
#1943 = ORIENTED_EDGE ( 'NONE', *, *, #305, .T. ) ;
#1944 = FACE_OUTER_BOUND ( 'NONE', #2043, .T. ) ;
#1945 = CARTESIAN_POINT ( 'NONE',  ( 7.000000000000000888, 7.099999999999992539, 4.299999999999999822 ) ) ;
#1946 = VECTOR ( 'NONE', #724, 1000.000000000000000 ) ;
#1947 = PRODUCT_RELATED_PRODUCT_CATEGORY ( 'detail', '', ( #1296 ) ) ;
#1948 = DIRECTION ( 'NONE',  ( 0.4999999999999999445, 0.8660254037844385966, 0.000000000000000000 ) ) ;
#1949 = CYLINDRICAL_SURFACE ( 'NONE', #1720, 1.000000000000000888 ) ;
#1950 = LINE ( 'NONE', #227, #1772 ) ;
#1951 = EDGE_CURVE ( 'NONE', #318, #293, #224, .T. ) ;
#1952 = VERTEX_POINT ( 'NONE', #2075 ) ;
#1953 = EDGE_CURVE ( 'NONE', #1699, #1385, #188, .T. ) ;
#1954 = DIRECTION ( 'NONE',  ( -1.000000000000000000, 0.000000000000000000, 0.000000000000000000 ) ) ;
#1955 = LINE ( 'NONE', #408, #350 ) ;
#1956 = ADVANCED_FACE ( 'NONE', ( #1405 ), #1043, .F. ) ;
#1957 = ORIENTED_EDGE ( 'NONE', *, *, #1891, .F. ) ;
#1958 = VERTEX_POINT ( 'NONE', #1217 ) ;
#1959 = CARTESIAN_POINT ( 'NONE',  ( 19.20000000000000284, -4.000000000000002665, 14.50000000000000178 ) ) ;
#1960 = FACE_OUTER_BOUND ( 'NONE', #854, .T. ) ;
#1961 = LINE ( 'NONE', #1580, #1466 ) ;
#1962 = DIRECTION ( 'NONE',  ( 0.8660254037844390407, 0.4999999999999995004, 0.000000000000000000 ) ) ;
#1963 = CIRCLE ( 'NONE', #560, 10.00000000000000000 ) ;
#1964 = AXIS2_PLACEMENT_3D ( 'NONE', #1589, #1398, #1079 ) ;
#1965 = DIRECTION ( 'NONE',  ( 1.000000000000000000, 0.000000000000000000, 0.000000000000000000 ) ) ;
#1966 = APPROVAL_PERSON_ORGANIZATION ( #504, #916, #653 ) ;
#1967 = EDGE_LOOP ( 'NONE', ( #1281, #543, #2123, #1041 ) ) ;
#1968 = LINE ( 'NONE', #781, #1009 ) ;
#1969 = ADVANCED_FACE ( 'NONE', ( #555 ), #712, .F. ) ;
#1970 = CARTESIAN_POINT ( 'NONE',  ( -10.31865334794731837, 22.84999999999999076, 1.199999999999998845 ) ) ;
#1971 = FACE_OUTER_BOUND ( 'NONE', #232, .T. ) ;
#1972 = VERTEX_POINT ( 'NONE', #388 ) ;
#1973 = ORIENTED_EDGE ( 'NONE', *, *, #612, .T. ) ;
#1974 = AXIS2_PLACEMENT_3D ( 'NONE', #1237, #249, #1948 ) ;
#1975 = VECTOR ( 'NONE', #596, 1000.000000000000000 ) ;
#1976 = CARTESIAN_POINT ( 'NONE',  ( -7.000000000000000888, -4.000000000000002665, 20.75000000000000000 ) ) ;
#1977 = DIRECTION ( 'NONE',  ( 1.000000000000000000, 0.000000000000000000, 0.000000000000000000 ) ) ;
#1978 = CARTESIAN_POINT ( 'NONE',  ( 10.10000000000001741, 25.99999999999999645, 3.299999999999998934 ) ) ;
#1979 = DIRECTION ( 'NONE',  ( 0.4999999999999998890, 0.8660254037844385966, 0.000000000000000000 ) ) ;
#1980 = CARTESIAN_POINT ( 'NONE',  ( 10.31865334794732192, 22.84999999999999432, 3.299999999999998934 ) ) ;
#1981 = EDGE_LOOP ( 'NONE', ( #1592, #512, #685, #1554 ) ) ;
#1982 = LINE ( 'NONE', #1656, #1933 ) ;
#1983 = CARTESIAN_POINT ( 'NONE',  ( 17.00000000000000000, -4.000000000000002665, 17.00000000000000000 ) ) ;
#1984 = FACE_OUTER_BOUND ( 'NONE', #893, .T. ) ;
#1985 = ORIENTED_EDGE ( 'NONE', *, *, #965, .T. ) ;
#1986 = PRODUCT_DEFINITION ( 'UNKNOWN', '', #2107, #1226 ) ;
#1987 = DIRECTION ( 'NONE',  ( 1.000000000000000000, -0.000000000000000000, -1.611041861173385734E-16 ) ) ;
#1988 = EDGE_CURVE ( 'NONE', #835, #144, #1413, .T. ) ;
#1989 = DIRECTION ( 'NONE',  ( 1.796731938884648948E-16, 0.000000000000000000, 1.000000000000000000 ) ) ;
#1990 = LINE ( 'NONE', #2171, #453 ) ;
#1991 = FACE_OUTER_BOUND ( 'NONE', #1634, .T. ) ;
#1992 = VERTEX_POINT ( 'NONE', #1227 ) ;
#1993 = DIRECTION ( 'NONE',  ( 1.000000000000000000, 0.000000000000000000, 0.000000000000000000 ) ) ;
#1994 = DIRECTION ( 'NONE',  ( -0.000000000000000000, -0.000000000000000000, 1.000000000000000000 ) ) ;
#1995 = CARTESIAN_POINT ( 'NONE',  ( -6.899999999999982592, 0.9999999999999870104, 0.09999999999999853451 ) ) ;
#1996 = VERTEX_POINT ( 'NONE', #1899 ) ;
#1997 = CARTESIAN_POINT ( 'NONE',  ( -17.00000000000000000, 35.87692307692307736, 0.09999999999999939493 ) ) ;
#1998 = CARTESIAN_POINT ( 'NONE',  ( -6.681346652052675417, 4.149999999999987033, 1.199999999999998845 ) ) ;
#1999 = EDGE_CURVE ( 'NONE', #544, #1972, #275, .T. ) ;
#2000 = DIRECTION ( 'NONE',  ( 0.8660254037844389297, -0.4999999999999995559, 0.000000000000000000 ) ) ;
#2001 = EDGE_CURVE ( 'NONE', #2190, #1334, #1759, .T. ) ;
#2002 = LINE ( 'NONE', #458, #840 ) ;
#2003 = EDGE_LOOP ( 'NONE', ( #1484, #880 ) ) ;
#2004 = AXIS2_PLACEMENT_3D ( 'NONE', #2056, #341, #331 ) ;
#2005 = CARTESIAN_POINT ( 'NONE',  ( 19.20000000000000284, -4.000000000000002665, 17.00000000000000000 ) ) ;
#2006 = VECTOR ( 'NONE', #1396, 1000.000000000000227 ) ;
#2007 = CYLINDRICAL_SURFACE ( 'NONE', #1042, 2.499999999999998668 ) ;
#2008 = ORIENTED_EDGE ( 'NONE', *, *, #921, .F. ) ;
#2009 = ORIENTED_EDGE ( 'NONE', *, *, #116, .F. ) ;
#2010 = LINE ( 'NONE', #2156, #1678 ) ;
#2011 = VECTOR ( 'NONE', #1287, 1000.000000000000000 ) ;
#2012 = CIRCLE ( 'NONE', #537, 5.000000000000000888 ) ;
#2013 = CARTESIAN_POINT ( 'NONE',  ( 14.59999999999998899, -21.50000000000001066, 0.09999999999999939493 ) ) ;
#2014 = ADVANCED_FACE ( 'NONE', ( #1567 ), #1906, .F. ) ;
#2015 = LINE ( 'NONE', #830, #264 ) ;
#2016 = ORIENTED_EDGE ( 'NONE', *, *, #1807, .F. ) ;
#2017 = DIRECTION ( 'NONE',  ( 0.000000000000000000, 0.000000000000000000, -1.000000000000000000 ) ) ;
#2018 = CARTESIAN_POINT ( 'NONE',  ( 14.50000000000000178, -4.000000000000002665, 17.00000000000000000 ) ) ;
#2019 = ORIENTED_EDGE ( 'NONE', *, *, #527, .T. ) ;
#2020 = ORIENTED_EDGE ( 'NONE', *, *, #1627, .F. ) ;
#2021 = DIRECTION ( 'NONE',  ( 1.000000000000000000, 0.000000000000000000, 0.000000000000000000 ) ) ;
#2022 = PERSON_AND_ORGANIZATION ( #938, #415 ) ;
#2023 = CARTESIAN_POINT ( 'NONE',  ( -14.49999999999999822, -9.000000000000005329, 17.00000000000000000 ) ) ;
#2024 = FACE_OUTER_BOUND ( 'NONE', #1542, .T. ) ;
#2025 = ORIENTED_EDGE ( 'NONE', *, *, #332, .F. ) ;
#2026 = DIRECTION ( 'NONE',  ( -0.5333964609104456800, -0.6564879518897724919, 0.5333964609104404619 ) ) ;
#2027 = EDGE_CURVE ( 'NONE', #1242, #118, #1068, .T. ) ;
#2028 = LINE ( 'NONE', #2211, #1347 ) ;
#2029 = ADVANCED_FACE ( 'NONE', ( #1750 ), #197, .F. ) ;
#2030 = VECTOR ( 'NONE', #2068, 1000.000000000000000 ) ;
#2031 = ORIENTED_EDGE ( 'NONE', *, *, #2194, .F. ) ;
#2032 = ORIENTED_EDGE ( 'NONE', *, *, #1559, .F. ) ;
#2033 = EDGE_CURVE ( 'NONE', #1077, #1952, #20, .T. ) ;
#2034 = DIRECTION ( 'NONE',  ( -1.000000000000000000, -0.000000000000000000, -0.000000000000000000 ) ) ;
#2035 = ORIENTED_EDGE ( 'NONE', *, *, #430, .T. ) ;
#2036 = DATE_AND_TIME ( #1369, #2185 ) ;
#2037 = CARTESIAN_POINT ( 'NONE',  ( -6.681346652052675417, 4.149999999999987033, 1.199999999999998845 ) ) ;
#2038 = DIRECTION ( 'NONE',  ( 0.5000000000000000000, -0.8660254037844385966, 0.000000000000000000 ) ) ;
#2039 = ORIENTED_EDGE ( 'NONE', *, *, #1387, .F. ) ;
#2040 = DIRECTION ( 'NONE',  ( -0.7071067811865510144, 0.000000000000000000, 0.7071067811865441310 ) ) ;
#2041 = DIRECTION ( 'NONE',  ( 0.000000000000000000, -0.000000000000000000, 1.000000000000000000 ) ) ;
#2042 = VECTOR ( 'NONE', #1301, 1000.000000000000114 ) ;
#2043 = EDGE_LOOP ( 'NONE', ( #517, #1274, #1585, #1342 ) ) ;
#2044 = EDGE_CURVE ( 'NONE', #1481, #1642, #1384, .T. ) ;
#2045 = AXIS2_PLACEMENT_3D ( 'NONE', #1164, #828, #2218 ) ;
#2046 = ORIENTED_EDGE ( 'NONE', *, *, #395, .T. ) ;
#2047 = FACE_BOUND ( 'NONE', #1668, .T. ) ;
#2048 = CYLINDRICAL_SURFACE ( 'NONE', #2216, 1.600000000000014522 ) ;
#2049 = ORIENTED_EDGE ( 'NONE', *, *, #2194, .T. ) ;
#2050 = DIRECTION ( 'NONE',  ( 0.7071067811865464625, 0.000000000000000000, 0.7071067811865486830 ) ) ;
#2051 = CARTESIAN_POINT ( 'NONE',  ( 4.862693304105363268, 25.99999999999998934, 1.199999999999998845 ) ) ;
#2052 = ORIENTED_EDGE ( 'NONE', *, *, #1026, .F. ) ;
#2053 = VERTEX_POINT ( 'NONE', #546 ) ;
#2054 = PERSON_AND_ORGANIZATION_ROLE ( 'creator' ) ;
#2055 = EDGE_CURVE ( 'NONE', #559, #1996, #1741, .T. ) ;
#2056 = CARTESIAN_POINT ( 'NONE',  ( 7.000000000000000888, 19.36724239470405351, 4.299999999999999822 ) ) ;
#2057 = ORIENTED_EDGE ( 'NONE', *, *, #1234, .F. ) ;
#2058 = CYLINDRICAL_SURFACE ( 'NONE', #1277, 1.600000000000014522 ) ;
#2059 = DIRECTION ( 'NONE',  ( -1.000000000000000000, 0.000000000000000000, 1.796731938884648948E-16 ) ) ;
#2060 = ORIENTED_EDGE ( 'NONE', *, *, #515, .F. ) ;
#2061 = VERTEX_POINT ( 'NONE', #1058 ) ;
#2062 = AXIS2_PLACEMENT_3D ( 'NONE', #286, #1002, #469 ) ;
#2063 = CARTESIAN_POINT ( 'NONE',  ( -10.31865334794731304, 29.14999999999998082, 3.299999999999998934 ) ) ;
#2064 = EDGE_CURVE ( 'NONE', #1033, #220, #1578, .T. ) ;
#2065 = VERTEX_POINT ( 'NONE', #721 ) ;
#2066 = ORIENTED_EDGE ( 'NONE', *, *, #802, .T. ) ;
#2067 = DIRECTION ( 'NONE',  ( -0.000000000000000000, -0.000000000000000000, 1.000000000000000000 ) ) ;
#2068 = DIRECTION ( 'NONE',  ( -0.000000000000000000, -0.000000000000000000, 1.000000000000000000 ) ) ;
#2069 = ORIENTED_EDGE ( 'NONE', *, *, #682, .F. ) ;
#2070 = ORIENTED_EDGE ( 'NONE', *, *, #1251, .F. ) ;
#2071 = VERTEX_POINT ( 'NONE', #2096 ) ;
#2072 = CIRCLE ( 'NONE', #1094, 5.000000000000000888 ) ;
#2073 = VECTOR ( 'NONE', #1918, 1000.000000000000000 ) ;
#2074 = VECTOR ( 'NONE', #700, 1000.000000000000000 ) ;
#2075 = CARTESIAN_POINT ( 'NONE',  ( -14.50000000000000000, -9.000000000000007105, 3.535533905932693788 ) ) ;
#2076 = ORIENTED_EDGE ( 'NONE', *, *, #487, .F. ) ;
#2077 = CARTESIAN_POINT ( 'NONE',  ( 10.31865334794732725, 4.149999999999987921, 1.199999999999998845 ) ) ;
#2078 = VECTOR ( 'NONE', #1594, 1000.000000000000000 ) ;
#2079 = CARTESIAN_POINT ( 'NONE',  ( -8.499999999999996447, 0.9999999999999870104, 0.09999999999999853451 ) ) ;
#2080 = ORIENTED_EDGE ( 'NONE', *, *, #1740, .F. ) ;
#2081 = ADVANCED_FACE ( 'NONE', ( #901 ), #380, .T. ) ;
#2082 = VECTOR ( 'NONE', #1994, 1000.000000000000000 ) ;
#2083 = VERTEX_POINT ( 'NONE', #1998 ) ;
#2084 = DIRECTION ( 'NONE',  ( 1.000000000000000000, 0.000000000000000000, 0.000000000000000000 ) ) ;
#2085 = DIRECTION ( 'NONE',  ( -0.5000000000000005551, 0.8660254037844382635, -0.000000000000000000 ) ) ;
#2086 = ORIENTED_EDGE ( 'NONE', *, *, #1325, .F. ) ;
#2087 = DIRECTION ( 'NONE',  ( 1.000000000000000000, -1.192313173600918958E-16, 0.000000000000000000 ) ) ;
#2088 = DIRECTION ( 'NONE',  ( -0.000000000000000000, -0.000000000000000000, 1.000000000000000000 ) ) ;
#2089 = EDGE_LOOP ( 'NONE', ( #707, #171, #1098, #1159, #1912, #1331, #574, #635 ) ) ;
#2090 = ORIENTED_EDGE ( 'NONE', *, *, #221, .F. ) ;
#2091 = EDGE_CURVE ( 'NONE', #2221, #185, #1088, .T. ) ;
#2092 = ORIENTED_EDGE ( 'NONE', *, *, #2055, .T. ) ;
#2093 = ADVANCED_FACE ( 'NONE', ( #1662 ), #1310, .F. ) ;
#2094 = LINE ( 'NONE', #545, #1566 ) ;
#2095 = VECTOR ( 'NONE', #1395, 1000.000000000000114 ) ;
#2096 = CARTESIAN_POINT ( 'NONE',  ( 14.50000000000000178, 7.099999999999992539, 3.299999999999998934 ) ) ;
#2097 = DIRECTION ( 'NONE',  ( 1.000000000000000000, 0.000000000000000000, 0.000000000000000000 ) ) ;
#2098 = DIRECTION ( 'NONE',  ( 1.000000000000000000, -0.000000000000000000, -0.000000000000000000 ) ) ;
#2099 = DIRECTION ( 'NONE',  ( 1.000000000000000000, 0.000000000000000000, 0.000000000000000000 ) ) ;
#2100 = ORIENTED_EDGE ( 'NONE', *, *, #166, .T. ) ;
#2101 = ORIENTED_EDGE ( 'NONE', *, *, #1199, .T. ) ;
#2102 = ORIENTED_EDGE ( 'NONE', *, *, #198, .T. ) ;
#2103 = CARTESIAN_POINT ( 'NONE',  ( 17.00000000000000000, 31.93846153846154223, 3.299999999999998934 ) ) ;
#2104 = AXIS2_PLACEMENT_3D ( 'NONE', #825, #1987, #1309 ) ;
#2105 = VECTOR ( 'NONE', #1833, 1000.000000000000000 ) ;
#2106 = DIRECTION ( 'NONE',  ( 0.000000000000000000, 0.000000000000000000, 1.000000000000000000 ) ) ;
#2107 = PRODUCT_DEFINITION_FORMATION_WITH_SPECIFIED_SOURCE ( 'ANY', '', #1296, .NOT_KNOWN. ) ;
#2108 = DIRECTION ( 'NONE',  ( -0.000000000000000000, -0.000000000000000000, 1.000000000000000000 ) ) ;
#2109 = DIRECTION ( 'NONE',  ( -0.000000000000000000, -0.000000000000000000, 1.000000000000000000 ) ) ;
#2110 = CARTESIAN_POINT ( 'NONE',  ( -8.499999999999996447, 0.9999999999999870104, 1.199999999999998845 ) ) ;
#2111 = ORIENTED_EDGE ( 'NONE', *, *, #173, .F. ) ;
#2112 = AXIS2_PLACEMENT_3D ( 'NONE', #407, #2150, #2135 ) ;
#2113 = CARTESIAN_POINT ( 'NONE',  ( 17.00000000000000000, 36.00000000000000000, 0.09999999999999939493 ) ) ;
#2114 = ORIENTED_EDGE ( 'NONE', *, *, #798, .T. ) ;
#2115 = DIRECTION ( 'NONE',  ( 0.5000000000000000000, -0.8660254037844385966, -0.000000000000000000 ) ) ;
#2116 = LINE ( 'NONE', #1257, #532 ) ;
#2117 = ADVANCED_FACE ( 'NONE', ( #1285, #589, #284, #429, #617 ), #578, .T. ) ;
#2118 = ADVANCED_FACE ( 'NONE', ( #2157 ), #739, .T. ) ;
#2119 = CARTESIAN_POINT ( 'NONE',  ( -8.499999999999996447, 0.9999999999999870104, 0.09999999999999853451 ) ) ;
#2120 = CARTESIAN_POINT ( 'NONE',  ( 4.862693304105363268, 25.99999999999998934, 1.199999999999998845 ) ) ;
#2121 = EDGE_CURVE ( 'NONE', #1144, #1481, #2169, .T. ) ;
#2122 = DIRECTION ( 'NONE',  ( -1.015911116374399367E-16, 0.7761140001162654123, -0.6305926250944658973 ) ) ;
#2123 = ORIENTED_EDGE ( 'NONE', *, *, #403, .F. ) ;
#2124 = CARTESIAN_POINT ( 'NONE',  ( 14.26446609406724875, 31.93846153846153513, 3.299999999999999822 ) ) ;
#2125 = DIRECTION ( 'NONE',  ( -1.000000000000000000, 0.000000000000000000, 0.000000000000000000 ) ) ;
#2126 = ORIENTED_EDGE ( 'NONE', *, *, #1999, .T. ) ;
#2127 = CYLINDRICAL_SURFACE ( 'NONE', #849, 1.600000000000014522 ) ;
#2128 = CARTESIAN_POINT ( 'NONE',  ( -17.00000000000000000, 9.332917957605966208, 19.91673156912406029 ) ) ;
#2129 = CYLINDRICAL_SURFACE ( 'NONE', #282, 1.600000000000014522 ) ;
#2130 = PLANE ( 'NONE',  #1095 ) ;
#2131 = ADVANCED_FACE ( 'NONE', ( #937 ), #1465, .F. ) ;
#2132 = PLANE ( 'NONE',  #223 ) ;
#2133 = ORIENTED_EDGE ( 'NONE', *, *, #1798, .T. ) ;
#2134 = DIRECTION ( 'NONE',  ( -0.000000000000000000, -0.000000000000000000, 1.000000000000000000 ) ) ;
#2135 = DIRECTION ( 'NONE',  ( 1.927470528863119049E-16, 1.000000000000000000, 0.000000000000000000 ) ) ;
#2136 = VECTOR ( 'NONE', #2220, 1000.000000000000000 ) ;
#2137 = CARTESIAN_POINT ( 'NONE',  ( -17.00000000000006750, -9.000000000000007105, 2.500000000000013323 ) ) ;
#2138 = ORIENTED_EDGE ( 'NONE', *, *, #2033, .T. ) ;
#2139 = CARTESIAN_POINT ( 'NONE',  ( -14.49999999999999645, -4.000000000000004441, 22.00000000000000711 ) ) ;
#2140 = VECTOR ( 'NONE', #1621, 1000.000000000000227 ) ;
#2141 = DIRECTION ( 'NONE',  ( 1.000000000000000000, 0.000000000000000000, 0.000000000000000000 ) ) ;
#2142 = VECTOR ( 'NONE', #1333, 1000.000000000000000 ) ;
#2143 = AXIS2_PLACEMENT_3D ( 'NONE', #732, #1562, #1908 ) ;
#2144 = CARTESIAN_POINT ( 'NONE',  ( 19.20000000000000284, -4.000000000000002665, 19.50000000000000000 ) ) ;
#2145 = DIRECTION ( 'NONE',  ( -1.958831328467668488E-32, 1.000000000000000000, -1.215878603577050434E-16 ) ) ;
#2146 = VECTOR ( 'NONE', #1076, 1000.000000000000227 ) ;
#2147 = CARTESIAN_POINT ( 'NONE',  ( 14.49999999999999645, 6.455336063501619925, 3.535533905932749299 ) ) ;
#2148 = ORIENTED_EDGE ( 'NONE', *, *, #904, .T. ) ;
#2149 = LINE ( 'NONE', #301, #1141 ) ;
#2150 = DIRECTION ( 'NONE',  ( 1.000000000000000000, -1.927470528863119049E-16, 0.000000000000000000 ) ) ;
#2151 = APPLICATION_CONTEXT ( 'configuration controlled 3d designs of mechanical parts and assemblies' ) ;
#2152 = EDGE_CURVE ( 'NONE', #1952, #1910, #1781, .T. ) ;
#2153 = DIRECTION ( 'NONE',  ( -1.000000000000000000, 0.000000000000000000, 0.000000000000000000 ) ) ;
#2154 = ORIENTED_EDGE ( 'NONE', *, *, #1793, .F. ) ;
#2155 = AXIS2_PLACEMENT_3D ( 'NONE', #268, #1265, #2153 ) ;
#2156 = CARTESIAN_POINT ( 'NONE',  ( 14.59999999999998721, -9.000000000000007105, 0.09999999999999735489 ) ) ;
#2157 = FACE_OUTER_BOUND ( 'NONE', #128, .T. ) ;
#2158 = CARTESIAN_POINT ( 'NONE',  ( 10.31865334794731304, 29.14999999999998437, 1.199999999999998845 ) ) ;
#2159 = CARTESIAN_POINT ( 'NONE',  ( -14.50000000000000000, -101.4999999999999858, 3.535533905932693788 ) ) ;
#2160 = CARTESIAN_POINT ( 'NONE',  ( -10.10000000000001208, 0.9999999999999872324, 0.09999999999999853451 ) ) ;
#2161 = ORIENTED_EDGE ( 'NONE', *, *, #1300, .F. ) ;
#2162 = PLANE ( 'NONE',  #611 ) ;
#2163 = DIRECTION ( 'NONE',  ( -1.000000000000000000, 0.000000000000000000, 0.000000000000000000 ) ) ;
#2164 = DIRECTION ( 'NONE',  ( 9.538505388807371388E-16, -1.000000000000000000, 0.000000000000000000 ) ) ;
#2165 = EDGE_LOOP ( 'NONE', ( #2126, #1065 ) ) ;
#2166 = ORIENTED_EDGE ( 'NONE', *, *, #1807, .T. ) ;
#2167 = ADVANCED_FACE ( 'NONE', ( #1831 ), #950, .T. ) ;
#2168 = DIRECTION ( 'NONE',  ( 1.734723475976807094E-16, 5.290906601729261638E-15, 1.000000000000000000 ) ) ;
#2169 = LINE ( 'NONE', #1124, #920 ) ;
#2170 = EDGE_CURVE ( 'NONE', #977, #831, #790, .T. ) ;
#2171 = CARTESIAN_POINT ( 'NONE',  ( 14.49999999999999645, -21.50000000000001066, 3.535533905932749299 ) ) ;
#2172 = LINE ( 'NONE', #251, #1200 ) ;
#2173 = VERTEX_POINT ( 'NONE', #1820 ) ;
#2174 = DIRECTION ( 'NONE',  ( 0.5000000000000002220, -0.8660254037844384856, -0.000000000000000000 ) ) ;
#2175 = CARTESIAN_POINT ( 'NONE',  ( -6.681346652052678969, 29.14999999999998082, 1.199999999999998845 ) ) ;
#2176 = ORIENTED_EDGE ( 'NONE', *, *, #1388, .T. ) ;
#2177 = ORIENTED_EDGE ( 'NONE', *, *, #291, .F. ) ;
#2178 = PLANE ( 'NONE',  #452 ) ;
#2179 = CARTESIAN_POINT ( 'NONE',  ( -6.681346652052673640, -2.150000000000012790, 3.299999999999998934 ) ) ;
#2180 = DIRECTION ( 'NONE',  ( 0.000000000000000000, 0.000000000000000000, 1.000000000000000000 ) ) ;
#2181 = AXIS2_PLACEMENT_3D ( 'NONE', #626, #1112, #257 ) ;
#2182 = EDGE_LOOP ( 'NONE', ( #2086, #1158, #981, #1659 ) ) ;
#2183 = VECTOR ( 'NONE', #1529, 1000.000000000000000 ) ;
#2184 = CARTESIAN_POINT ( 'NONE',  ( -17.00000000000000000, -4.000000000000002665, 17.00000000000000000 ) ) ;
#2185 = LOCAL_TIME ( 20, 9, 4.000000000000000000, #161 ) ;
#2186 = DIRECTION ( 'NONE',  ( 0.5000000000000002220, -0.8660254037844384856, 0.000000000000000000 ) ) ;
#2187 = ORIENTED_EDGE ( 'NONE', *, *, #753, .T. ) ;
#2188 = ORIENTED_EDGE ( 'NONE', *, *, #995, .F. ) ;
#2189 = DIRECTION ( 'NONE',  ( -0.000000000000000000, 0.1543768802736101287, 0.9880120337511013595 ) ) ;
#2190 = VERTEX_POINT ( 'NONE', #974 ) ;
#2191 = DATE_AND_TIME ( #1501, #855 ) ;
#2192 = AXIS2_PLACEMENT_3D ( 'NONE', #1541, #647, #1531 ) ;
#2193 = CARTESIAN_POINT ( 'NONE',  ( -17.00000000000000000, 14.09507540581452290, 17.79775123277570259 ) ) ;
#2194 = EDGE_CURVE ( 'NONE', #1734, #1344, #2116, .T. ) ;
#2195 = ADVANCED_FACE ( 'NONE', ( #748 ), #604, .F. ) ;
#2196 = FACE_OUTER_BOUND ( 'NONE', #1054, .T. ) ;
#2197 = ORIENTED_EDGE ( 'NONE', *, *, #1877, .T. ) ;
#2198 = DIRECTION ( 'NONE',  ( -0.7071067811865441310, 0.000000000000000000, -0.7071067811865510144 ) ) ;
#2199 = EDGE_CURVE ( 'NONE', #17, #154, #110, .T. ) ;
#2200 = DIRECTION ( 'NONE',  ( 1.000000000000000000, 0.000000000000000000, 0.000000000000000000 ) ) ;
#2201 = ORIENTED_EDGE ( 'NONE', *, *, #2064, .F. ) ;
#2202 = ORIENTED_EDGE ( 'NONE', *, *, #342, .T. ) ;
#2203 = DIRECTION ( 'NONE',  ( 1.000000000000000000, 0.000000000000000000, 0.000000000000000000 ) ) ;
#2204 = ORIENTED_EDGE ( 'NONE', *, *, #247, .T. ) ;
#2205 = CARTESIAN_POINT ( 'NONE',  ( 0.000000000000000000, 0.000000000000000000, 0.000000000000000000 ) ) ;
#2206 = LINE ( 'NONE', #507, #1357 ) ;
#2207 = CARTESIAN_POINT ( 'NONE',  ( -14.50000000000001243, 6.455336063501703414, 3.535533905932693788 ) ) ;
#2208 = ADVANCED_FACE ( 'NONE', ( #1960 ), #762, .F. ) ;
#2209 = EDGE_LOOP ( 'NONE', ( #1397, #312, #187, #386 ) ) ;
#2210 = CARTESIAN_POINT ( 'NONE',  ( 6.681346652052684298, 22.84999999999999076, 1.199999999999998845 ) ) ;
#2211 = CARTESIAN_POINT ( 'NONE',  ( 10.31865334794732725, -2.150000000000011458, 1.199999999999998845 ) ) ;
#2212 = VECTOR ( 'NONE', #2122, 1000.000000000000114 ) ;
#2213 = ORIENTED_EDGE ( 'NONE', *, *, #1928, .F. ) ;
#2214 = ORIENTED_EDGE ( 'NONE', *, *, #691, .T. ) ;
#2215 = ORIENTED_EDGE ( 'NONE', *, *, #342, .F. ) ;
#2216 = AXIS2_PLACEMENT_3D ( 'NONE', #1834, #1870, #2084 ) ;
#2217 = PERSON_AND_ORGANIZATION ( #938, #415 ) ;
#2218 = DIRECTION ( 'NONE',  ( -1.000000000000000000, 0.000000000000000000, -0.000000000000000000 ) ) ;
#2219 = AXIS2_PLACEMENT_3D ( 'NONE', #1057, #565, #222 ) ;
#2220 = DIRECTION ( 'NONE',  ( -0.000000000000000000, 1.000000000000000000, -0.000000000000000000 ) ) ;
#2221 = VERTEX_POINT ( 'NONE', #1809 ) ;
#2222 = DIRECTION ( 'NONE',  ( -1.000000000000000000, -0.000000000000000000, -0.000000000000000000 ) ) ;
#2223 = CARTESIAN_POINT ( 'NONE',  ( 6.681346652052682522, 4.149999999999988809, 3.299999999999998934 ) ) ;
#2224 = VECTOR ( 'NONE', #1415, 1000.000000000000114 ) ;
#2225 = ORIENTED_EDGE ( 'NONE', *, *, #833, .T. ) ;
#2226 = EDGE_CURVE ( 'NONE', #129, #47, #258, .T. ) ;
ENDSEC;
END-ISO-10303-21;
