ISO-10303-21;
HEADER;
FILE_DESCRIPTION(('KiCad electronic assembly'),'2;1');
FILE_NAME('Led_Bar.step','2025-05-11T14:27:09',('Pcbnew'),('Kicad'),
  'Open CASCADE STEP processor 7.8','KiCad to STEP converter','Unknown'
  );
FILE_SCHEMA(('AUTOMOTIVE_DESIGN { 1 0 10303 214 1 1 1 1 }'));
ENDSEC;
DATA;
#1 = APPLICATION_PROTOCOL_DEFINITION('international standard',
  'automotive_design',2000,#2);
#2 = APPLICATION_CONTEXT(
  'core data for automotive mechanical design processes');
#3 = SHAPE_DEFINITION_REPRESENTATION(#4,#10);
#4 = PRODUCT_DEFINITION_SHAPE('','',#5);
#5 = PRODUCT_DEFINITION('design','',#6,#9);
#6 = PRODUCT_DEFINITION_FORMATION('','',#7);
#7 = PRODUCT('Led_Bar 1','Led_Bar 1','',(#8));
#8 = PRODUCT_CONTEXT('',#2,'mechanical');
#9 = PRODUCT_DEFINITION_CONTEXT('part definition',#2,'design');
#10 = SHAPE_REPRESENTATION('',(#11,#15,#19,#23,#27,#31,#35,#39,#43,#47,
    #51,#55,#59,#63,#67,#71),#75);
#11 = AXIS2_PLACEMENT_3D('',#12,#13,#14);
#12 = CARTESIAN_POINT('',(0.,0.,0.));
#13 = DIRECTION('',(0.,0.,1.));
#14 = DIRECTION('',(1.,0.,-0.));
#15 = AXIS2_PLACEMENT_3D('',#16,#17,#18);
#16 = CARTESIAN_POINT('',(127.355,-102.,1.595));
#17 = DIRECTION('',(0.,0.,1.));
#18 = DIRECTION('',(1.,0.,0.));
#19 = AXIS2_PLACEMENT_3D('',#20,#21,#22);
#20 = CARTESIAN_POINT('',(103.,-108.005,1.595));
#21 = DIRECTION('',(0.,0.,1.));
#22 = DIRECTION('',(-1.,1.224646799147E-16,0.));
#23 = AXIS2_PLACEMENT_3D('',#24,#25,#26);
#24 = CARTESIAN_POINT('',(121.9,-108.035,1.595));
#25 = DIRECTION('',(0.,-0.,1.));
#26 = DIRECTION('',(1.110223024625E-16,1.,0.));
#27 = AXIS2_PLACEMENT_3D('',#28,#29,#30);
#28 = CARTESIAN_POINT('',(128.4,-108.035,1.595));
#29 = DIRECTION('',(0.,-0.,1.));
#30 = DIRECTION('',(1.110223024625E-16,1.,0.));
#31 = AXIS2_PLACEMENT_3D('',#32,#33,#34);
#32 = CARTESIAN_POINT('',(147.,-105.465,1.595));
#33 = DIRECTION('',(-0.,0.,1.));
#34 = DIRECTION('',(1.,-2.449293598295E-16,0.));
#35 = AXIS2_PLACEMENT_3D('',#36,#37,#38);
#36 = CARTESIAN_POINT('',(133.855,-102.,1.595));
#37 = DIRECTION('',(0.,0.,1.));
#38 = DIRECTION('',(1.,0.,0.));
#39 = AXIS2_PLACEMENT_3D('',#40,#41,#42);
#40 = CARTESIAN_POINT('',(141.4,-108.035,1.595));
#41 = DIRECTION('',(0.,-0.,1.));
#42 = DIRECTION('',(1.110223024625E-16,1.,0.));
#43 = AXIS2_PLACEMENT_3D('',#44,#45,#46);
#44 = CARTESIAN_POINT('',(120.855,-102.,1.595));
#45 = DIRECTION('',(0.,0.,1.));
#46 = DIRECTION('',(1.,0.,0.));
#47 = AXIS2_PLACEMENT_3D('',#48,#49,#50);
#48 = CARTESIAN_POINT('',(107.855,-102.,1.595));
#49 = DIRECTION('',(0.,0.,1.));
#50 = DIRECTION('',(1.,0.,0.));
#51 = AXIS2_PLACEMENT_3D('',#52,#53,#54);
#52 = CARTESIAN_POINT('',(140.355,-102.,1.595));
#53 = DIRECTION('',(0.,0.,1.));
#54 = DIRECTION('',(1.,0.,0.));
#55 = AXIS2_PLACEMENT_3D('',#56,#57,#58);
#56 = CARTESIAN_POINT('',(115.4,-108.035,1.595));
#57 = DIRECTION('',(0.,-0.,1.));
#58 = DIRECTION('',(1.110223024625E-16,1.,0.));
#59 = AXIS2_PLACEMENT_3D('',#60,#61,#62);
#60 = CARTESIAN_POINT('',(108.9,-108.035,1.595));
#61 = DIRECTION('',(0.,-0.,1.));
#62 = DIRECTION('',(1.110223024625E-16,1.,0.));
#63 = AXIS2_PLACEMENT_3D('',#64,#65,#66);
#64 = CARTESIAN_POINT('',(114.355,-102.,1.595));
#65 = DIRECTION('',(0.,0.,1.));
#66 = DIRECTION('',(1.,0.,0.));
#67 = AXIS2_PLACEMENT_3D('',#68,#69,#70);
#68 = CARTESIAN_POINT('',(134.9,-108.035,1.595));
#69 = DIRECTION('',(0.,-0.,1.));
#70 = DIRECTION('',(1.110223024625E-16,1.,0.));
#71 = AXIS2_PLACEMENT_3D('',#72,#73,#74);
#72 = CARTESIAN_POINT('',(0.,0.,0.));
#73 = DIRECTION('',(0.,0.,1.));
#74 = DIRECTION('',(1.,0.,-0.));
#75 = ( GEOMETRIC_REPRESENTATION_CONTEXT(3) 
GLOBAL_UNCERTAINTY_ASSIGNED_CONTEXT((#79)) GLOBAL_UNIT_ASSIGNED_CONTEXT(
(#76,#77,#78)) REPRESENTATION_CONTEXT('Context #1',
  '3D Context with UNIT and UNCERTAINTY') );
#76 = ( LENGTH_UNIT() NAMED_UNIT(*) SI_UNIT(.MILLI.,.METRE.) );
#77 = ( NAMED_UNIT(*) PLANE_ANGLE_UNIT() SI_UNIT($,.RADIAN.) );
#78 = ( NAMED_UNIT(*) SI_UNIT($,.STERADIAN.) SOLID_ANGLE_UNIT() );
#79 = UNCERTAINTY_MEASURE_WITH_UNIT(LENGTH_MEASURE(1.E-07),#76,
  'distance_accuracy_value','confusion accuracy');
#80 = PRODUCT_RELATED_PRODUCT_CATEGORY('part',$,(#7));
#81 = SHAPE_DEFINITION_REPRESENTATION(#82,#88);
#82 = PRODUCT_DEFINITION_SHAPE('','',#83);
#83 = PRODUCT_DEFINITION('design','',#84,#87);
#84 = PRODUCT_DEFINITION_FORMATION('','',#85);
#85 = PRODUCT('R_Axial_DIN0207_L6.3mm_D2.5mm_P2.54mm_Vertical',
  'R_Axial_DIN0207_L6.3mm_D2.5mm_P2.54mm_Vertical','',(#86));
#86 = PRODUCT_CONTEXT('',#2,'mechanical');
#87 = PRODUCT_DEFINITION_CONTEXT('part definition',#2,'design');
#88 = ADVANCED_BREP_SHAPE_REPRESENTATION('',(#11,#89),#476);
#89 = MANIFOLD_SOLID_BREP('',#90);
#90 = CLOSED_SHELL('',(#91,#124,#150,#170,#190,#215,#240,#260,#269,#294,
    #320,#340,#365,#391,#416,#442,#467));
#91 = ADVANCED_FACE('',(#92),#119,.T.);
#92 = FACE_BOUND('',#93,.T.);
#93 = EDGE_LOOP('',(#94,#103,#111,#118));
#94 = ORIENTED_EDGE('',*,*,#95,.T.);
#95 = EDGE_CURVE('',#96,#96,#98,.T.);
#96 = VERTEX_POINT('',#97);
#97 = CARTESIAN_POINT('',(1.25,0.,1.625));
#98 = CIRCLE('',#99,1.25);
#99 = AXIS2_PLACEMENT_3D('',#100,#101,#102);
#100 = CARTESIAN_POINT('',(0.,0.,1.625));
#101 = DIRECTION('',(0.,0.,1.));
#102 = DIRECTION('',(1.,0.,-0.));
#103 = ORIENTED_EDGE('',*,*,#104,.T.);
#104 = EDGE_CURVE('',#96,#105,#107,.T.);
#105 = VERTEX_POINT('',#106);
#106 = CARTESIAN_POINT('',(1.25,0.,2.575));
#107 = LINE('',#108,#109);
#108 = CARTESIAN_POINT('',(1.25,0.,1.));
#109 = VECTOR('',#110,1.);
#110 = DIRECTION('',(0.,0.,1.));
#111 = ORIENTED_EDGE('',*,*,#112,.F.);
#112 = EDGE_CURVE('',#105,#105,#113,.T.);
#113 = CIRCLE('',#114,1.25);
#114 = AXIS2_PLACEMENT_3D('',#115,#116,#117);
#115 = CARTESIAN_POINT('',(0.,0.,2.575));
#116 = DIRECTION('',(0.,0.,1.));
#117 = DIRECTION('',(1.,0.,-0.));
#118 = ORIENTED_EDGE('',*,*,#104,.F.);
#119 = CYLINDRICAL_SURFACE('',#120,1.25);
#120 = AXIS2_PLACEMENT_3D('',#121,#122,#123);
#121 = CARTESIAN_POINT('',(0.,0.,1.));
#122 = DIRECTION('',(-0.,-0.,-1.));
#123 = DIRECTION('',(1.,0.,0.));
#124 = ADVANCED_FACE('',(#125),#145,.T.);
#125 = FACE_BOUND('',#126,.T.);
#126 = EDGE_LOOP('',(#127,#136,#143,#144));
#127 = ORIENTED_EDGE('',*,*,#128,.T.);
#128 = EDGE_CURVE('',#129,#129,#131,.T.);
#129 = VERTEX_POINT('',#130);
#130 = CARTESIAN_POINT('',(0.625,0.,1.));
#131 = CIRCLE('',#132,0.625);
#132 = AXIS2_PLACEMENT_3D('',#133,#134,#135);
#133 = CARTESIAN_POINT('',(0.,0.,1.));
#134 = DIRECTION('',(0.,0.,1.));
#135 = DIRECTION('',(1.,0.,-0.));
#136 = ORIENTED_EDGE('',*,*,#137,.F.);
#137 = EDGE_CURVE('',#96,#129,#138,.T.);
#138 = CIRCLE('',#139,0.625);
#139 = AXIS2_PLACEMENT_3D('',#140,#141,#142);
#140 = CARTESIAN_POINT('',(0.625,0.,1.625));
#141 = DIRECTION('',(-0.,1.,0.));
#142 = DIRECTION('',(1.,0.,0.));
#143 = ORIENTED_EDGE('',*,*,#95,.F.);
#144 = ORIENTED_EDGE('',*,*,#137,.T.);
#145 = TOROIDAL_SURFACE('',#146,0.625,0.625);
#146 = AXIS2_PLACEMENT_3D('',#147,#148,#149);
#147 = CARTESIAN_POINT('',(0.,0.,1.625));
#148 = DIRECTION('',(0.,0.,-1.));
#149 = DIRECTION('',(1.,0.,0.));
#150 = ADVANCED_FACE('',(#151,#154),#165,.F.);
#151 = FACE_BOUND('',#152,.F.);
#152 = EDGE_LOOP('',(#153));
#153 = ORIENTED_EDGE('',*,*,#112,.F.);
#154 = FACE_BOUND('',#155,.F.);
#155 = EDGE_LOOP('',(#156));
#156 = ORIENTED_EDGE('',*,*,#157,.F.);
#157 = EDGE_CURVE('',#158,#158,#160,.T.);
#158 = VERTEX_POINT('',#159);
#159 = CARTESIAN_POINT('',(1.125,0.,2.575));
#160 = CIRCLE('',#161,1.125);
#161 = AXIS2_PLACEMENT_3D('',#162,#163,#164);
#162 = CARTESIAN_POINT('',(0.,0.,2.575));
#163 = DIRECTION('',(0.,0.,-1.));
#164 = DIRECTION('',(1.,0.,0.));
#165 = PLANE('',#166);
#166 = AXIS2_PLACEMENT_3D('',#167,#168,#169);
#167 = CARTESIAN_POINT('',(1.25,0.,2.575));
#168 = DIRECTION('',(0.,0.,-1.));
#169 = DIRECTION('',(-1.,0.,0.));
#170 = ADVANCED_FACE('',(#171,#174),#185,.T.);
#171 = FACE_BOUND('',#172,.T.);
#172 = EDGE_LOOP('',(#173));
#173 = ORIENTED_EDGE('',*,*,#128,.F.);
#174 = FACE_BOUND('',#175,.T.);
#175 = EDGE_LOOP('',(#176));
#176 = ORIENTED_EDGE('',*,*,#177,.T.);
#177 = EDGE_CURVE('',#178,#178,#180,.T.);
#178 = VERTEX_POINT('',#179);
#179 = CARTESIAN_POINT('',(0.3,0.,1.));
#180 = CIRCLE('',#181,0.3);
#181 = AXIS2_PLACEMENT_3D('',#182,#183,#184);
#182 = CARTESIAN_POINT('',(0.,0.,1.));
#183 = DIRECTION('',(0.,0.,1.));
#184 = DIRECTION('',(1.,0.,-0.));
#185 = PLANE('',#186);
#186 = AXIS2_PLACEMENT_3D('',#187,#188,#189);
#187 = CARTESIAN_POINT('',(1.25,0.,1.));
#188 = DIRECTION('',(0.,0.,-1.));
#189 = DIRECTION('',(-1.,0.,0.));
#190 = ADVANCED_FACE('',(#191),#210,.T.);
#191 = FACE_BOUND('',#192,.T.);
#192 = EDGE_LOOP('',(#193,#202,#208,#209));
#193 = ORIENTED_EDGE('',*,*,#194,.T.);
#194 = EDGE_CURVE('',#195,#195,#197,.T.);
#195 = VERTEX_POINT('',#196);
#196 = CARTESIAN_POINT('',(1.125,0.,5.725));
#197 = CIRCLE('',#198,1.125);
#198 = AXIS2_PLACEMENT_3D('',#199,#200,#201);
#199 = CARTESIAN_POINT('',(0.,0.,5.725));
#200 = DIRECTION('',(0.,0.,-1.));
#201 = DIRECTION('',(1.,0.,0.));
#202 = ORIENTED_EDGE('',*,*,#203,.F.);
#203 = EDGE_CURVE('',#158,#195,#204,.T.);
#204 = LINE('',#205,#206);
#205 = CARTESIAN_POINT('',(1.125,0.,1.));
#206 = VECTOR('',#207,1.);
#207 = DIRECTION('',(0.,0.,1.));
#208 = ORIENTED_EDGE('',*,*,#157,.F.);
#209 = ORIENTED_EDGE('',*,*,#203,.T.);
#210 = CYLINDRICAL_SURFACE('',#211,1.125);
#211 = AXIS2_PLACEMENT_3D('',#212,#213,#214);
#212 = CARTESIAN_POINT('',(0.,0.,1.));
#213 = DIRECTION('',(-0.,-0.,-1.));
#214 = DIRECTION('',(1.,0.,0.));
#215 = ADVANCED_FACE('',(#216),#235,.T.);
#216 = FACE_BOUND('',#217,.T.);
#217 = EDGE_LOOP('',(#218,#227,#233,#234));
#218 = ORIENTED_EDGE('',*,*,#219,.T.);
#219 = EDGE_CURVE('',#220,#220,#222,.T.);
#220 = VERTEX_POINT('',#221);
#221 = CARTESIAN_POINT('',(0.3,-7.347880794884E-17,-3.));
#222 = CIRCLE('',#223,0.3);
#223 = AXIS2_PLACEMENT_3D('',#224,#225,#226);
#224 = CARTESIAN_POINT('',(0.,0.,-3.));
#225 = DIRECTION('',(0.,0.,1.));
#226 = DIRECTION('',(1.,0.,-0.));
#227 = ORIENTED_EDGE('',*,*,#228,.T.);
#228 = EDGE_CURVE('',#220,#178,#229,.T.);
#229 = LINE('',#230,#231);
#230 = CARTESIAN_POINT('',(0.3,0.,-3.));
#231 = VECTOR('',#232,1.);
#232 = DIRECTION('',(0.,0.,1.));
#233 = ORIENTED_EDGE('',*,*,#177,.F.);
#234 = ORIENTED_EDGE('',*,*,#228,.F.);
#235 = CYLINDRICAL_SURFACE('',#236,0.3);
#236 = AXIS2_PLACEMENT_3D('',#237,#238,#239);
#237 = CARTESIAN_POINT('',(0.,0.,-3.));
#238 = DIRECTION('',(0.,0.,1.));
#239 = DIRECTION('',(1.,0.,-0.));
#240 = ADVANCED_FACE('',(#241,#252),#255,.T.);
#241 = FACE_BOUND('',#242,.T.);
#242 = EDGE_LOOP('',(#243));
#243 = ORIENTED_EDGE('',*,*,#244,.F.);
#244 = EDGE_CURVE('',#245,#245,#247,.T.);
#245 = VERTEX_POINT('',#246);
#246 = CARTESIAN_POINT('',(1.25,0.,5.725));
#247 = CIRCLE('',#248,1.25);
#248 = AXIS2_PLACEMENT_3D('',#249,#250,#251);
#249 = CARTESIAN_POINT('',(0.,0.,5.725));
#250 = DIRECTION('',(0.,0.,1.));
#251 = DIRECTION('',(1.,0.,-0.));
#252 = FACE_BOUND('',#253,.T.);
#253 = EDGE_LOOP('',(#254));
#254 = ORIENTED_EDGE('',*,*,#194,.F.);
#255 = PLANE('',#256);
#256 = AXIS2_PLACEMENT_3D('',#257,#258,#259);
#257 = CARTESIAN_POINT('',(1.25,0.,5.725));
#258 = DIRECTION('',(0.,0.,-1.));
#259 = DIRECTION('',(-1.,0.,0.));
#260 = ADVANCED_FACE('',(#261),#264,.T.);
#261 = FACE_BOUND('',#262,.F.);
#262 = EDGE_LOOP('',(#263));
#263 = ORIENTED_EDGE('',*,*,#219,.T.);
#264 = PLANE('',#265);
#265 = AXIS2_PLACEMENT_3D('',#266,#267,#268);
#266 = CARTESIAN_POINT('',(0.3,0.,-3.));
#267 = DIRECTION('',(0.,0.,-1.));
#268 = DIRECTION('',(-1.,0.,0.));
#269 = ADVANCED_FACE('',(#270),#289,.T.);
#270 = FACE_BOUND('',#271,.T.);
#271 = EDGE_LOOP('',(#272,#273,#281,#288));
#272 = ORIENTED_EDGE('',*,*,#244,.T.);
#273 = ORIENTED_EDGE('',*,*,#274,.T.);
#274 = EDGE_CURVE('',#245,#275,#277,.T.);
#275 = VERTEX_POINT('',#276);
#276 = CARTESIAN_POINT('',(1.25,0.,6.675));
#277 = LINE('',#278,#279);
#278 = CARTESIAN_POINT('',(1.25,0.,5.725));
#279 = VECTOR('',#280,1.);
#280 = DIRECTION('',(0.,0.,1.));
#281 = ORIENTED_EDGE('',*,*,#282,.F.);
#282 = EDGE_CURVE('',#275,#275,#283,.T.);
#283 = CIRCLE('',#284,1.25);
#284 = AXIS2_PLACEMENT_3D('',#285,#286,#287);
#285 = CARTESIAN_POINT('',(0.,0.,6.675));
#286 = DIRECTION('',(0.,0.,1.));
#287 = DIRECTION('',(1.,0.,-0.));
#288 = ORIENTED_EDGE('',*,*,#274,.F.);
#289 = CYLINDRICAL_SURFACE('',#290,1.25);
#290 = AXIS2_PLACEMENT_3D('',#291,#292,#293);
#291 = CARTESIAN_POINT('',(0.,0.,5.725));
#292 = DIRECTION('',(-0.,-0.,-1.));
#293 = DIRECTION('',(1.,0.,0.));
#294 = ADVANCED_FACE('',(#295),#315,.T.);
#295 = FACE_BOUND('',#296,.T.);
#296 = EDGE_LOOP('',(#297,#306,#307,#308));
#297 = ORIENTED_EDGE('',*,*,#298,.F.);
#298 = EDGE_CURVE('',#275,#299,#301,.T.);
#299 = VERTEX_POINT('',#300);
#300 = CARTESIAN_POINT('',(0.625,0.,7.3));
#301 = CIRCLE('',#302,0.625);
#302 = AXIS2_PLACEMENT_3D('',#303,#304,#305);
#303 = CARTESIAN_POINT('',(0.625,0.,6.675));
#304 = DIRECTION('',(0.,-1.,0.));
#305 = DIRECTION('',(1.,0.,0.));
#306 = ORIENTED_EDGE('',*,*,#282,.T.);
#307 = ORIENTED_EDGE('',*,*,#298,.T.);
#308 = ORIENTED_EDGE('',*,*,#309,.F.);
#309 = EDGE_CURVE('',#299,#299,#310,.T.);
#310 = CIRCLE('',#311,0.625);
#311 = AXIS2_PLACEMENT_3D('',#312,#313,#314);
#312 = CARTESIAN_POINT('',(0.,0.,7.3));
#313 = DIRECTION('',(0.,0.,1.));
#314 = DIRECTION('',(1.,0.,-0.));
#315 = TOROIDAL_SURFACE('',#316,0.625,0.625);
#316 = AXIS2_PLACEMENT_3D('',#317,#318,#319);
#317 = CARTESIAN_POINT('',(0.,0.,6.675));
#318 = DIRECTION('',(0.,0.,1.));
#319 = DIRECTION('',(1.,0.,-0.));
#320 = ADVANCED_FACE('',(#321,#324),#335,.F.);
#321 = FACE_BOUND('',#322,.F.);
#322 = EDGE_LOOP('',(#323));
#323 = ORIENTED_EDGE('',*,*,#309,.F.);
#324 = FACE_BOUND('',#325,.F.);
#325 = EDGE_LOOP('',(#326));
#326 = ORIENTED_EDGE('',*,*,#327,.T.);
#327 = EDGE_CURVE('',#328,#328,#330,.T.);
#328 = VERTEX_POINT('',#329);
#329 = CARTESIAN_POINT('',(0.3,0.,7.3));
#330 = CIRCLE('',#331,0.3);
#331 = AXIS2_PLACEMENT_3D('',#332,#333,#334);
#332 = CARTESIAN_POINT('',(0.,0.,7.3));
#333 = DIRECTION('',(0.,0.,1.));
#334 = DIRECTION('',(1.,0.,-0.));
#335 = PLANE('',#336);
#336 = AXIS2_PLACEMENT_3D('',#337,#338,#339);
#337 = CARTESIAN_POINT('',(1.25,0.,7.3));
#338 = DIRECTION('',(0.,0.,-1.));
#339 = DIRECTION('',(-1.,0.,0.));
#340 = ADVANCED_FACE('',(#341),#360,.T.);
#341 = FACE_BOUND('',#342,.T.);
#342 = EDGE_LOOP('',(#343,#344,#352,#359));
#343 = ORIENTED_EDGE('',*,*,#327,.T.);
#344 = ORIENTED_EDGE('',*,*,#345,.T.);
#345 = EDGE_CURVE('',#328,#346,#348,.T.);
#346 = VERTEX_POINT('',#347);
#347 = CARTESIAN_POINT('',(0.3,0.,8.3));
#348 = LINE('',#349,#350);
#349 = CARTESIAN_POINT('',(0.3,0.,-3.));
#350 = VECTOR('',#351,1.);
#351 = DIRECTION('',(0.,0.,1.));
#352 = ORIENTED_EDGE('',*,*,#353,.F.);
#353 = EDGE_CURVE('',#346,#346,#354,.T.);
#354 = CIRCLE('',#355,0.3);
#355 = AXIS2_PLACEMENT_3D('',#356,#357,#358);
#356 = CARTESIAN_POINT('',(0.,0.,8.3));
#357 = DIRECTION('',(0.,0.,1.));
#358 = DIRECTION('',(1.,0.,-0.));
#359 = ORIENTED_EDGE('',*,*,#345,.F.);
#360 = CYLINDRICAL_SURFACE('',#361,0.3);
#361 = AXIS2_PLACEMENT_3D('',#362,#363,#364);
#362 = CARTESIAN_POINT('',(0.,0.,-3.));
#363 = DIRECTION('',(0.,0.,1.));
#364 = DIRECTION('',(1.,0.,-0.));
#365 = ADVANCED_FACE('',(#366),#386,.T.);
#366 = FACE_BOUND('',#367,.T.);
#367 = EDGE_LOOP('',(#368,#377,#384,#385));
#368 = ORIENTED_EDGE('',*,*,#369,.T.);
#369 = EDGE_CURVE('',#346,#370,#372,.T.);
#370 = VERTEX_POINT('',#371);
#371 = CARTESIAN_POINT('',(0.9,0.,8.9));
#372 = CIRCLE('',#373,0.6);
#373 = AXIS2_PLACEMENT_3D('',#374,#375,#376);
#374 = CARTESIAN_POINT('',(0.9,1.102182119233E-16,8.3));
#375 = DIRECTION('',(0.,1.,0.));
#376 = DIRECTION('',(-1.,0.,-1.973729821556E-15));
#377 = ORIENTED_EDGE('',*,*,#378,.T.);
#378 = EDGE_CURVE('',#370,#370,#379,.T.);
#379 = CIRCLE('',#380,0.3);
#380 = AXIS2_PLACEMENT_3D('',#381,#382,#383);
#381 = CARTESIAN_POINT('',(0.9,0.,9.2));
#382 = DIRECTION('',(-1.,0.,6.295730975872E-16));
#383 = DIRECTION('',(6.295730975872E-16,0.,1.));
#384 = ORIENTED_EDGE('',*,*,#369,.F.);
#385 = ORIENTED_EDGE('',*,*,#353,.T.);
#386 = TOROIDAL_SURFACE('',#387,0.9,0.3);
#387 = AXIS2_PLACEMENT_3D('',#388,#389,#390);
#388 = CARTESIAN_POINT('',(0.9,0.,8.3));
#389 = DIRECTION('',(0.,1.,0.));
#390 = DIRECTION('',(-1.,0.,-1.973729821556E-15));
#391 = ADVANCED_FACE('',(#392),#411,.T.);
#392 = FACE_BOUND('',#393,.T.);
#393 = EDGE_LOOP('',(#394,#402,#409,#410));
#394 = ORIENTED_EDGE('',*,*,#395,.T.);
#395 = EDGE_CURVE('',#370,#396,#398,.T.);
#396 = VERTEX_POINT('',#397);
#397 = CARTESIAN_POINT('',(1.64,0.,8.9));
#398 = LINE('',#399,#400);
#399 = CARTESIAN_POINT('',(0.9,0.,8.9));
#400 = VECTOR('',#401,1.);
#401 = DIRECTION('',(1.,0.,0.));
#402 = ORIENTED_EDGE('',*,*,#403,.F.);
#403 = EDGE_CURVE('',#396,#396,#404,.T.);
#404 = CIRCLE('',#405,0.3);
#405 = AXIS2_PLACEMENT_3D('',#406,#407,#408);
#406 = CARTESIAN_POINT('',(1.64,0.,9.2));
#407 = DIRECTION('',(1.,-0.,0.));
#408 = DIRECTION('',(0.,0.,-1.));
#409 = ORIENTED_EDGE('',*,*,#395,.F.);
#410 = ORIENTED_EDGE('',*,*,#378,.F.);
#411 = CYLINDRICAL_SURFACE('',#412,0.3);
#412 = AXIS2_PLACEMENT_3D('',#413,#414,#415);
#413 = CARTESIAN_POINT('',(0.9,0.,9.2));
#414 = DIRECTION('',(1.,0.,0.));
#415 = DIRECTION('',(0.,0.,-1.));
#416 = ADVANCED_FACE('',(#417),#437,.T.);
#417 = FACE_BOUND('',#418,.T.);
#418 = EDGE_LOOP('',(#419,#428,#435,#436));
#419 = ORIENTED_EDGE('',*,*,#420,.T.);
#420 = EDGE_CURVE('',#396,#421,#423,.T.);
#421 = VERTEX_POINT('',#422);
#422 = CARTESIAN_POINT('',(2.24,0.,8.3));
#423 = CIRCLE('',#424,0.6);
#424 = AXIS2_PLACEMENT_3D('',#425,#426,#427);
#425 = CARTESIAN_POINT('',(1.64,1.102182119233E-16,8.3));
#426 = DIRECTION('',(0.,1.,-0.));
#427 = DIRECTION('',(-9.868649107779E-16,0.,1.));
#428 = ORIENTED_EDGE('',*,*,#429,.T.);
#429 = EDGE_CURVE('',#421,#421,#430,.T.);
#430 = CIRCLE('',#431,0.3);
#431 = AXIS2_PLACEMENT_3D('',#432,#433,#434);
#432 = CARTESIAN_POINT('',(2.54,0.,8.3));
#433 = DIRECTION('',(2.060527218215E-15,-0.,1.));
#434 = DIRECTION('',(1.,0.,-2.060527218215E-15));
#435 = ORIENTED_EDGE('',*,*,#420,.F.);
#436 = ORIENTED_EDGE('',*,*,#403,.T.);
#437 = TOROIDAL_SURFACE('',#438,0.9,0.3);
#438 = AXIS2_PLACEMENT_3D('',#439,#440,#441);
#439 = CARTESIAN_POINT('',(1.64,0.,8.3));
#440 = DIRECTION('',(0.,1.,0.));
#441 = DIRECTION('',(-9.868649107779E-16,0.,1.));
#442 = ADVANCED_FACE('',(#443),#462,.T.);
#443 = FACE_BOUND('',#444,.T.);
#444 = EDGE_LOOP('',(#445,#453,#460,#461));
#445 = ORIENTED_EDGE('',*,*,#446,.T.);
#446 = EDGE_CURVE('',#421,#447,#449,.T.);
#447 = VERTEX_POINT('',#448);
#448 = CARTESIAN_POINT('',(2.24,-7.347880794884E-17,-3.));
#449 = LINE('',#450,#451);
#450 = CARTESIAN_POINT('',(2.24,0.,8.3));
#451 = VECTOR('',#452,1.);
#452 = DIRECTION('',(0.,0.,-1.));
#453 = ORIENTED_EDGE('',*,*,#454,.F.);
#454 = EDGE_CURVE('',#447,#447,#455,.T.);
#455 = CIRCLE('',#456,0.3);
#456 = AXIS2_PLACEMENT_3D('',#457,#458,#459);
#457 = CARTESIAN_POINT('',(2.54,0.,-3.));
#458 = DIRECTION('',(0.,0.,-1.));
#459 = DIRECTION('',(-1.,0.,0.));
#460 = ORIENTED_EDGE('',*,*,#446,.F.);
#461 = ORIENTED_EDGE('',*,*,#429,.F.);
#462 = CYLINDRICAL_SURFACE('',#463,0.3);
#463 = AXIS2_PLACEMENT_3D('',#464,#465,#466);
#464 = CARTESIAN_POINT('',(2.54,0.,8.3));
#465 = DIRECTION('',(0.,0.,-1.));
#466 = DIRECTION('',(-1.,0.,0.));
#467 = ADVANCED_FACE('',(#468),#471,.F.);
#468 = FACE_BOUND('',#469,.T.);
#469 = EDGE_LOOP('',(#470));
#470 = ORIENTED_EDGE('',*,*,#454,.T.);
#471 = PLANE('',#472);
#472 = AXIS2_PLACEMENT_3D('',#473,#474,#475);
#473 = CARTESIAN_POINT('',(2.24,0.,-3.));
#474 = DIRECTION('',(0.,0.,1.));
#475 = DIRECTION('',(1.,0.,-0.));
#476 = ( GEOMETRIC_REPRESENTATION_CONTEXT(3) 
GLOBAL_UNCERTAINTY_ASSIGNED_CONTEXT((#480)) GLOBAL_UNIT_ASSIGNED_CONTEXT
((#477,#478,#479)) REPRESENTATION_CONTEXT('Context #1',
  '3D Context with UNIT and UNCERTAINTY') );
#477 = ( LENGTH_UNIT() NAMED_UNIT(*) SI_UNIT(.MILLI.,.METRE.) );
#478 = ( NAMED_UNIT(*) PLANE_ANGLE_UNIT() SI_UNIT($,.RADIAN.) );
#479 = ( NAMED_UNIT(*) SI_UNIT($,.STERADIAN.) SOLID_ANGLE_UNIT() );
#480 = UNCERTAINTY_MEASURE_WITH_UNIT(LENGTH_MEASURE(1.E-07),#477,
  'distance_accuracy_value','confusion accuracy');
#481 = CONTEXT_DEPENDENT_SHAPE_REPRESENTATION(#482,#484);
#482 = ( REPRESENTATION_RELATIONSHIP('','',#88,#10) 
REPRESENTATION_RELATIONSHIP_WITH_TRANSFORMATION(#483) 
SHAPE_REPRESENTATION_RELATIONSHIP() );
#483 = ITEM_DEFINED_TRANSFORMATION('','',#11,#15);
#484 = PRODUCT_DEFINITION_SHAPE('Placement','Placement of an item',#485
  );
#485 = NEXT_ASSEMBLY_USAGE_OCCURRENCE('1','R4','',#5,#83,$);
#486 = PRODUCT_RELATED_PRODUCT_CATEGORY('part',$,(#85));
#487 = SHAPE_DEFINITION_REPRESENTATION(#488,#494);
#488 = PRODUCT_DEFINITION_SHAPE('','',#489);
#489 = PRODUCT_DEFINITION('design','',#490,#493);
#490 = PRODUCT_DEFINITION_FORMATION('','',#491);
#491 = PRODUCT('PinHeader_1x02_P2.54mm_Horizontal',
  'PinHeader_1x02_P2.54mm_Horizontal','',(#492));
#492 = PRODUCT_CONTEXT('',#2,'mechanical');
#493 = PRODUCT_DEFINITION_CONTEXT('part definition',#2,'design');
#494 = ADVANCED_BREP_SHAPE_REPRESENTATION('',(#11,#495),#2129);
#495 = MANIFOLD_SOLID_BREP('',#496);
#496 = CLOSED_SHELL('',(#497,#537,#568,#599,#764,#929,#946,#963,#980,
    #997,#1014,#1031,#1048,#1065,#1082,#1099,#1111,#1142,#1191,#1215,
    #1257,#1288,#1337,#1361,#1403,#1434,#1458,#1482,#1499,#1530,#1554,
    #1578,#1595,#1612,#1629,#1646,#1677,#1708,#1725,#1742,#1759,#1790,
    #1821,#1852,#1876,#1900,#1917,#1948,#1972,#1996,#2013,#2030,#2047,
    #2059,#2076,#2093,#2105,#2117));
#497 = ADVANCED_FACE('',(#498),#532,.T.);
#498 = FACE_BOUND('',#499,.T.);
#499 = EDGE_LOOP('',(#500,#510,#518,#526));
#500 = ORIENTED_EDGE('',*,*,#501,.T.);
#501 = EDGE_CURVE('',#502,#504,#506,.T.);
#502 = VERTEX_POINT('',#503);
#503 = CARTESIAN_POINT('',(1.5,1.27,0.254));
#504 = VERTEX_POINT('',#505);
#505 = CARTESIAN_POINT('',(4.04,1.27,0.254));
#506 = LINE('',#507,#508);
#507 = CARTESIAN_POINT('',(1.5,1.27,0.254));
#508 = VECTOR('',#509,1.);
#509 = DIRECTION('',(1.,0.,0.));
#510 = ORIENTED_EDGE('',*,*,#511,.T.);
#511 = EDGE_CURVE('',#504,#512,#514,.T.);
#512 = VERTEX_POINT('',#513);
#513 = CARTESIAN_POINT('',(4.04,1.016,0.));
#514 = LINE('',#515,#516);
#515 = CARTESIAN_POINT('',(4.04,1.27,0.254));
#516 = VECTOR('',#517,1.);
#517 = DIRECTION('',(0.,-0.707106781187,-0.707106781187));
#518 = ORIENTED_EDGE('',*,*,#519,.F.);
#519 = EDGE_CURVE('',#520,#512,#522,.T.);
#520 = VERTEX_POINT('',#521);
#521 = CARTESIAN_POINT('',(1.5,1.016,0.));
#522 = LINE('',#523,#524);
#523 = CARTESIAN_POINT('',(1.5,1.016,0.));
#524 = VECTOR('',#525,1.);
#525 = DIRECTION('',(1.,0.,0.));
#526 = ORIENTED_EDGE('',*,*,#527,.F.);
#527 = EDGE_CURVE('',#502,#520,#528,.T.);
#528 = LINE('',#529,#530);
#529 = CARTESIAN_POINT('',(1.5,1.27,0.254));
#530 = VECTOR('',#531,1.);
#531 = DIRECTION('',(0.,-0.707106781187,-0.707106781187));
#532 = PLANE('',#533);
#533 = AXIS2_PLACEMENT_3D('',#534,#535,#536);
#534 = CARTESIAN_POINT('',(1.5,1.27,0.254));
#535 = DIRECTION('',(0.,0.707106781187,-0.707106781187));
#536 = DIRECTION('',(0.,-0.707106781187,-0.707106781187));
#537 = ADVANCED_FACE('',(#538),#563,.T.);
#538 = FACE_BOUND('',#539,.T.);
#539 = EDGE_LOOP('',(#540,#550,#556,#557));
#540 = ORIENTED_EDGE('',*,*,#541,.T.);
#541 = EDGE_CURVE('',#542,#544,#546,.T.);
#542 = VERTEX_POINT('',#543);
#543 = CARTESIAN_POINT('',(1.5,1.27,2.286));
#544 = VERTEX_POINT('',#545);
#545 = CARTESIAN_POINT('',(4.04,1.27,2.286));
#546 = LINE('',#547,#548);
#547 = CARTESIAN_POINT('',(1.5,1.27,2.286));
#548 = VECTOR('',#549,1.);
#549 = DIRECTION('',(1.,0.,0.));
#550 = ORIENTED_EDGE('',*,*,#551,.T.);
#551 = EDGE_CURVE('',#544,#504,#552,.T.);
#552 = LINE('',#553,#554);
#553 = CARTESIAN_POINT('',(4.04,1.27,2.286));
#554 = VECTOR('',#555,1.);
#555 = DIRECTION('',(0.,0.,-1.));
#556 = ORIENTED_EDGE('',*,*,#501,.F.);
#557 = ORIENTED_EDGE('',*,*,#558,.F.);
#558 = EDGE_CURVE('',#542,#502,#559,.T.);
#559 = LINE('',#560,#561);
#560 = CARTESIAN_POINT('',(1.5,1.27,2.286));
#561 = VECTOR('',#562,1.);
#562 = DIRECTION('',(0.,0.,-1.));
#563 = PLANE('',#564);
#564 = AXIS2_PLACEMENT_3D('',#565,#566,#567);
#565 = CARTESIAN_POINT('',(1.5,1.27,2.286));
#566 = DIRECTION('',(0.,1.,0.));
#567 = DIRECTION('',(0.,0.,-1.));
#568 = ADVANCED_FACE('',(#569),#594,.T.);
#569 = FACE_BOUND('',#570,.T.);
#570 = EDGE_LOOP('',(#571,#572,#580,#588));
#571 = ORIENTED_EDGE('',*,*,#519,.T.);
#572 = ORIENTED_EDGE('',*,*,#573,.T.);
#573 = EDGE_CURVE('',#512,#574,#576,.T.);
#574 = VERTEX_POINT('',#575);
#575 = CARTESIAN_POINT('',(4.04,-1.016,0.));
#576 = LINE('',#577,#578);
#577 = CARTESIAN_POINT('',(4.04,1.016,0.));
#578 = VECTOR('',#579,1.);
#579 = DIRECTION('',(0.,-1.,0.));
#580 = ORIENTED_EDGE('',*,*,#581,.F.);
#581 = EDGE_CURVE('',#582,#574,#584,.T.);
#582 = VERTEX_POINT('',#583);
#583 = CARTESIAN_POINT('',(1.5,-1.016,0.));
#584 = LINE('',#585,#586);
#585 = CARTESIAN_POINT('',(1.5,-1.016,0.));
#586 = VECTOR('',#587,1.);
#587 = DIRECTION('',(1.,0.,0.));
#588 = ORIENTED_EDGE('',*,*,#589,.F.);
#589 = EDGE_CURVE('',#520,#582,#590,.T.);
#590 = LINE('',#591,#592);
#591 = CARTESIAN_POINT('',(1.5,1.016,0.));
#592 = VECTOR('',#593,1.);
#593 = DIRECTION('',(0.,-1.,0.));
#594 = PLANE('',#595);
#595 = AXIS2_PLACEMENT_3D('',#596,#597,#598);
#596 = CARTESIAN_POINT('',(1.5,1.016,0.));
#597 = DIRECTION('',(-0.,-0.,-1.));
#598 = DIRECTION('',(0.,-1.,0.));
#599 = ADVANCED_FACE('',(#600,#691,#725),#759,.T.);
#600 = FACE_BOUND('',#601,.T.);
#601 = EDGE_LOOP('',(#602,#603,#604,#612,#620,#628,#636,#644,#652,#660,
    #668,#676,#684,#690));
#602 = ORIENTED_EDGE('',*,*,#527,.T.);
#603 = ORIENTED_EDGE('',*,*,#589,.T.);
#604 = ORIENTED_EDGE('',*,*,#605,.T.);
#605 = EDGE_CURVE('',#582,#606,#608,.T.);
#606 = VERTEX_POINT('',#607);
#607 = CARTESIAN_POINT('',(1.5,-1.27,0.254));
#608 = LINE('',#609,#610);
#609 = CARTESIAN_POINT('',(1.5,-1.016,0.));
#610 = VECTOR('',#611,1.);
#611 = DIRECTION('',(0.,-0.707106781187,0.707106781187));
#612 = ORIENTED_EDGE('',*,*,#613,.T.);
#613 = EDGE_CURVE('',#606,#614,#616,.T.);
#614 = VERTEX_POINT('',#615);
#615 = CARTESIAN_POINT('',(1.5,-1.524,0.));
#616 = LINE('',#617,#618);
#617 = CARTESIAN_POINT('',(1.5,-1.27,0.254));
#618 = VECTOR('',#619,1.);
#619 = DIRECTION('',(0.,-0.707106781187,-0.707106781187));
#620 = ORIENTED_EDGE('',*,*,#621,.T.);
#621 = EDGE_CURVE('',#614,#622,#624,.T.);
#622 = VERTEX_POINT('',#623);
#623 = CARTESIAN_POINT('',(1.5,-3.556,0.));
#624 = LINE('',#625,#626);
#625 = CARTESIAN_POINT('',(1.5,-1.524,0.));
#626 = VECTOR('',#627,1.);
#627 = DIRECTION('',(0.,-1.,0.));
#628 = ORIENTED_EDGE('',*,*,#629,.T.);
#629 = EDGE_CURVE('',#622,#630,#632,.T.);
#630 = VERTEX_POINT('',#631);
#631 = CARTESIAN_POINT('',(1.5,-3.81,0.254));
#632 = LINE('',#633,#634);
#633 = CARTESIAN_POINT('',(1.5,-3.556,0.));
#634 = VECTOR('',#635,1.);
#635 = DIRECTION('',(0.,-0.707106781187,0.707106781187));
#636 = ORIENTED_EDGE('',*,*,#637,.T.);
#637 = EDGE_CURVE('',#630,#638,#640,.T.);
#638 = VERTEX_POINT('',#639);
#639 = CARTESIAN_POINT('',(1.5,-3.81,2.286));
#640 = LINE('',#641,#642);
#641 = CARTESIAN_POINT('',(1.5,-3.81,0.254));
#642 = VECTOR('',#643,1.);
#643 = DIRECTION('',(0.,0.,1.));
#644 = ORIENTED_EDGE('',*,*,#645,.T.);
#645 = EDGE_CURVE('',#638,#646,#648,.T.);
#646 = VERTEX_POINT('',#647);
#647 = CARTESIAN_POINT('',(1.5,-3.556,2.54));
#648 = LINE('',#649,#650);
#649 = CARTESIAN_POINT('',(1.5,-3.81,2.286));
#650 = VECTOR('',#651,1.);
#651 = DIRECTION('',(0.,0.707106781187,0.707106781187));
#652 = ORIENTED_EDGE('',*,*,#653,.T.);
#653 = EDGE_CURVE('',#646,#654,#656,.T.);
#654 = VERTEX_POINT('',#655);
#655 = CARTESIAN_POINT('',(1.5,-1.524,2.54));
#656 = LINE('',#657,#658);
#657 = CARTESIAN_POINT('',(1.5,-3.556,2.54));
#658 = VECTOR('',#659,1.);
#659 = DIRECTION('',(0.,1.,0.));
#660 = ORIENTED_EDGE('',*,*,#661,.T.);
#661 = EDGE_CURVE('',#654,#662,#664,.T.);
#662 = VERTEX_POINT('',#663);
#663 = CARTESIAN_POINT('',(1.5,-1.27,2.286));
#664 = LINE('',#665,#666);
#665 = CARTESIAN_POINT('',(1.5,-1.524,2.54));
#666 = VECTOR('',#667,1.);
#667 = DIRECTION('',(0.,0.707106781187,-0.707106781187));
#668 = ORIENTED_EDGE('',*,*,#669,.T.);
#669 = EDGE_CURVE('',#662,#670,#672,.T.);
#670 = VERTEX_POINT('',#671);
#671 = CARTESIAN_POINT('',(1.5,-1.016,2.54));
#672 = LINE('',#673,#674);
#673 = CARTESIAN_POINT('',(1.5,-1.27,2.286));
#674 = VECTOR('',#675,1.);
#675 = DIRECTION('',(0.,0.707106781187,0.707106781187));
#676 = ORIENTED_EDGE('',*,*,#677,.T.);
#677 = EDGE_CURVE('',#670,#678,#680,.T.);
#678 = VERTEX_POINT('',#679);
#679 = CARTESIAN_POINT('',(1.5,1.016,2.54));
#680 = LINE('',#681,#682);
#681 = CARTESIAN_POINT('',(1.5,-1.016,2.54));
#682 = VECTOR('',#683,1.);
#683 = DIRECTION('',(0.,1.,0.));
#684 = ORIENTED_EDGE('',*,*,#685,.T.);
#685 = EDGE_CURVE('',#678,#542,#686,.T.);
#686 = LINE('',#687,#688);
#687 = CARTESIAN_POINT('',(1.5,1.016,2.54));
#688 = VECTOR('',#689,1.);
#689 = DIRECTION('',(0.,0.707106781187,-0.707106781187));
#690 = ORIENTED_EDGE('',*,*,#558,.T.);
#691 = FACE_BOUND('',#692,.T.);
#692 = EDGE_LOOP('',(#693,#703,#711,#719));
#693 = ORIENTED_EDGE('',*,*,#694,.F.);
#694 = EDGE_CURVE('',#695,#697,#699,.T.);
#695 = VERTEX_POINT('',#696);
#696 = CARTESIAN_POINT('',(1.5,0.32,0.95));
#697 = VERTEX_POINT('',#698);
#698 = CARTESIAN_POINT('',(1.5,-0.32,0.95));
#699 = LINE('',#700,#701);
#700 = CARTESIAN_POINT('',(1.5,-0.475,0.95));
#701 = VECTOR('',#702,1.);
#702 = DIRECTION('',(-3.925005374637E-32,-1.,0.));
#703 = ORIENTED_EDGE('',*,*,#704,.F.);
#704 = EDGE_CURVE('',#705,#695,#707,.T.);
#705 = VERTEX_POINT('',#706);
#706 = CARTESIAN_POINT('',(1.5,0.32,1.59));
#707 = LINE('',#708,#709);
#708 = CARTESIAN_POINT('',(1.5,0.32,0.924540133779));
#709 = VECTOR('',#710,1.);
#710 = DIRECTION('',(3.797522772768E-32,6.630961875715E-34,-1.));
#711 = ORIENTED_EDGE('',*,*,#712,.F.);
#712 = EDGE_CURVE('',#713,#705,#715,.T.);
#713 = VERTEX_POINT('',#714);
#714 = CARTESIAN_POINT('',(1.5,-0.32,1.59));
#715 = LINE('',#716,#717);
#716 = CARTESIAN_POINT('',(1.5,-0.475,1.59));
#717 = VECTOR('',#718,1.);
#718 = DIRECTION('',(3.925005374637E-32,1.,8.412415711776E-49));
#719 = ORIENTED_EDGE('',*,*,#720,.T.);
#720 = EDGE_CURVE('',#713,#697,#721,.T.);
#721 = LINE('',#722,#723);
#722 = CARTESIAN_POINT('',(1.5,-0.32,0.924540133779));
#723 = VECTOR('',#724,1.);
#724 = DIRECTION('',(3.797522772768E-32,6.630961875715E-34,-1.));
#725 = FACE_BOUND('',#726,.T.);
#726 = EDGE_LOOP('',(#727,#737,#745,#753));
#727 = ORIENTED_EDGE('',*,*,#728,.F.);
#728 = EDGE_CURVE('',#729,#731,#733,.T.);
#729 = VERTEX_POINT('',#730);
#730 = CARTESIAN_POINT('',(1.5,-2.22,0.95));
#731 = VERTEX_POINT('',#732);
#732 = CARTESIAN_POINT('',(1.5,-2.86,0.95));
#733 = LINE('',#734,#735);
#734 = CARTESIAN_POINT('',(1.5,-1.745,0.95));
#735 = VECTOR('',#736,1.);
#736 = DIRECTION('',(-3.925005374637E-32,-1.,0.));
#737 = ORIENTED_EDGE('',*,*,#738,.F.);
#738 = EDGE_CURVE('',#739,#729,#741,.T.);
#739 = VERTEX_POINT('',#740);
#740 = CARTESIAN_POINT('',(1.5,-2.22,1.59));
#741 = LINE('',#742,#743);
#742 = CARTESIAN_POINT('',(1.5,-2.22,0.924540133779));
#743 = VECTOR('',#744,1.);
#744 = DIRECTION('',(3.797522772768E-32,6.630961875715E-34,-1.));
#745 = ORIENTED_EDGE('',*,*,#746,.F.);
#746 = EDGE_CURVE('',#747,#739,#749,.T.);
#747 = VERTEX_POINT('',#748);
#748 = CARTESIAN_POINT('',(1.5,-2.86,1.59));
#749 = LINE('',#750,#751);
#750 = CARTESIAN_POINT('',(1.5,-1.745,1.59));
#751 = VECTOR('',#752,1.);
#752 = DIRECTION('',(3.925005374637E-32,1.,8.412415711776E-49));
#753 = ORIENTED_EDGE('',*,*,#754,.T.);
#754 = EDGE_CURVE('',#747,#731,#755,.T.);
#755 = LINE('',#756,#757);
#756 = CARTESIAN_POINT('',(1.5,-2.86,0.924540133779));
#757 = VECTOR('',#758,1.);
#758 = DIRECTION('',(3.797522772768E-32,6.630961875715E-34,-1.));
#759 = PLANE('',#760);
#760 = AXIS2_PLACEMENT_3D('',#761,#762,#763);
#761 = CARTESIAN_POINT('',(1.5,-1.27,1.27));
#762 = DIRECTION('',(-1.,3.925005374637E-32,-3.797522772768E-32));
#763 = DIRECTION('',(-3.925005374637E-32,-1.,0.));
#764 = ADVANCED_FACE('',(#765,#856,#890),#924,.F.);
#765 = FACE_BOUND('',#766,.F.);
#766 = EDGE_LOOP('',(#767,#768,#769,#777,#785,#793,#801,#809,#817,#825,
    #833,#841,#849,#855));
#767 = ORIENTED_EDGE('',*,*,#511,.T.);
#768 = ORIENTED_EDGE('',*,*,#573,.T.);
#769 = ORIENTED_EDGE('',*,*,#770,.T.);
#770 = EDGE_CURVE('',#574,#771,#773,.T.);
#771 = VERTEX_POINT('',#772);
#772 = CARTESIAN_POINT('',(4.04,-1.27,0.254));
#773 = LINE('',#774,#775);
#774 = CARTESIAN_POINT('',(4.04,-1.016,0.));
#775 = VECTOR('',#776,1.);
#776 = DIRECTION('',(0.,-0.707106781187,0.707106781187));
#777 = ORIENTED_EDGE('',*,*,#778,.T.);
#778 = EDGE_CURVE('',#771,#779,#781,.T.);
#779 = VERTEX_POINT('',#780);
#780 = CARTESIAN_POINT('',(4.04,-1.524,0.));
#781 = LINE('',#782,#783);
#782 = CARTESIAN_POINT('',(4.04,-1.27,0.254));
#783 = VECTOR('',#784,1.);
#784 = DIRECTION('',(0.,-0.707106781187,-0.707106781187));
#785 = ORIENTED_EDGE('',*,*,#786,.T.);
#786 = EDGE_CURVE('',#779,#787,#789,.T.);
#787 = VERTEX_POINT('',#788);
#788 = CARTESIAN_POINT('',(4.04,-3.556,0.));
#789 = LINE('',#790,#791);
#790 = CARTESIAN_POINT('',(4.04,-1.524,0.));
#791 = VECTOR('',#792,1.);
#792 = DIRECTION('',(0.,-1.,0.));
#793 = ORIENTED_EDGE('',*,*,#794,.T.);
#794 = EDGE_CURVE('',#787,#795,#797,.T.);
#795 = VERTEX_POINT('',#796);
#796 = CARTESIAN_POINT('',(4.04,-3.81,0.254));
#797 = LINE('',#798,#799);
#798 = CARTESIAN_POINT('',(4.04,-3.556,0.));
#799 = VECTOR('',#800,1.);
#800 = DIRECTION('',(0.,-0.707106781187,0.707106781187));
#801 = ORIENTED_EDGE('',*,*,#802,.T.);
#802 = EDGE_CURVE('',#795,#803,#805,.T.);
#803 = VERTEX_POINT('',#804);
#804 = CARTESIAN_POINT('',(4.04,-3.81,2.286));
#805 = LINE('',#806,#807);
#806 = CARTESIAN_POINT('',(4.04,-3.81,0.254));
#807 = VECTOR('',#808,1.);
#808 = DIRECTION('',(0.,0.,1.));
#809 = ORIENTED_EDGE('',*,*,#810,.T.);
#810 = EDGE_CURVE('',#803,#811,#813,.T.);
#811 = VERTEX_POINT('',#812);
#812 = CARTESIAN_POINT('',(4.04,-3.556,2.54));
#813 = LINE('',#814,#815);
#814 = CARTESIAN_POINT('',(4.04,-3.81,2.286));
#815 = VECTOR('',#816,1.);
#816 = DIRECTION('',(0.,0.707106781187,0.707106781187));
#817 = ORIENTED_EDGE('',*,*,#818,.T.);
#818 = EDGE_CURVE('',#811,#819,#821,.T.);
#819 = VERTEX_POINT('',#820);
#820 = CARTESIAN_POINT('',(4.04,-1.524,2.54));
#821 = LINE('',#822,#823);
#822 = CARTESIAN_POINT('',(4.04,-3.556,2.54));
#823 = VECTOR('',#824,1.);
#824 = DIRECTION('',(0.,1.,0.));
#825 = ORIENTED_EDGE('',*,*,#826,.T.);
#826 = EDGE_CURVE('',#819,#827,#829,.T.);
#827 = VERTEX_POINT('',#828);
#828 = CARTESIAN_POINT('',(4.04,-1.27,2.286));
#829 = LINE('',#830,#831);
#830 = CARTESIAN_POINT('',(4.04,-1.524,2.54));
#831 = VECTOR('',#832,1.);
#832 = DIRECTION('',(0.,0.707106781187,-0.707106781187));
#833 = ORIENTED_EDGE('',*,*,#834,.T.);
#834 = EDGE_CURVE('',#827,#835,#837,.T.);
#835 = VERTEX_POINT('',#836);
#836 = CARTESIAN_POINT('',(4.04,-1.016,2.54));
#837 = LINE('',#838,#839);
#838 = CARTESIAN_POINT('',(4.04,-1.27,2.286));
#839 = VECTOR('',#840,1.);
#840 = DIRECTION('',(0.,0.707106781187,0.707106781187));
#841 = ORIENTED_EDGE('',*,*,#842,.T.);
#842 = EDGE_CURVE('',#835,#843,#845,.T.);
#843 = VERTEX_POINT('',#844);
#844 = CARTESIAN_POINT('',(4.04,1.016,2.54));
#845 = LINE('',#846,#847);
#846 = CARTESIAN_POINT('',(4.04,-1.016,2.54));
#847 = VECTOR('',#848,1.);
#848 = DIRECTION('',(0.,1.,0.));
#849 = ORIENTED_EDGE('',*,*,#850,.T.);
#850 = EDGE_CURVE('',#843,#544,#851,.T.);
#851 = LINE('',#852,#853);
#852 = CARTESIAN_POINT('',(4.04,1.016,2.54));
#853 = VECTOR('',#854,1.);
#854 = DIRECTION('',(0.,0.707106781187,-0.707106781187));
#855 = ORIENTED_EDGE('',*,*,#551,.T.);
#856 = FACE_BOUND('',#857,.F.);
#857 = EDGE_LOOP('',(#858,#868,#876,#884));
#858 = ORIENTED_EDGE('',*,*,#859,.F.);
#859 = EDGE_CURVE('',#860,#862,#864,.T.);
#860 = VERTEX_POINT('',#861);
#861 = CARTESIAN_POINT('',(4.04,0.32,0.95));
#862 = VERTEX_POINT('',#863);
#863 = CARTESIAN_POINT('',(4.04,-0.32,0.95));
#864 = LINE('',#865,#866);
#865 = CARTESIAN_POINT('',(4.04,-0.475,0.95));
#866 = VECTOR('',#867,1.);
#867 = DIRECTION('',(-3.925005374637E-32,-1.,0.));
#868 = ORIENTED_EDGE('',*,*,#869,.F.);
#869 = EDGE_CURVE('',#870,#860,#872,.T.);
#870 = VERTEX_POINT('',#871);
#871 = CARTESIAN_POINT('',(4.04,0.32,1.59));
#872 = LINE('',#873,#874);
#873 = CARTESIAN_POINT('',(4.04,0.32,0.924540133779));
#874 = VECTOR('',#875,1.);
#875 = DIRECTION('',(3.797522772768E-32,6.630961875715E-34,-1.));
#876 = ORIENTED_EDGE('',*,*,#877,.F.);
#877 = EDGE_CURVE('',#878,#870,#880,.T.);
#878 = VERTEX_POINT('',#879);
#879 = CARTESIAN_POINT('',(4.04,-0.32,1.59));
#880 = LINE('',#881,#882);
#881 = CARTESIAN_POINT('',(4.04,-0.475,1.59));
#882 = VECTOR('',#883,1.);
#883 = DIRECTION('',(3.925005374637E-32,1.,8.412415711776E-49));
#884 = ORIENTED_EDGE('',*,*,#885,.T.);
#885 = EDGE_CURVE('',#878,#862,#886,.T.);
#886 = LINE('',#887,#888);
#887 = CARTESIAN_POINT('',(4.04,-0.32,0.924540133779));
#888 = VECTOR('',#889,1.);
#889 = DIRECTION('',(3.797522772768E-32,6.630961875715E-34,-1.));
#890 = FACE_BOUND('',#891,.F.);
#891 = EDGE_LOOP('',(#892,#902,#910,#918));
#892 = ORIENTED_EDGE('',*,*,#893,.F.);
#893 = EDGE_CURVE('',#894,#896,#898,.T.);
#894 = VERTEX_POINT('',#895);
#895 = CARTESIAN_POINT('',(4.04,-2.22,0.95));
#896 = VERTEX_POINT('',#897);
#897 = CARTESIAN_POINT('',(4.04,-2.86,0.95));
#898 = LINE('',#899,#900);
#899 = CARTESIAN_POINT('',(4.04,-1.745,0.95));
#900 = VECTOR('',#901,1.);
#901 = DIRECTION('',(-3.925005374637E-32,-1.,0.));
#902 = ORIENTED_EDGE('',*,*,#903,.F.);
#903 = EDGE_CURVE('',#904,#894,#906,.T.);
#904 = VERTEX_POINT('',#905);
#905 = CARTESIAN_POINT('',(4.04,-2.22,1.59));
#906 = LINE('',#907,#908);
#907 = CARTESIAN_POINT('',(4.04,-2.22,0.924540133779));
#908 = VECTOR('',#909,1.);
#909 = DIRECTION('',(3.797522772768E-32,6.630961875715E-34,-1.));
#910 = ORIENTED_EDGE('',*,*,#911,.F.);
#911 = EDGE_CURVE('',#912,#904,#914,.T.);
#912 = VERTEX_POINT('',#913);
#913 = CARTESIAN_POINT('',(4.04,-2.86,1.59));
#914 = LINE('',#915,#916);
#915 = CARTESIAN_POINT('',(4.04,-1.745,1.59));
#916 = VECTOR('',#917,1.);
#917 = DIRECTION('',(3.925005374637E-32,1.,8.412415711776E-49));
#918 = ORIENTED_EDGE('',*,*,#919,.T.);
#919 = EDGE_CURVE('',#912,#896,#920,.T.);
#920 = LINE('',#921,#922);
#921 = CARTESIAN_POINT('',(4.04,-2.86,0.924540133779));
#922 = VECTOR('',#923,1.);
#923 = DIRECTION('',(3.797522772768E-32,6.630961875715E-34,-1.));
#924 = PLANE('',#925);
#925 = AXIS2_PLACEMENT_3D('',#926,#927,#928);
#926 = CARTESIAN_POINT('',(4.04,-1.27,1.27));
#927 = DIRECTION('',(-1.,3.925005374637E-32,-3.797522772768E-32));
#928 = DIRECTION('',(-3.925005374637E-32,-1.,0.));
#929 = ADVANCED_FACE('',(#930),#941,.T.);
#930 = FACE_BOUND('',#931,.T.);
#931 = EDGE_LOOP('',(#932,#938,#939,#940));
#932 = ORIENTED_EDGE('',*,*,#933,.T.);
#933 = EDGE_CURVE('',#678,#843,#934,.T.);
#934 = LINE('',#935,#936);
#935 = CARTESIAN_POINT('',(1.5,1.016,2.54));
#936 = VECTOR('',#937,1.);
#937 = DIRECTION('',(1.,0.,0.));
#938 = ORIENTED_EDGE('',*,*,#850,.T.);
#939 = ORIENTED_EDGE('',*,*,#541,.F.);
#940 = ORIENTED_EDGE('',*,*,#685,.F.);
#941 = PLANE('',#942);
#942 = AXIS2_PLACEMENT_3D('',#943,#944,#945);
#943 = CARTESIAN_POINT('',(1.5,1.016,2.54));
#944 = DIRECTION('',(0.,0.707106781187,0.707106781187));
#945 = DIRECTION('',(0.,0.707106781187,-0.707106781187));
#946 = ADVANCED_FACE('',(#947),#958,.T.);
#947 = FACE_BOUND('',#948,.T.);
#948 = EDGE_LOOP('',(#949,#950,#951,#957));
#949 = ORIENTED_EDGE('',*,*,#581,.T.);
#950 = ORIENTED_EDGE('',*,*,#770,.T.);
#951 = ORIENTED_EDGE('',*,*,#952,.F.);
#952 = EDGE_CURVE('',#606,#771,#953,.T.);
#953 = LINE('',#954,#955);
#954 = CARTESIAN_POINT('',(1.5,-1.27,0.254));
#955 = VECTOR('',#956,1.);
#956 = DIRECTION('',(1.,0.,0.));
#957 = ORIENTED_EDGE('',*,*,#605,.F.);
#958 = PLANE('',#959);
#959 = AXIS2_PLACEMENT_3D('',#960,#961,#962);
#960 = CARTESIAN_POINT('',(1.5,-1.016,0.));
#961 = DIRECTION('',(-0.,-0.707106781187,-0.707106781187));
#962 = DIRECTION('',(0.,-0.707106781187,0.707106781187));
#963 = ADVANCED_FACE('',(#964),#975,.T.);
#964 = FACE_BOUND('',#965,.T.);
#965 = EDGE_LOOP('',(#966,#972,#973,#974));
#966 = ORIENTED_EDGE('',*,*,#967,.T.);
#967 = EDGE_CURVE('',#670,#835,#968,.T.);
#968 = LINE('',#969,#970);
#969 = CARTESIAN_POINT('',(1.5,-1.016,2.54));
#970 = VECTOR('',#971,1.);
#971 = DIRECTION('',(1.,0.,0.));
#972 = ORIENTED_EDGE('',*,*,#842,.T.);
#973 = ORIENTED_EDGE('',*,*,#933,.F.);
#974 = ORIENTED_EDGE('',*,*,#677,.F.);
#975 = PLANE('',#976);
#976 = AXIS2_PLACEMENT_3D('',#977,#978,#979);
#977 = CARTESIAN_POINT('',(1.5,-1.016,2.54));
#978 = DIRECTION('',(0.,0.,1.));
#979 = DIRECTION('',(0.,1.,0.));
#980 = ADVANCED_FACE('',(#981),#992,.T.);
#981 = FACE_BOUND('',#982,.T.);
#982 = EDGE_LOOP('',(#983,#984,#985,#991));
#983 = ORIENTED_EDGE('',*,*,#952,.T.);
#984 = ORIENTED_EDGE('',*,*,#778,.T.);
#985 = ORIENTED_EDGE('',*,*,#986,.F.);
#986 = EDGE_CURVE('',#614,#779,#987,.T.);
#987 = LINE('',#988,#989);
#988 = CARTESIAN_POINT('',(1.5,-1.524,0.));
#989 = VECTOR('',#990,1.);
#990 = DIRECTION('',(1.,0.,0.));
#991 = ORIENTED_EDGE('',*,*,#613,.F.);
#992 = PLANE('',#993);
#993 = AXIS2_PLACEMENT_3D('',#994,#995,#996);
#994 = CARTESIAN_POINT('',(1.5,-1.27,0.254));
#995 = DIRECTION('',(0.,0.707106781187,-0.707106781187));
#996 = DIRECTION('',(0.,-0.707106781187,-0.707106781187));
#997 = ADVANCED_FACE('',(#998),#1009,.T.);
#998 = FACE_BOUND('',#999,.T.);
#999 = EDGE_LOOP('',(#1000,#1006,#1007,#1008));
#1000 = ORIENTED_EDGE('',*,*,#1001,.T.);
#1001 = EDGE_CURVE('',#662,#827,#1002,.T.);
#1002 = LINE('',#1003,#1004);
#1003 = CARTESIAN_POINT('',(1.5,-1.27,2.286));
#1004 = VECTOR('',#1005,1.);
#1005 = DIRECTION('',(1.,0.,0.));
#1006 = ORIENTED_EDGE('',*,*,#834,.T.);
#1007 = ORIENTED_EDGE('',*,*,#967,.F.);
#1008 = ORIENTED_EDGE('',*,*,#669,.F.);
#1009 = PLANE('',#1010);
#1010 = AXIS2_PLACEMENT_3D('',#1011,#1012,#1013);
#1011 = CARTESIAN_POINT('',(1.5,-1.27,2.286));
#1012 = DIRECTION('',(0.,-0.707106781187,0.707106781187));
#1013 = DIRECTION('',(0.,0.707106781187,0.707106781187));
#1014 = ADVANCED_FACE('',(#1015),#1026,.T.);
#1015 = FACE_BOUND('',#1016,.T.);
#1016 = EDGE_LOOP('',(#1017,#1018,#1019,#1025));
#1017 = ORIENTED_EDGE('',*,*,#986,.T.);
#1018 = ORIENTED_EDGE('',*,*,#786,.T.);
#1019 = ORIENTED_EDGE('',*,*,#1020,.F.);
#1020 = EDGE_CURVE('',#622,#787,#1021,.T.);
#1021 = LINE('',#1022,#1023);
#1022 = CARTESIAN_POINT('',(1.5,-3.556,0.));
#1023 = VECTOR('',#1024,1.);
#1024 = DIRECTION('',(1.,0.,0.));
#1025 = ORIENTED_EDGE('',*,*,#621,.F.);
#1026 = PLANE('',#1027);
#1027 = AXIS2_PLACEMENT_3D('',#1028,#1029,#1030);
#1028 = CARTESIAN_POINT('',(1.5,-1.524,0.));
#1029 = DIRECTION('',(-0.,-0.,-1.));
#1030 = DIRECTION('',(0.,-1.,0.));
#1031 = ADVANCED_FACE('',(#1032),#1043,.T.);
#1032 = FACE_BOUND('',#1033,.T.);
#1033 = EDGE_LOOP('',(#1034,#1040,#1041,#1042));
#1034 = ORIENTED_EDGE('',*,*,#1035,.T.);
#1035 = EDGE_CURVE('',#654,#819,#1036,.T.);
#1036 = LINE('',#1037,#1038);
#1037 = CARTESIAN_POINT('',(1.5,-1.524,2.54));
#1038 = VECTOR('',#1039,1.);
#1039 = DIRECTION('',(1.,0.,0.));
#1040 = ORIENTED_EDGE('',*,*,#826,.T.);
#1041 = ORIENTED_EDGE('',*,*,#1001,.F.);
#1042 = ORIENTED_EDGE('',*,*,#661,.F.);
#1043 = PLANE('',#1044);
#1044 = AXIS2_PLACEMENT_3D('',#1045,#1046,#1047);
#1045 = CARTESIAN_POINT('',(1.5,-1.524,2.54));
#1046 = DIRECTION('',(0.,0.707106781187,0.707106781187));
#1047 = DIRECTION('',(0.,0.707106781187,-0.707106781187));
#1048 = ADVANCED_FACE('',(#1049),#1060,.T.);
#1049 = FACE_BOUND('',#1050,.T.);
#1050 = EDGE_LOOP('',(#1051,#1052,#1053,#1059));
#1051 = ORIENTED_EDGE('',*,*,#1020,.T.);
#1052 = ORIENTED_EDGE('',*,*,#794,.T.);
#1053 = ORIENTED_EDGE('',*,*,#1054,.F.);
#1054 = EDGE_CURVE('',#630,#795,#1055,.T.);
#1055 = LINE('',#1056,#1057);
#1056 = CARTESIAN_POINT('',(1.5,-3.81,0.254));
#1057 = VECTOR('',#1058,1.);
#1058 = DIRECTION('',(1.,0.,0.));
#1059 = ORIENTED_EDGE('',*,*,#629,.F.);
#1060 = PLANE('',#1061);
#1061 = AXIS2_PLACEMENT_3D('',#1062,#1063,#1064);
#1062 = CARTESIAN_POINT('',(1.5,-3.556,0.));
#1063 = DIRECTION('',(-0.,-0.707106781187,-0.707106781187));
#1064 = DIRECTION('',(0.,-0.707106781187,0.707106781187));
#1065 = ADVANCED_FACE('',(#1066),#1077,.T.);
#1066 = FACE_BOUND('',#1067,.T.);
#1067 = EDGE_LOOP('',(#1068,#1074,#1075,#1076));
#1068 = ORIENTED_EDGE('',*,*,#1069,.T.);
#1069 = EDGE_CURVE('',#646,#811,#1070,.T.);
#1070 = LINE('',#1071,#1072);
#1071 = CARTESIAN_POINT('',(1.5,-3.556,2.54));
#1072 = VECTOR('',#1073,1.);
#1073 = DIRECTION('',(1.,0.,0.));
#1074 = ORIENTED_EDGE('',*,*,#818,.T.);
#1075 = ORIENTED_EDGE('',*,*,#1035,.F.);
#1076 = ORIENTED_EDGE('',*,*,#653,.F.);
#1077 = PLANE('',#1078);
#1078 = AXIS2_PLACEMENT_3D('',#1079,#1080,#1081);
#1079 = CARTESIAN_POINT('',(1.5,-3.556,2.54));
#1080 = DIRECTION('',(0.,0.,1.));
#1081 = DIRECTION('',(0.,1.,0.));
#1082 = ADVANCED_FACE('',(#1083),#1094,.T.);
#1083 = FACE_BOUND('',#1084,.T.);
#1084 = EDGE_LOOP('',(#1085,#1086,#1087,#1093));
#1085 = ORIENTED_EDGE('',*,*,#1054,.T.);
#1086 = ORIENTED_EDGE('',*,*,#802,.T.);
#1087 = ORIENTED_EDGE('',*,*,#1088,.F.);
#1088 = EDGE_CURVE('',#638,#803,#1089,.T.);
#1089 = LINE('',#1090,#1091);
#1090 = CARTESIAN_POINT('',(1.5,-3.81,2.286));
#1091 = VECTOR('',#1092,1.);
#1092 = DIRECTION('',(1.,0.,0.));
#1093 = ORIENTED_EDGE('',*,*,#637,.F.);
#1094 = PLANE('',#1095);
#1095 = AXIS2_PLACEMENT_3D('',#1096,#1097,#1098);
#1096 = CARTESIAN_POINT('',(1.5,-3.81,0.254));
#1097 = DIRECTION('',(0.,-1.,0.));
#1098 = DIRECTION('',(0.,0.,1.));
#1099 = ADVANCED_FACE('',(#1100),#1106,.T.);
#1100 = FACE_BOUND('',#1101,.T.);
#1101 = EDGE_LOOP('',(#1102,#1103,#1104,#1105));
#1102 = ORIENTED_EDGE('',*,*,#1088,.T.);
#1103 = ORIENTED_EDGE('',*,*,#810,.T.);
#1104 = ORIENTED_EDGE('',*,*,#1069,.F.);
#1105 = ORIENTED_EDGE('',*,*,#645,.F.);
#1106 = PLANE('',#1107);
#1107 = AXIS2_PLACEMENT_3D('',#1108,#1109,#1110);
#1108 = CARTESIAN_POINT('',(1.5,-3.81,2.286));
#1109 = DIRECTION('',(0.,-0.707106781187,0.707106781187));
#1110 = DIRECTION('',(0.,0.707106781187,0.707106781187));
#1111 = ADVANCED_FACE('',(#1112),#1137,.T.);
#1112 = FACE_BOUND('',#1113,.T.);
#1113 = EDGE_LOOP('',(#1114,#1122,#1123,#1131));
#1114 = ORIENTED_EDGE('',*,*,#1115,.F.);
#1115 = EDGE_CURVE('',#695,#1116,#1118,.T.);
#1116 = VERTEX_POINT('',#1117);
#1117 = CARTESIAN_POINT('',(0.32,0.32,0.95));
#1118 = LINE('',#1119,#1120);
#1119 = CARTESIAN_POINT('',(10.04,0.32,0.95));
#1120 = VECTOR('',#1121,1.);
#1121 = DIRECTION('',(-1.,0.,0.));
#1122 = ORIENTED_EDGE('',*,*,#694,.T.);
#1123 = ORIENTED_EDGE('',*,*,#1124,.T.);
#1124 = EDGE_CURVE('',#697,#1125,#1127,.T.);
#1125 = VERTEX_POINT('',#1126);
#1126 = CARTESIAN_POINT('',(0.32,-0.32,0.95));
#1127 = LINE('',#1128,#1129);
#1128 = CARTESIAN_POINT('',(10.04,-0.32,0.95));
#1129 = VECTOR('',#1130,1.);
#1130 = DIRECTION('',(-1.,0.,0.));
#1131 = ORIENTED_EDGE('',*,*,#1132,.F.);
#1132 = EDGE_CURVE('',#1116,#1125,#1133,.T.);
#1133 = LINE('',#1134,#1135);
#1134 = CARTESIAN_POINT('',(0.32,0.32,0.95));
#1135 = VECTOR('',#1136,1.);
#1136 = DIRECTION('',(0.,-1.,0.));
#1137 = PLANE('',#1138);
#1138 = AXIS2_PLACEMENT_3D('',#1139,#1140,#1141);
#1139 = CARTESIAN_POINT('',(10.04,0.32,0.95));
#1140 = DIRECTION('',(-0.,-0.,-1.));
#1141 = DIRECTION('',(-1.,0.,0.));
#1142 = ADVANCED_FACE('',(#1143),#1186,.F.);
#1143 = FACE_BOUND('',#1144,.F.);
#1144 = EDGE_LOOP('',(#1145,#1156,#1162,#1163,#1164,#1172,#1180));
#1145 = ORIENTED_EDGE('',*,*,#1146,.T.);
#1146 = EDGE_CURVE('',#1147,#1149,#1151,.T.);
#1147 = VERTEX_POINT('',#1148);
#1148 = CARTESIAN_POINT('',(-0.32,-0.32,0.95));
#1149 = VERTEX_POINT('',#1150);
#1150 = CARTESIAN_POINT('',(0.32,-0.32,1.59));
#1151 = CIRCLE('',#1152,0.64);
#1152 = AXIS2_PLACEMENT_3D('',#1153,#1154,#1155);
#1153 = CARTESIAN_POINT('',(0.32,-0.32,0.95));
#1154 = DIRECTION('',(0.,1.,0.));
#1155 = DIRECTION('',(0.,0.,-1.));
#1156 = ORIENTED_EDGE('',*,*,#1157,.T.);
#1157 = EDGE_CURVE('',#1149,#713,#1158,.T.);
#1158 = LINE('',#1159,#1160);
#1159 = CARTESIAN_POINT('',(-0.32,-0.32,1.59));
#1160 = VECTOR('',#1161,1.);
#1161 = DIRECTION('',(1.,0.,2.143287692327E-17));
#1162 = ORIENTED_EDGE('',*,*,#720,.T.);
#1163 = ORIENTED_EDGE('',*,*,#1124,.T.);
#1164 = ORIENTED_EDGE('',*,*,#1165,.T.);
#1165 = EDGE_CURVE('',#1125,#1166,#1168,.T.);
#1166 = VERTEX_POINT('',#1167);
#1167 = CARTESIAN_POINT('',(0.32,-0.32,-2.84));
#1168 = LINE('',#1169,#1170);
#1169 = CARTESIAN_POINT('',(0.32,-0.32,0.95));
#1170 = VECTOR('',#1171,1.);
#1171 = DIRECTION('',(0.,0.,-1.));
#1172 = ORIENTED_EDGE('',*,*,#1173,.T.);
#1173 = EDGE_CURVE('',#1166,#1174,#1176,.T.);
#1174 = VERTEX_POINT('',#1175);
#1175 = CARTESIAN_POINT('',(-0.32,-0.32,-2.84));
#1176 = LINE('',#1177,#1178);
#1177 = CARTESIAN_POINT('',(0.32,-0.32,-2.84));
#1178 = VECTOR('',#1179,1.);
#1179 = DIRECTION('',(-1.,0.,0.));
#1180 = ORIENTED_EDGE('',*,*,#1181,.T.);
#1181 = EDGE_CURVE('',#1174,#1147,#1182,.T.);
#1182 = LINE('',#1183,#1184);
#1183 = CARTESIAN_POINT('',(-0.32,-0.32,-3.));
#1184 = VECTOR('',#1185,1.);
#1185 = DIRECTION('',(0.,0.,1.));
#1186 = PLANE('',#1187);
#1187 = AXIS2_PLACEMENT_3D('',#1188,#1189,#1190);
#1188 = CARTESIAN_POINT('',(3.575919732441,-0.32,0.579080267559));
#1189 = DIRECTION('',(1.030170245606E-33,1.,6.630961875715E-34));
#1190 = DIRECTION('',(1.,-1.030170245606E-33,0.));
#1191 = ADVANCED_FACE('',(#1192),#1210,.T.);
#1192 = FACE_BOUND('',#1193,.T.);
#1193 = EDGE_LOOP('',(#1194,#1202,#1208,#1209));
#1194 = ORIENTED_EDGE('',*,*,#1195,.F.);
#1195 = EDGE_CURVE('',#1196,#705,#1198,.T.);
#1196 = VERTEX_POINT('',#1197);
#1197 = CARTESIAN_POINT('',(0.32,0.32,1.59));
#1198 = LINE('',#1199,#1200);
#1199 = CARTESIAN_POINT('',(-0.32,0.32,1.59));
#1200 = VECTOR('',#1201,1.);
#1201 = DIRECTION('',(1.,0.,2.143287692327E-17));
#1202 = ORIENTED_EDGE('',*,*,#1203,.T.);
#1203 = EDGE_CURVE('',#1196,#1149,#1204,.T.);
#1204 = LINE('',#1205,#1206);
#1205 = CARTESIAN_POINT('',(0.32,0.32,1.59));
#1206 = VECTOR('',#1207,1.);
#1207 = DIRECTION('',(0.,-1.,0.));
#1208 = ORIENTED_EDGE('',*,*,#1157,.T.);
#1209 = ORIENTED_EDGE('',*,*,#712,.T.);
#1210 = PLANE('',#1211);
#1211 = AXIS2_PLACEMENT_3D('',#1212,#1213,#1214);
#1212 = CARTESIAN_POINT('',(-0.32,0.32,1.59));
#1213 = DIRECTION('',(-2.143287692327E-17,0.,1.));
#1214 = DIRECTION('',(1.,0.,2.143287692327E-17));
#1215 = ADVANCED_FACE('',(#1216),#1252,.T.);
#1216 = FACE_BOUND('',#1217,.T.);
#1217 = EDGE_LOOP('',(#1218,#1227,#1228,#1229,#1230,#1238,#1246));
#1218 = ORIENTED_EDGE('',*,*,#1219,.T.);
#1219 = EDGE_CURVE('',#1220,#1196,#1222,.T.);
#1220 = VERTEX_POINT('',#1221);
#1221 = CARTESIAN_POINT('',(-0.32,0.32,0.95));
#1222 = CIRCLE('',#1223,0.64);
#1223 = AXIS2_PLACEMENT_3D('',#1224,#1225,#1226);
#1224 = CARTESIAN_POINT('',(0.32,0.32,0.95));
#1225 = DIRECTION('',(0.,1.,0.));
#1226 = DIRECTION('',(0.,0.,-1.));
#1227 = ORIENTED_EDGE('',*,*,#1195,.T.);
#1228 = ORIENTED_EDGE('',*,*,#704,.T.);
#1229 = ORIENTED_EDGE('',*,*,#1115,.T.);
#1230 = ORIENTED_EDGE('',*,*,#1231,.T.);
#1231 = EDGE_CURVE('',#1116,#1232,#1234,.T.);
#1232 = VERTEX_POINT('',#1233);
#1233 = CARTESIAN_POINT('',(0.32,0.32,-2.84));
#1234 = LINE('',#1235,#1236);
#1235 = CARTESIAN_POINT('',(0.32,0.32,0.95));
#1236 = VECTOR('',#1237,1.);
#1237 = DIRECTION('',(0.,0.,-1.));
#1238 = ORIENTED_EDGE('',*,*,#1239,.T.);
#1239 = EDGE_CURVE('',#1232,#1240,#1242,.T.);
#1240 = VERTEX_POINT('',#1241);
#1241 = CARTESIAN_POINT('',(-0.32,0.32,-2.84));
#1242 = LINE('',#1243,#1244);
#1243 = CARTESIAN_POINT('',(0.32,0.32,-2.84));
#1244 = VECTOR('',#1245,1.);
#1245 = DIRECTION('',(-1.,0.,0.));
#1246 = ORIENTED_EDGE('',*,*,#1247,.T.);
#1247 = EDGE_CURVE('',#1240,#1220,#1248,.T.);
#1248 = LINE('',#1249,#1250);
#1249 = CARTESIAN_POINT('',(-0.32,0.32,-3.));
#1250 = VECTOR('',#1251,1.);
#1251 = DIRECTION('',(0.,0.,1.));
#1252 = PLANE('',#1253);
#1253 = AXIS2_PLACEMENT_3D('',#1254,#1255,#1256);
#1254 = CARTESIAN_POINT('',(3.575919732441,0.32,0.579080267559));
#1255 = DIRECTION('',(1.030170245606E-33,1.,6.630961875715E-34));
#1256 = DIRECTION('',(1.,-1.030170245606E-33,0.));
#1257 = ADVANCED_FACE('',(#1258),#1283,.T.);
#1258 = FACE_BOUND('',#1259,.T.);
#1259 = EDGE_LOOP('',(#1260,#1268,#1269,#1277));
#1260 = ORIENTED_EDGE('',*,*,#1261,.F.);
#1261 = EDGE_CURVE('',#729,#1262,#1264,.T.);
#1262 = VERTEX_POINT('',#1263);
#1263 = CARTESIAN_POINT('',(0.32,-2.22,0.95));
#1264 = LINE('',#1265,#1266);
#1265 = CARTESIAN_POINT('',(10.04,-2.22,0.95));
#1266 = VECTOR('',#1267,1.);
#1267 = DIRECTION('',(-1.,0.,0.));
#1268 = ORIENTED_EDGE('',*,*,#728,.T.);
#1269 = ORIENTED_EDGE('',*,*,#1270,.T.);
#1270 = EDGE_CURVE('',#731,#1271,#1273,.T.);
#1271 = VERTEX_POINT('',#1272);
#1272 = CARTESIAN_POINT('',(0.32,-2.86,0.95));
#1273 = LINE('',#1274,#1275);
#1274 = CARTESIAN_POINT('',(10.04,-2.86,0.95));
#1275 = VECTOR('',#1276,1.);
#1276 = DIRECTION('',(-1.,0.,0.));
#1277 = ORIENTED_EDGE('',*,*,#1278,.F.);
#1278 = EDGE_CURVE('',#1262,#1271,#1279,.T.);
#1279 = LINE('',#1280,#1281);
#1280 = CARTESIAN_POINT('',(0.32,-2.22,0.95));
#1281 = VECTOR('',#1282,1.);
#1282 = DIRECTION('',(0.,-1.,0.));
#1283 = PLANE('',#1284);
#1284 = AXIS2_PLACEMENT_3D('',#1285,#1286,#1287);
#1285 = CARTESIAN_POINT('',(10.04,-2.22,0.95));
#1286 = DIRECTION('',(-0.,-0.,-1.));
#1287 = DIRECTION('',(-1.,0.,0.));
#1288 = ADVANCED_FACE('',(#1289),#1332,.F.);
#1289 = FACE_BOUND('',#1290,.F.);
#1290 = EDGE_LOOP('',(#1291,#1302,#1308,#1309,#1310,#1318,#1326));
#1291 = ORIENTED_EDGE('',*,*,#1292,.T.);
#1292 = EDGE_CURVE('',#1293,#1295,#1297,.T.);
#1293 = VERTEX_POINT('',#1294);
#1294 = CARTESIAN_POINT('',(-0.32,-2.86,0.95));
#1295 = VERTEX_POINT('',#1296);
#1296 = CARTESIAN_POINT('',(0.32,-2.86,1.59));
#1297 = CIRCLE('',#1298,0.64);
#1298 = AXIS2_PLACEMENT_3D('',#1299,#1300,#1301);
#1299 = CARTESIAN_POINT('',(0.32,-2.86,0.95));
#1300 = DIRECTION('',(0.,1.,0.));
#1301 = DIRECTION('',(0.,0.,-1.));
#1302 = ORIENTED_EDGE('',*,*,#1303,.T.);
#1303 = EDGE_CURVE('',#1295,#747,#1304,.T.);
#1304 = LINE('',#1305,#1306);
#1305 = CARTESIAN_POINT('',(-0.32,-2.86,1.59));
#1306 = VECTOR('',#1307,1.);
#1307 = DIRECTION('',(1.,0.,2.143287692327E-17));
#1308 = ORIENTED_EDGE('',*,*,#754,.T.);
#1309 = ORIENTED_EDGE('',*,*,#1270,.T.);
#1310 = ORIENTED_EDGE('',*,*,#1311,.T.);
#1311 = EDGE_CURVE('',#1271,#1312,#1314,.T.);
#1312 = VERTEX_POINT('',#1313);
#1313 = CARTESIAN_POINT('',(0.32,-2.86,-2.84));
#1314 = LINE('',#1315,#1316);
#1315 = CARTESIAN_POINT('',(0.32,-2.86,0.95));
#1316 = VECTOR('',#1317,1.);
#1317 = DIRECTION('',(0.,0.,-1.));
#1318 = ORIENTED_EDGE('',*,*,#1319,.T.);
#1319 = EDGE_CURVE('',#1312,#1320,#1322,.T.);
#1320 = VERTEX_POINT('',#1321);
#1321 = CARTESIAN_POINT('',(-0.32,-2.86,-2.84));
#1322 = LINE('',#1323,#1324);
#1323 = CARTESIAN_POINT('',(0.32,-2.86,-2.84));
#1324 = VECTOR('',#1325,1.);
#1325 = DIRECTION('',(-1.,0.,0.));
#1326 = ORIENTED_EDGE('',*,*,#1327,.T.);
#1327 = EDGE_CURVE('',#1320,#1293,#1328,.T.);
#1328 = LINE('',#1329,#1330);
#1329 = CARTESIAN_POINT('',(-0.32,-2.86,-3.));
#1330 = VECTOR('',#1331,1.);
#1331 = DIRECTION('',(0.,0.,1.));
#1332 = PLANE('',#1333);
#1333 = AXIS2_PLACEMENT_3D('',#1334,#1335,#1336);
#1334 = CARTESIAN_POINT('',(3.575919732441,-2.86,0.579080267559));
#1335 = DIRECTION('',(1.030170245606E-33,1.,6.630961875715E-34));
#1336 = DIRECTION('',(1.,-1.030170245606E-33,0.));
#1337 = ADVANCED_FACE('',(#1338),#1356,.T.);
#1338 = FACE_BOUND('',#1339,.T.);
#1339 = EDGE_LOOP('',(#1340,#1348,#1354,#1355));
#1340 = ORIENTED_EDGE('',*,*,#1341,.F.);
#1341 = EDGE_CURVE('',#1342,#739,#1344,.T.);
#1342 = VERTEX_POINT('',#1343);
#1343 = CARTESIAN_POINT('',(0.32,-2.22,1.59));
#1344 = LINE('',#1345,#1346);
#1345 = CARTESIAN_POINT('',(-0.32,-2.22,1.59));
#1346 = VECTOR('',#1347,1.);
#1347 = DIRECTION('',(1.,0.,2.143287692327E-17));
#1348 = ORIENTED_EDGE('',*,*,#1349,.T.);
#1349 = EDGE_CURVE('',#1342,#1295,#1350,.T.);
#1350 = LINE('',#1351,#1352);
#1351 = CARTESIAN_POINT('',(0.32,-2.22,1.59));
#1352 = VECTOR('',#1353,1.);
#1353 = DIRECTION('',(0.,-1.,0.));
#1354 = ORIENTED_EDGE('',*,*,#1303,.T.);
#1355 = ORIENTED_EDGE('',*,*,#746,.T.);
#1356 = PLANE('',#1357);
#1357 = AXIS2_PLACEMENT_3D('',#1358,#1359,#1360);
#1358 = CARTESIAN_POINT('',(-0.32,-2.22,1.59));
#1359 = DIRECTION('',(-2.143287692327E-17,0.,1.));
#1360 = DIRECTION('',(1.,0.,2.143287692327E-17));
#1361 = ADVANCED_FACE('',(#1362),#1398,.T.);
#1362 = FACE_BOUND('',#1363,.T.);
#1363 = EDGE_LOOP('',(#1364,#1373,#1374,#1375,#1376,#1384,#1392));
#1364 = ORIENTED_EDGE('',*,*,#1365,.T.);
#1365 = EDGE_CURVE('',#1366,#1342,#1368,.T.);
#1366 = VERTEX_POINT('',#1367);
#1367 = CARTESIAN_POINT('',(-0.32,-2.22,0.95));
#1368 = CIRCLE('',#1369,0.64);
#1369 = AXIS2_PLACEMENT_3D('',#1370,#1371,#1372);
#1370 = CARTESIAN_POINT('',(0.32,-2.22,0.95));
#1371 = DIRECTION('',(0.,1.,0.));
#1372 = DIRECTION('',(0.,0.,-1.));
#1373 = ORIENTED_EDGE('',*,*,#1341,.T.);
#1374 = ORIENTED_EDGE('',*,*,#738,.T.);
#1375 = ORIENTED_EDGE('',*,*,#1261,.T.);
#1376 = ORIENTED_EDGE('',*,*,#1377,.T.);
#1377 = EDGE_CURVE('',#1262,#1378,#1380,.T.);
#1378 = VERTEX_POINT('',#1379);
#1379 = CARTESIAN_POINT('',(0.32,-2.22,-2.84));
#1380 = LINE('',#1381,#1382);
#1381 = CARTESIAN_POINT('',(0.32,-2.22,0.95));
#1382 = VECTOR('',#1383,1.);
#1383 = DIRECTION('',(0.,0.,-1.));
#1384 = ORIENTED_EDGE('',*,*,#1385,.T.);
#1385 = EDGE_CURVE('',#1378,#1386,#1388,.T.);
#1386 = VERTEX_POINT('',#1387);
#1387 = CARTESIAN_POINT('',(-0.32,-2.22,-2.84));
#1388 = LINE('',#1389,#1390);
#1389 = CARTESIAN_POINT('',(0.32,-2.22,-2.84));
#1390 = VECTOR('',#1391,1.);
#1391 = DIRECTION('',(-1.,0.,0.));
#1392 = ORIENTED_EDGE('',*,*,#1393,.T.);
#1393 = EDGE_CURVE('',#1386,#1366,#1394,.T.);
#1394 = LINE('',#1395,#1396);
#1395 = CARTESIAN_POINT('',(-0.32,-2.22,-3.));
#1396 = VECTOR('',#1397,1.);
#1397 = DIRECTION('',(0.,0.,1.));
#1398 = PLANE('',#1399);
#1399 = AXIS2_PLACEMENT_3D('',#1400,#1401,#1402);
#1400 = CARTESIAN_POINT('',(3.575919732441,-2.22,0.579080267559));
#1401 = DIRECTION('',(1.030170245606E-33,1.,6.630961875715E-34));
#1402 = DIRECTION('',(1.,-1.030170245606E-33,0.));
#1403 = ADVANCED_FACE('',(#1404),#1429,.T.);
#1404 = FACE_BOUND('',#1405,.T.);
#1405 = EDGE_LOOP('',(#1406,#1414,#1422,#1428));
#1406 = ORIENTED_EDGE('',*,*,#1407,.F.);
#1407 = EDGE_CURVE('',#1408,#860,#1410,.T.);
#1408 = VERTEX_POINT('',#1409);
#1409 = CARTESIAN_POINT('',(9.88,0.32,0.95));
#1410 = LINE('',#1411,#1412);
#1411 = CARTESIAN_POINT('',(10.04,0.32,0.95));
#1412 = VECTOR('',#1413,1.);
#1413 = DIRECTION('',(-1.,0.,0.));
#1414 = ORIENTED_EDGE('',*,*,#1415,.T.);
#1415 = EDGE_CURVE('',#1408,#1416,#1418,.T.);
#1416 = VERTEX_POINT('',#1417);
#1417 = CARTESIAN_POINT('',(9.88,-0.32,0.95));
#1418 = LINE('',#1419,#1420);
#1419 = CARTESIAN_POINT('',(9.88,0.32,0.95));
#1420 = VECTOR('',#1421,1.);
#1421 = DIRECTION('',(0.,-1.,0.));
#1422 = ORIENTED_EDGE('',*,*,#1423,.T.);
#1423 = EDGE_CURVE('',#1416,#862,#1424,.T.);
#1424 = LINE('',#1425,#1426);
#1425 = CARTESIAN_POINT('',(10.04,-0.32,0.95));
#1426 = VECTOR('',#1427,1.);
#1427 = DIRECTION('',(-1.,0.,0.));
#1428 = ORIENTED_EDGE('',*,*,#859,.F.);
#1429 = PLANE('',#1430);
#1430 = AXIS2_PLACEMENT_3D('',#1431,#1432,#1433);
#1431 = CARTESIAN_POINT('',(10.04,0.32,0.95));
#1432 = DIRECTION('',(-0.,-0.,-1.));
#1433 = DIRECTION('',(-1.,0.,0.));
#1434 = ADVANCED_FACE('',(#1435),#1453,.F.);
#1435 = FACE_BOUND('',#1436,.F.);
#1436 = EDGE_LOOP('',(#1437,#1438,#1446,#1452));
#1437 = ORIENTED_EDGE('',*,*,#885,.F.);
#1438 = ORIENTED_EDGE('',*,*,#1439,.T.);
#1439 = EDGE_CURVE('',#878,#1440,#1442,.T.);
#1440 = VERTEX_POINT('',#1441);
#1441 = CARTESIAN_POINT('',(9.88,-0.32,1.59));
#1442 = LINE('',#1443,#1444);
#1443 = CARTESIAN_POINT('',(-0.32,-0.32,1.59));
#1444 = VECTOR('',#1445,1.);
#1445 = DIRECTION('',(1.,0.,2.143287692327E-17));
#1446 = ORIENTED_EDGE('',*,*,#1447,.T.);
#1447 = EDGE_CURVE('',#1440,#1416,#1448,.T.);
#1448 = LINE('',#1449,#1450);
#1449 = CARTESIAN_POINT('',(9.88,-0.32,1.59));
#1450 = VECTOR('',#1451,1.);
#1451 = DIRECTION('',(0.,0.,-1.));
#1452 = ORIENTED_EDGE('',*,*,#1423,.T.);
#1453 = PLANE('',#1454);
#1454 = AXIS2_PLACEMENT_3D('',#1455,#1456,#1457);
#1455 = CARTESIAN_POINT('',(3.575919732441,-0.32,0.579080267559));
#1456 = DIRECTION('',(1.030170245606E-33,1.,6.630961875715E-34));
#1457 = DIRECTION('',(1.,-1.030170245606E-33,0.));
#1458 = ADVANCED_FACE('',(#1459),#1477,.T.);
#1459 = FACE_BOUND('',#1460,.T.);
#1460 = EDGE_LOOP('',(#1461,#1469,#1470,#1471));
#1461 = ORIENTED_EDGE('',*,*,#1462,.F.);
#1462 = EDGE_CURVE('',#870,#1463,#1465,.T.);
#1463 = VERTEX_POINT('',#1464);
#1464 = CARTESIAN_POINT('',(9.88,0.32,1.59));
#1465 = LINE('',#1466,#1467);
#1466 = CARTESIAN_POINT('',(-0.32,0.32,1.59));
#1467 = VECTOR('',#1468,1.);
#1468 = DIRECTION('',(1.,0.,2.143287692327E-17));
#1469 = ORIENTED_EDGE('',*,*,#877,.F.);
#1470 = ORIENTED_EDGE('',*,*,#1439,.T.);
#1471 = ORIENTED_EDGE('',*,*,#1472,.F.);
#1472 = EDGE_CURVE('',#1463,#1440,#1473,.T.);
#1473 = LINE('',#1474,#1475);
#1474 = CARTESIAN_POINT('',(9.88,0.32,1.59));
#1475 = VECTOR('',#1476,1.);
#1476 = DIRECTION('',(0.,-1.,0.));
#1477 = PLANE('',#1478);
#1478 = AXIS2_PLACEMENT_3D('',#1479,#1480,#1481);
#1479 = CARTESIAN_POINT('',(-0.32,0.32,1.59));
#1480 = DIRECTION('',(-2.143287692327E-17,0.,1.));
#1481 = DIRECTION('',(1.,0.,2.143287692327E-17));
#1482 = ADVANCED_FACE('',(#1483),#1494,.T.);
#1483 = FACE_BOUND('',#1484,.T.);
#1484 = EDGE_LOOP('',(#1485,#1486,#1487,#1493));
#1485 = ORIENTED_EDGE('',*,*,#869,.F.);
#1486 = ORIENTED_EDGE('',*,*,#1462,.T.);
#1487 = ORIENTED_EDGE('',*,*,#1488,.T.);
#1488 = EDGE_CURVE('',#1463,#1408,#1489,.T.);
#1489 = LINE('',#1490,#1491);
#1490 = CARTESIAN_POINT('',(9.88,0.32,1.59));
#1491 = VECTOR('',#1492,1.);
#1492 = DIRECTION('',(0.,0.,-1.));
#1493 = ORIENTED_EDGE('',*,*,#1407,.T.);
#1494 = PLANE('',#1495);
#1495 = AXIS2_PLACEMENT_3D('',#1496,#1497,#1498);
#1496 = CARTESIAN_POINT('',(3.575919732441,0.32,0.579080267559));
#1497 = DIRECTION('',(1.030170245606E-33,1.,6.630961875715E-34));
#1498 = DIRECTION('',(1.,-1.030170245606E-33,0.));
#1499 = ADVANCED_FACE('',(#1500),#1525,.T.);
#1500 = FACE_BOUND('',#1501,.T.);
#1501 = EDGE_LOOP('',(#1502,#1510,#1518,#1524));
#1502 = ORIENTED_EDGE('',*,*,#1503,.F.);
#1503 = EDGE_CURVE('',#1504,#894,#1506,.T.);
#1504 = VERTEX_POINT('',#1505);
#1505 = CARTESIAN_POINT('',(9.88,-2.22,0.95));
#1506 = LINE('',#1507,#1508);
#1507 = CARTESIAN_POINT('',(10.04,-2.22,0.95));
#1508 = VECTOR('',#1509,1.);
#1509 = DIRECTION('',(-1.,0.,0.));
#1510 = ORIENTED_EDGE('',*,*,#1511,.T.);
#1511 = EDGE_CURVE('',#1504,#1512,#1514,.T.);
#1512 = VERTEX_POINT('',#1513);
#1513 = CARTESIAN_POINT('',(9.88,-2.86,0.95));
#1514 = LINE('',#1515,#1516);
#1515 = CARTESIAN_POINT('',(9.88,-2.22,0.95));
#1516 = VECTOR('',#1517,1.);
#1517 = DIRECTION('',(0.,-1.,0.));
#1518 = ORIENTED_EDGE('',*,*,#1519,.T.);
#1519 = EDGE_CURVE('',#1512,#896,#1520,.T.);
#1520 = LINE('',#1521,#1522);
#1521 = CARTESIAN_POINT('',(10.04,-2.86,0.95));
#1522 = VECTOR('',#1523,1.);
#1523 = DIRECTION('',(-1.,0.,0.));
#1524 = ORIENTED_EDGE('',*,*,#893,.F.);
#1525 = PLANE('',#1526);
#1526 = AXIS2_PLACEMENT_3D('',#1527,#1528,#1529);
#1527 = CARTESIAN_POINT('',(10.04,-2.22,0.95));
#1528 = DIRECTION('',(-0.,-0.,-1.));
#1529 = DIRECTION('',(-1.,0.,0.));
#1530 = ADVANCED_FACE('',(#1531),#1549,.F.);
#1531 = FACE_BOUND('',#1532,.F.);
#1532 = EDGE_LOOP('',(#1533,#1534,#1542,#1548));
#1533 = ORIENTED_EDGE('',*,*,#919,.F.);
#1534 = ORIENTED_EDGE('',*,*,#1535,.T.);
#1535 = EDGE_CURVE('',#912,#1536,#1538,.T.);
#1536 = VERTEX_POINT('',#1537);
#1537 = CARTESIAN_POINT('',(9.88,-2.86,1.59));
#1538 = LINE('',#1539,#1540);
#1539 = CARTESIAN_POINT('',(-0.32,-2.86,1.59));
#1540 = VECTOR('',#1541,1.);
#1541 = DIRECTION('',(1.,0.,2.143287692327E-17));
#1542 = ORIENTED_EDGE('',*,*,#1543,.T.);
#1543 = EDGE_CURVE('',#1536,#1512,#1544,.T.);
#1544 = LINE('',#1545,#1546);
#1545 = CARTESIAN_POINT('',(9.88,-2.86,1.59));
#1546 = VECTOR('',#1547,1.);
#1547 = DIRECTION('',(0.,0.,-1.));
#1548 = ORIENTED_EDGE('',*,*,#1519,.T.);
#1549 = PLANE('',#1550);
#1550 = AXIS2_PLACEMENT_3D('',#1551,#1552,#1553);
#1551 = CARTESIAN_POINT('',(3.575919732441,-2.86,0.579080267559));
#1552 = DIRECTION('',(1.030170245606E-33,1.,6.630961875715E-34));
#1553 = DIRECTION('',(1.,-1.030170245606E-33,0.));
#1554 = ADVANCED_FACE('',(#1555),#1573,.T.);
#1555 = FACE_BOUND('',#1556,.T.);
#1556 = EDGE_LOOP('',(#1557,#1565,#1566,#1567));
#1557 = ORIENTED_EDGE('',*,*,#1558,.F.);
#1558 = EDGE_CURVE('',#904,#1559,#1561,.T.);
#1559 = VERTEX_POINT('',#1560);
#1560 = CARTESIAN_POINT('',(9.88,-2.22,1.59));
#1561 = LINE('',#1562,#1563);
#1562 = CARTESIAN_POINT('',(-0.32,-2.22,1.59));
#1563 = VECTOR('',#1564,1.);
#1564 = DIRECTION('',(1.,0.,2.143287692327E-17));
#1565 = ORIENTED_EDGE('',*,*,#911,.F.);
#1566 = ORIENTED_EDGE('',*,*,#1535,.T.);
#1567 = ORIENTED_EDGE('',*,*,#1568,.F.);
#1568 = EDGE_CURVE('',#1559,#1536,#1569,.T.);
#1569 = LINE('',#1570,#1571);
#1570 = CARTESIAN_POINT('',(9.88,-2.22,1.59));
#1571 = VECTOR('',#1572,1.);
#1572 = DIRECTION('',(0.,-1.,0.));
#1573 = PLANE('',#1574);
#1574 = AXIS2_PLACEMENT_3D('',#1575,#1576,#1577);
#1575 = CARTESIAN_POINT('',(-0.32,-2.22,1.59));
#1576 = DIRECTION('',(-2.143287692327E-17,0.,1.));
#1577 = DIRECTION('',(1.,0.,2.143287692327E-17));
#1578 = ADVANCED_FACE('',(#1579),#1590,.T.);
#1579 = FACE_BOUND('',#1580,.T.);
#1580 = EDGE_LOOP('',(#1581,#1582,#1583,#1589));
#1581 = ORIENTED_EDGE('',*,*,#903,.F.);
#1582 = ORIENTED_EDGE('',*,*,#1558,.T.);
#1583 = ORIENTED_EDGE('',*,*,#1584,.T.);
#1584 = EDGE_CURVE('',#1559,#1504,#1585,.T.);
#1585 = LINE('',#1586,#1587);
#1586 = CARTESIAN_POINT('',(9.88,-2.22,1.59));
#1587 = VECTOR('',#1588,1.);
#1588 = DIRECTION('',(0.,0.,-1.));
#1589 = ORIENTED_EDGE('',*,*,#1503,.T.);
#1590 = PLANE('',#1591);
#1591 = AXIS2_PLACEMENT_3D('',#1592,#1593,#1594);
#1592 = CARTESIAN_POINT('',(3.575919732441,-2.22,0.579080267559));
#1593 = DIRECTION('',(1.030170245606E-33,1.,6.630961875715E-34));
#1594 = DIRECTION('',(1.,-1.030170245606E-33,0.));
#1595 = ADVANCED_FACE('',(#1596),#1607,.T.);
#1596 = FACE_BOUND('',#1597,.T.);
#1597 = EDGE_LOOP('',(#1598,#1599,#1600,#1601));
#1598 = ORIENTED_EDGE('',*,*,#1231,.F.);
#1599 = ORIENTED_EDGE('',*,*,#1132,.T.);
#1600 = ORIENTED_EDGE('',*,*,#1165,.T.);
#1601 = ORIENTED_EDGE('',*,*,#1602,.F.);
#1602 = EDGE_CURVE('',#1232,#1166,#1603,.T.);
#1603 = LINE('',#1604,#1605);
#1604 = CARTESIAN_POINT('',(0.32,0.32,-2.84));
#1605 = VECTOR('',#1606,1.);
#1606 = DIRECTION('',(0.,-1.,0.));
#1607 = PLANE('',#1608);
#1608 = AXIS2_PLACEMENT_3D('',#1609,#1610,#1611);
#1609 = CARTESIAN_POINT('',(0.32,0.32,0.95));
#1610 = DIRECTION('',(1.,0.,0.));
#1611 = DIRECTION('',(0.,0.,-1.));
#1612 = ADVANCED_FACE('',(#1613),#1624,.T.);
#1613 = FACE_BOUND('',#1614,.T.);
#1614 = EDGE_LOOP('',(#1615,#1621,#1622,#1623));
#1615 = ORIENTED_EDGE('',*,*,#1616,.T.);
#1616 = EDGE_CURVE('',#1220,#1147,#1617,.T.);
#1617 = LINE('',#1618,#1619);
#1618 = CARTESIAN_POINT('',(-0.32,0.32,0.95));
#1619 = VECTOR('',#1620,1.);
#1620 = DIRECTION('',(0.,-1.,0.));
#1621 = ORIENTED_EDGE('',*,*,#1146,.T.);
#1622 = ORIENTED_EDGE('',*,*,#1203,.F.);
#1623 = ORIENTED_EDGE('',*,*,#1219,.F.);
#1624 = CYLINDRICAL_SURFACE('',#1625,0.64);
#1625 = AXIS2_PLACEMENT_3D('',#1626,#1627,#1628);
#1626 = CARTESIAN_POINT('',(0.32,0.32,0.95));
#1627 = DIRECTION('',(0.,-1.,0.));
#1628 = DIRECTION('',(-1.,0.,0.));
#1629 = ADVANCED_FACE('',(#1630),#1641,.T.);
#1630 = FACE_BOUND('',#1631,.T.);
#1631 = EDGE_LOOP('',(#1632,#1633,#1639,#1640));
#1632 = ORIENTED_EDGE('',*,*,#1247,.F.);
#1633 = ORIENTED_EDGE('',*,*,#1634,.T.);
#1634 = EDGE_CURVE('',#1240,#1174,#1635,.T.);
#1635 = LINE('',#1636,#1637);
#1636 = CARTESIAN_POINT('',(-0.32,0.32,-2.84));
#1637 = VECTOR('',#1638,1.);
#1638 = DIRECTION('',(0.,-1.,0.));
#1639 = ORIENTED_EDGE('',*,*,#1181,.T.);
#1640 = ORIENTED_EDGE('',*,*,#1616,.F.);
#1641 = PLANE('',#1642);
#1642 = AXIS2_PLACEMENT_3D('',#1643,#1644,#1645);
#1643 = CARTESIAN_POINT('',(-0.32,0.32,-3.));
#1644 = DIRECTION('',(-1.,0.,0.));
#1645 = DIRECTION('',(0.,0.,1.));
#1646 = ADVANCED_FACE('',(#1647),#1672,.F.);
#1647 = FACE_BOUND('',#1648,.F.);
#1648 = EDGE_LOOP('',(#1649,#1657,#1665,#1671));
#1649 = ORIENTED_EDGE('',*,*,#1650,.F.);
#1650 = EDGE_CURVE('',#1651,#1166,#1653,.T.);
#1651 = VERTEX_POINT('',#1652);
#1652 = CARTESIAN_POINT('',(0.16,-0.16,-3.));
#1653 = LINE('',#1654,#1655);
#1654 = CARTESIAN_POINT('',(0.16,-0.16,-3.));
#1655 = VECTOR('',#1656,1.);
#1656 = DIRECTION('',(0.57735026919,-0.57735026919,0.57735026919));
#1657 = ORIENTED_EDGE('',*,*,#1658,.T.);
#1658 = EDGE_CURVE('',#1651,#1659,#1661,.T.);
#1659 = VERTEX_POINT('',#1660);
#1660 = CARTESIAN_POINT('',(-0.16,-0.16,-3.));
#1661 = LINE('',#1662,#1663);
#1662 = CARTESIAN_POINT('',(0.32,-0.16,-3.));
#1663 = VECTOR('',#1664,1.);
#1664 = DIRECTION('',(-1.,0.,0.));
#1665 = ORIENTED_EDGE('',*,*,#1666,.T.);
#1666 = EDGE_CURVE('',#1659,#1174,#1667,.T.);
#1667 = LINE('',#1668,#1669);
#1668 = CARTESIAN_POINT('',(-5.333333333333E-02,-5.333333333333E-02,
    -3.106666666667));
#1669 = VECTOR('',#1670,1.);
#1670 = DIRECTION('',(-0.57735026919,-0.57735026919,0.57735026919));
#1671 = ORIENTED_EDGE('',*,*,#1173,.F.);
#1672 = PLANE('',#1673);
#1673 = AXIS2_PLACEMENT_3D('',#1674,#1675,#1676);
#1674 = CARTESIAN_POINT('',(0.32,-0.24,-2.92));
#1675 = DIRECTION('',(1.735167508357E-18,0.707106781187,0.707106781187)
  );
#1676 = DIRECTION('',(-1.,1.226948711654E-18,1.226948711654E-18));
#1677 = ADVANCED_FACE('',(#1678),#1703,.T.);
#1678 = FACE_BOUND('',#1679,.F.);
#1679 = EDGE_LOOP('',(#1680,#1688,#1689,#1697));
#1680 = ORIENTED_EDGE('',*,*,#1681,.T.);
#1681 = EDGE_CURVE('',#1682,#1232,#1684,.T.);
#1682 = VERTEX_POINT('',#1683);
#1683 = CARTESIAN_POINT('',(0.16,0.16,-3.));
#1684 = LINE('',#1685,#1686);
#1685 = CARTESIAN_POINT('',(0.266666666667,0.266666666667,
    -2.893333333333));
#1686 = VECTOR('',#1687,1.);
#1687 = DIRECTION('',(0.57735026919,0.57735026919,0.57735026919));
#1688 = ORIENTED_EDGE('',*,*,#1239,.T.);
#1689 = ORIENTED_EDGE('',*,*,#1690,.T.);
#1690 = EDGE_CURVE('',#1240,#1691,#1693,.T.);
#1691 = VERTEX_POINT('',#1692);
#1692 = CARTESIAN_POINT('',(-0.16,0.16,-3.));
#1693 = LINE('',#1694,#1695);
#1694 = CARTESIAN_POINT('',(-0.16,0.16,-3.));
#1695 = VECTOR('',#1696,1.);
#1696 = DIRECTION('',(0.57735026919,-0.57735026919,-0.57735026919));
#1697 = ORIENTED_EDGE('',*,*,#1698,.F.);
#1698 = EDGE_CURVE('',#1682,#1691,#1699,.T.);
#1699 = LINE('',#1700,#1701);
#1700 = CARTESIAN_POINT('',(0.32,0.16,-3.));
#1701 = VECTOR('',#1702,1.);
#1702 = DIRECTION('',(-1.,0.,0.));
#1703 = PLANE('',#1704);
#1704 = AXIS2_PLACEMENT_3D('',#1705,#1706,#1707);
#1705 = CARTESIAN_POINT('',(0.32,0.24,-2.92));
#1706 = DIRECTION('',(-1.735167508357E-18,0.707106781187,-0.707106781187
    ));
#1707 = DIRECTION('',(1.,1.226948711654E-18,-1.226948711654E-18));
#1708 = ADVANCED_FACE('',(#1709),#1720,.T.);
#1709 = FACE_BOUND('',#1710,.T.);
#1710 = EDGE_LOOP('',(#1711,#1712,#1713,#1714));
#1711 = ORIENTED_EDGE('',*,*,#1377,.F.);
#1712 = ORIENTED_EDGE('',*,*,#1278,.T.);
#1713 = ORIENTED_EDGE('',*,*,#1311,.T.);
#1714 = ORIENTED_EDGE('',*,*,#1715,.F.);
#1715 = EDGE_CURVE('',#1378,#1312,#1716,.T.);
#1716 = LINE('',#1717,#1718);
#1717 = CARTESIAN_POINT('',(0.32,-2.22,-2.84));
#1718 = VECTOR('',#1719,1.);
#1719 = DIRECTION('',(0.,-1.,0.));
#1720 = PLANE('',#1721);
#1721 = AXIS2_PLACEMENT_3D('',#1722,#1723,#1724);
#1722 = CARTESIAN_POINT('',(0.32,-2.22,0.95));
#1723 = DIRECTION('',(1.,0.,0.));
#1724 = DIRECTION('',(0.,0.,-1.));
#1725 = ADVANCED_FACE('',(#1726),#1737,.T.);
#1726 = FACE_BOUND('',#1727,.T.);
#1727 = EDGE_LOOP('',(#1728,#1734,#1735,#1736));
#1728 = ORIENTED_EDGE('',*,*,#1729,.T.);
#1729 = EDGE_CURVE('',#1366,#1293,#1730,.T.);
#1730 = LINE('',#1731,#1732);
#1731 = CARTESIAN_POINT('',(-0.32,-2.22,0.95));
#1732 = VECTOR('',#1733,1.);
#1733 = DIRECTION('',(0.,-1.,0.));
#1734 = ORIENTED_EDGE('',*,*,#1292,.T.);
#1735 = ORIENTED_EDGE('',*,*,#1349,.F.);
#1736 = ORIENTED_EDGE('',*,*,#1365,.F.);
#1737 = CYLINDRICAL_SURFACE('',#1738,0.64);
#1738 = AXIS2_PLACEMENT_3D('',#1739,#1740,#1741);
#1739 = CARTESIAN_POINT('',(0.32,-2.22,0.95));
#1740 = DIRECTION('',(0.,-1.,0.));
#1741 = DIRECTION('',(-1.,0.,0.));
#1742 = ADVANCED_FACE('',(#1743),#1754,.T.);
#1743 = FACE_BOUND('',#1744,.T.);
#1744 = EDGE_LOOP('',(#1745,#1746,#1752,#1753));
#1745 = ORIENTED_EDGE('',*,*,#1393,.F.);
#1746 = ORIENTED_EDGE('',*,*,#1747,.T.);
#1747 = EDGE_CURVE('',#1386,#1320,#1748,.T.);
#1748 = LINE('',#1749,#1750);
#1749 = CARTESIAN_POINT('',(-0.32,-2.22,-2.84));
#1750 = VECTOR('',#1751,1.);
#1751 = DIRECTION('',(0.,-1.,0.));
#1752 = ORIENTED_EDGE('',*,*,#1327,.T.);
#1753 = ORIENTED_EDGE('',*,*,#1729,.F.);
#1754 = PLANE('',#1755);
#1755 = AXIS2_PLACEMENT_3D('',#1756,#1757,#1758);
#1756 = CARTESIAN_POINT('',(-0.32,-2.22,-3.));
#1757 = DIRECTION('',(-1.,0.,0.));
#1758 = DIRECTION('',(0.,0.,1.));
#1759 = ADVANCED_FACE('',(#1760),#1785,.F.);
#1760 = FACE_BOUND('',#1761,.F.);
#1761 = EDGE_LOOP('',(#1762,#1770,#1778,#1784));
#1762 = ORIENTED_EDGE('',*,*,#1763,.F.);
#1763 = EDGE_CURVE('',#1764,#1312,#1766,.T.);
#1764 = VERTEX_POINT('',#1765);
#1765 = CARTESIAN_POINT('',(0.16,-2.7,-3.));
#1766 = LINE('',#1767,#1768);
#1767 = CARTESIAN_POINT('',(0.16,-2.7,-3.));
#1768 = VECTOR('',#1769,1.);
#1769 = DIRECTION('',(0.57735026919,-0.57735026919,0.57735026919));
#1770 = ORIENTED_EDGE('',*,*,#1771,.T.);
#1771 = EDGE_CURVE('',#1764,#1772,#1774,.T.);
#1772 = VERTEX_POINT('',#1773);
#1773 = CARTESIAN_POINT('',(-0.16,-2.7,-3.));
#1774 = LINE('',#1775,#1776);
#1775 = CARTESIAN_POINT('',(0.32,-2.7,-3.));
#1776 = VECTOR('',#1777,1.);
#1777 = DIRECTION('',(-1.,0.,0.));
#1778 = ORIENTED_EDGE('',*,*,#1779,.T.);
#1779 = EDGE_CURVE('',#1772,#1320,#1780,.T.);
#1780 = LINE('',#1781,#1782);
#1781 = CARTESIAN_POINT('',(-5.333333333333E-02,-2.593333333333,
    -3.106666666667));
#1782 = VECTOR('',#1783,1.);
#1783 = DIRECTION('',(-0.57735026919,-0.57735026919,0.57735026919));
#1784 = ORIENTED_EDGE('',*,*,#1319,.F.);
#1785 = PLANE('',#1786);
#1786 = AXIS2_PLACEMENT_3D('',#1787,#1788,#1789);
#1787 = CARTESIAN_POINT('',(0.32,-2.78,-2.92));
#1788 = DIRECTION('',(1.735167508357E-18,0.707106781187,0.707106781187)
  );
#1789 = DIRECTION('',(-1.,1.226948711654E-18,1.226948711654E-18));
#1790 = ADVANCED_FACE('',(#1791),#1816,.T.);
#1791 = FACE_BOUND('',#1792,.F.);
#1792 = EDGE_LOOP('',(#1793,#1801,#1802,#1810));
#1793 = ORIENTED_EDGE('',*,*,#1794,.T.);
#1794 = EDGE_CURVE('',#1795,#1378,#1797,.T.);
#1795 = VERTEX_POINT('',#1796);
#1796 = CARTESIAN_POINT('',(0.16,-2.38,-3.));
#1797 = LINE('',#1798,#1799);
#1798 = CARTESIAN_POINT('',(0.266666666667,-2.273333333333,
    -2.893333333333));
#1799 = VECTOR('',#1800,1.);
#1800 = DIRECTION('',(0.57735026919,0.57735026919,0.57735026919));
#1801 = ORIENTED_EDGE('',*,*,#1385,.T.);
#1802 = ORIENTED_EDGE('',*,*,#1803,.T.);
#1803 = EDGE_CURVE('',#1386,#1804,#1806,.T.);
#1804 = VERTEX_POINT('',#1805);
#1805 = CARTESIAN_POINT('',(-0.16,-2.38,-3.));
#1806 = LINE('',#1807,#1808);
#1807 = CARTESIAN_POINT('',(-0.16,-2.38,-3.));
#1808 = VECTOR('',#1809,1.);
#1809 = DIRECTION('',(0.57735026919,-0.57735026919,-0.57735026919));
#1810 = ORIENTED_EDGE('',*,*,#1811,.F.);
#1811 = EDGE_CURVE('',#1795,#1804,#1812,.T.);
#1812 = LINE('',#1813,#1814);
#1813 = CARTESIAN_POINT('',(0.32,-2.38,-3.));
#1814 = VECTOR('',#1815,1.);
#1815 = DIRECTION('',(-1.,0.,0.));
#1816 = PLANE('',#1817);
#1817 = AXIS2_PLACEMENT_3D('',#1818,#1819,#1820);
#1818 = CARTESIAN_POINT('',(0.32,-2.3,-2.92));
#1819 = DIRECTION('',(-1.735167508357E-18,0.707106781187,-0.707106781187
    ));
#1820 = DIRECTION('',(1.,1.226948711654E-18,-1.226948711654E-18));
#1821 = ADVANCED_FACE('',(#1822),#1847,.T.);
#1822 = FACE_BOUND('',#1823,.F.);
#1823 = EDGE_LOOP('',(#1824,#1832,#1833,#1841));
#1824 = ORIENTED_EDGE('',*,*,#1825,.F.);
#1825 = EDGE_CURVE('',#1408,#1826,#1828,.T.);
#1826 = VERTEX_POINT('',#1827);
#1827 = CARTESIAN_POINT('',(10.04,0.16,1.11));
#1828 = LINE('',#1829,#1830);
#1829 = CARTESIAN_POINT('',(10.04,0.16,1.11));
#1830 = VECTOR('',#1831,1.);
#1831 = DIRECTION('',(0.57735026919,-0.57735026919,0.57735026919));
#1832 = ORIENTED_EDGE('',*,*,#1415,.T.);
#1833 = ORIENTED_EDGE('',*,*,#1834,.T.);
#1834 = EDGE_CURVE('',#1416,#1835,#1837,.T.);
#1835 = VERTEX_POINT('',#1836);
#1836 = CARTESIAN_POINT('',(10.04,-0.16,1.11));
#1837 = LINE('',#1838,#1839);
#1838 = CARTESIAN_POINT('',(10.146666666667,-5.333333333333E-02,
    1.216666666667));
#1839 = VECTOR('',#1840,1.);
#1840 = DIRECTION('',(0.57735026919,0.57735026919,0.57735026919));
#1841 = ORIENTED_EDGE('',*,*,#1842,.F.);
#1842 = EDGE_CURVE('',#1826,#1835,#1843,.T.);
#1843 = LINE('',#1844,#1845);
#1844 = CARTESIAN_POINT('',(10.04,0.32,1.11));
#1845 = VECTOR('',#1846,1.);
#1846 = DIRECTION('',(0.,-1.,0.));
#1847 = PLANE('',#1848);
#1848 = AXIS2_PLACEMENT_3D('',#1849,#1850,#1851);
#1849 = CARTESIAN_POINT('',(9.96,0.32,1.03));
#1850 = DIRECTION('',(0.707106781187,0.,-0.707106781187));
#1851 = DIRECTION('',(0.,1.,0.));
#1852 = ADVANCED_FACE('',(#1853),#1871,.F.);
#1853 = FACE_BOUND('',#1854,.T.);
#1854 = EDGE_LOOP('',(#1855,#1863,#1864,#1865));
#1855 = ORIENTED_EDGE('',*,*,#1856,.F.);
#1856 = EDGE_CURVE('',#1440,#1857,#1859,.T.);
#1857 = VERTEX_POINT('',#1858);
#1858 = CARTESIAN_POINT('',(10.04,-0.16,1.43));
#1859 = LINE('',#1860,#1861);
#1860 = CARTESIAN_POINT('',(10.04,-0.16,1.43));
#1861 = VECTOR('',#1862,1.);
#1862 = DIRECTION('',(0.57735026919,0.57735026919,-0.57735026919));
#1863 = ORIENTED_EDGE('',*,*,#1447,.T.);
#1864 = ORIENTED_EDGE('',*,*,#1834,.T.);
#1865 = ORIENTED_EDGE('',*,*,#1866,.F.);
#1866 = EDGE_CURVE('',#1857,#1835,#1867,.T.);
#1867 = LINE('',#1868,#1869);
#1868 = CARTESIAN_POINT('',(10.04,-0.16,1.59));
#1869 = VECTOR('',#1870,1.);
#1870 = DIRECTION('',(0.,0.,-1.));
#1871 = PLANE('',#1872);
#1872 = AXIS2_PLACEMENT_3D('',#1873,#1874,#1875);
#1873 = CARTESIAN_POINT('',(9.96,-0.24,1.59));
#1874 = DIRECTION('',(-0.707106781187,0.707106781187,1.735167508357E-18)
  );
#1875 = DIRECTION('',(1.226948711654E-18,-1.226948711654E-18,1.));
#1876 = ADVANCED_FACE('',(#1877),#1895,.T.);
#1877 = FACE_BOUND('',#1878,.T.);
#1878 = EDGE_LOOP('',(#1879,#1887,#1888,#1889));
#1879 = ORIENTED_EDGE('',*,*,#1880,.F.);
#1880 = EDGE_CURVE('',#1463,#1881,#1883,.T.);
#1881 = VERTEX_POINT('',#1882);
#1882 = CARTESIAN_POINT('',(10.04,0.16,1.43));
#1883 = LINE('',#1884,#1885);
#1884 = CARTESIAN_POINT('',(9.933333333333,0.266666666667,1.536666666667
    ));
#1885 = VECTOR('',#1886,1.);
#1886 = DIRECTION('',(0.57735026919,-0.57735026919,-0.57735026919));
#1887 = ORIENTED_EDGE('',*,*,#1472,.T.);
#1888 = ORIENTED_EDGE('',*,*,#1856,.T.);
#1889 = ORIENTED_EDGE('',*,*,#1890,.F.);
#1890 = EDGE_CURVE('',#1881,#1857,#1891,.T.);
#1891 = LINE('',#1892,#1893);
#1892 = CARTESIAN_POINT('',(10.04,0.32,1.43));
#1893 = VECTOR('',#1894,1.);
#1894 = DIRECTION('',(0.,-1.,0.));
#1895 = PLANE('',#1896);
#1896 = AXIS2_PLACEMENT_3D('',#1897,#1898,#1899);
#1897 = CARTESIAN_POINT('',(9.96,0.32,1.51));
#1898 = DIRECTION('',(0.707106781187,-1.735167508357E-18,0.707106781187)
  );
#1899 = DIRECTION('',(-1.226948711654E-18,-1.,-1.226948711654E-18));
#1900 = ADVANCED_FACE('',(#1901),#1912,.T.);
#1901 = FACE_BOUND('',#1902,.F.);
#1902 = EDGE_LOOP('',(#1903,#1904,#1905,#1906));
#1903 = ORIENTED_EDGE('',*,*,#1880,.F.);
#1904 = ORIENTED_EDGE('',*,*,#1488,.T.);
#1905 = ORIENTED_EDGE('',*,*,#1825,.T.);
#1906 = ORIENTED_EDGE('',*,*,#1907,.F.);
#1907 = EDGE_CURVE('',#1881,#1826,#1908,.T.);
#1908 = LINE('',#1909,#1910);
#1909 = CARTESIAN_POINT('',(10.04,0.16,1.59));
#1910 = VECTOR('',#1911,1.);
#1911 = DIRECTION('',(0.,0.,-1.));
#1912 = PLANE('',#1913);
#1913 = AXIS2_PLACEMENT_3D('',#1914,#1915,#1916);
#1914 = CARTESIAN_POINT('',(9.96,0.24,1.59));
#1915 = DIRECTION('',(0.707106781187,0.707106781187,-1.735167508357E-18)
  );
#1916 = DIRECTION('',(1.226948711654E-18,1.226948711654E-18,1.));
#1917 = ADVANCED_FACE('',(#1918),#1943,.T.);
#1918 = FACE_BOUND('',#1919,.F.);
#1919 = EDGE_LOOP('',(#1920,#1928,#1929,#1937));
#1920 = ORIENTED_EDGE('',*,*,#1921,.F.);
#1921 = EDGE_CURVE('',#1504,#1922,#1924,.T.);
#1922 = VERTEX_POINT('',#1923);
#1923 = CARTESIAN_POINT('',(10.04,-2.38,1.11));
#1924 = LINE('',#1925,#1926);
#1925 = CARTESIAN_POINT('',(10.04,-2.38,1.11));
#1926 = VECTOR('',#1927,1.);
#1927 = DIRECTION('',(0.57735026919,-0.57735026919,0.57735026919));
#1928 = ORIENTED_EDGE('',*,*,#1511,.T.);
#1929 = ORIENTED_EDGE('',*,*,#1930,.T.);
#1930 = EDGE_CURVE('',#1512,#1931,#1933,.T.);
#1931 = VERTEX_POINT('',#1932);
#1932 = CARTESIAN_POINT('',(10.04,-2.7,1.11));
#1933 = LINE('',#1934,#1935);
#1934 = CARTESIAN_POINT('',(10.146666666667,-2.593333333333,
    1.216666666667));
#1935 = VECTOR('',#1936,1.);
#1936 = DIRECTION('',(0.57735026919,0.57735026919,0.57735026919));
#1937 = ORIENTED_EDGE('',*,*,#1938,.F.);
#1938 = EDGE_CURVE('',#1922,#1931,#1939,.T.);
#1939 = LINE('',#1940,#1941);
#1940 = CARTESIAN_POINT('',(10.04,-2.22,1.11));
#1941 = VECTOR('',#1942,1.);
#1942 = DIRECTION('',(0.,-1.,0.));
#1943 = PLANE('',#1944);
#1944 = AXIS2_PLACEMENT_3D('',#1945,#1946,#1947);
#1945 = CARTESIAN_POINT('',(9.96,-2.22,1.03));
#1946 = DIRECTION('',(0.707106781187,0.,-0.707106781187));
#1947 = DIRECTION('',(0.,1.,0.));
#1948 = ADVANCED_FACE('',(#1949),#1967,.F.);
#1949 = FACE_BOUND('',#1950,.T.);
#1950 = EDGE_LOOP('',(#1951,#1959,#1960,#1961));
#1951 = ORIENTED_EDGE('',*,*,#1952,.F.);
#1952 = EDGE_CURVE('',#1536,#1953,#1955,.T.);
#1953 = VERTEX_POINT('',#1954);
#1954 = CARTESIAN_POINT('',(10.04,-2.7,1.43));
#1955 = LINE('',#1956,#1957);
#1956 = CARTESIAN_POINT('',(10.04,-2.7,1.43));
#1957 = VECTOR('',#1958,1.);
#1958 = DIRECTION('',(0.57735026919,0.57735026919,-0.57735026919));
#1959 = ORIENTED_EDGE('',*,*,#1543,.T.);
#1960 = ORIENTED_EDGE('',*,*,#1930,.T.);
#1961 = ORIENTED_EDGE('',*,*,#1962,.F.);
#1962 = EDGE_CURVE('',#1953,#1931,#1963,.T.);
#1963 = LINE('',#1964,#1965);
#1964 = CARTESIAN_POINT('',(10.04,-2.7,1.59));
#1965 = VECTOR('',#1966,1.);
#1966 = DIRECTION('',(0.,0.,-1.));
#1967 = PLANE('',#1968);
#1968 = AXIS2_PLACEMENT_3D('',#1969,#1970,#1971);
#1969 = CARTESIAN_POINT('',(9.96,-2.78,1.59));
#1970 = DIRECTION('',(-0.707106781187,0.707106781187,1.735167508357E-18)
  );
#1971 = DIRECTION('',(1.226948711654E-18,-1.226948711654E-18,1.));
#1972 = ADVANCED_FACE('',(#1973),#1991,.T.);
#1973 = FACE_BOUND('',#1974,.T.);
#1974 = EDGE_LOOP('',(#1975,#1983,#1984,#1985));
#1975 = ORIENTED_EDGE('',*,*,#1976,.F.);
#1976 = EDGE_CURVE('',#1559,#1977,#1979,.T.);
#1977 = VERTEX_POINT('',#1978);
#1978 = CARTESIAN_POINT('',(10.04,-2.38,1.43));
#1979 = LINE('',#1980,#1981);
#1980 = CARTESIAN_POINT('',(9.933333333333,-2.273333333333,
    1.536666666667));
#1981 = VECTOR('',#1982,1.);
#1982 = DIRECTION('',(0.57735026919,-0.57735026919,-0.57735026919));
#1983 = ORIENTED_EDGE('',*,*,#1568,.T.);
#1984 = ORIENTED_EDGE('',*,*,#1952,.T.);
#1985 = ORIENTED_EDGE('',*,*,#1986,.F.);
#1986 = EDGE_CURVE('',#1977,#1953,#1987,.T.);
#1987 = LINE('',#1988,#1989);
#1988 = CARTESIAN_POINT('',(10.04,-2.22,1.43));
#1989 = VECTOR('',#1990,1.);
#1990 = DIRECTION('',(0.,-1.,0.));
#1991 = PLANE('',#1992);
#1992 = AXIS2_PLACEMENT_3D('',#1993,#1994,#1995);
#1993 = CARTESIAN_POINT('',(9.96,-2.22,1.51));
#1994 = DIRECTION('',(0.707106781187,-1.735167508357E-18,0.707106781187)
  );
#1995 = DIRECTION('',(-1.226948711654E-18,-1.,-1.226948711654E-18));
#1996 = ADVANCED_FACE('',(#1997),#2008,.T.);
#1997 = FACE_BOUND('',#1998,.F.);
#1998 = EDGE_LOOP('',(#1999,#2000,#2001,#2002));
#1999 = ORIENTED_EDGE('',*,*,#1976,.F.);
#2000 = ORIENTED_EDGE('',*,*,#1584,.T.);
#2001 = ORIENTED_EDGE('',*,*,#1921,.T.);
#2002 = ORIENTED_EDGE('',*,*,#2003,.F.);
#2003 = EDGE_CURVE('',#1977,#1922,#2004,.T.);
#2004 = LINE('',#2005,#2006);
#2005 = CARTESIAN_POINT('',(10.04,-2.38,1.59));
#2006 = VECTOR('',#2007,1.);
#2007 = DIRECTION('',(0.,0.,-1.));
#2008 = PLANE('',#2009);
#2009 = AXIS2_PLACEMENT_3D('',#2010,#2011,#2012);
#2010 = CARTESIAN_POINT('',(9.96,-2.3,1.59));
#2011 = DIRECTION('',(0.707106781187,0.707106781187,-1.735167508357E-18)
  );
#2012 = DIRECTION('',(1.226948711654E-18,1.226948711654E-18,1.));
#2013 = ADVANCED_FACE('',(#2014),#2025,.T.);
#2014 = FACE_BOUND('',#2015,.F.);
#2015 = EDGE_LOOP('',(#2016,#2017,#2023,#2024));
#2016 = ORIENTED_EDGE('',*,*,#1681,.F.);
#2017 = ORIENTED_EDGE('',*,*,#2018,.T.);
#2018 = EDGE_CURVE('',#1682,#1651,#2019,.T.);
#2019 = LINE('',#2020,#2021);
#2020 = CARTESIAN_POINT('',(0.16,0.32,-3.));
#2021 = VECTOR('',#2022,1.);
#2022 = DIRECTION('',(0.,-1.,0.));
#2023 = ORIENTED_EDGE('',*,*,#1650,.T.);
#2024 = ORIENTED_EDGE('',*,*,#1602,.F.);
#2025 = PLANE('',#2026);
#2026 = AXIS2_PLACEMENT_3D('',#2027,#2028,#2029);
#2027 = CARTESIAN_POINT('',(0.24,0.32,-2.92));
#2028 = DIRECTION('',(0.707106781187,1.735167508357E-18,-0.707106781187)
  );
#2029 = DIRECTION('',(-1.226948711654E-18,1.,1.226948711654E-18));
#2030 = ADVANCED_FACE('',(#2031),#2042,.T.);
#2031 = FACE_BOUND('',#2032,.F.);
#2032 = EDGE_LOOP('',(#2033,#2034,#2035,#2036));
#2033 = ORIENTED_EDGE('',*,*,#1690,.F.);
#2034 = ORIENTED_EDGE('',*,*,#1634,.T.);
#2035 = ORIENTED_EDGE('',*,*,#1666,.F.);
#2036 = ORIENTED_EDGE('',*,*,#2037,.F.);
#2037 = EDGE_CURVE('',#1691,#1659,#2038,.T.);
#2038 = LINE('',#2039,#2040);
#2039 = CARTESIAN_POINT('',(-0.16,0.32,-3.));
#2040 = VECTOR('',#2041,1.);
#2041 = DIRECTION('',(0.,-1.,0.));
#2042 = PLANE('',#2043);
#2043 = AXIS2_PLACEMENT_3D('',#2044,#2045,#2046);
#2044 = CARTESIAN_POINT('',(-0.24,0.32,-2.92));
#2045 = DIRECTION('',(-0.707106781187,-1.735167508357E-18,
    -0.707106781187));
#2046 = DIRECTION('',(-1.226948711654E-18,1.,-1.226948711654E-18));
#2047 = ADVANCED_FACE('',(#2048),#2054,.T.);
#2048 = FACE_BOUND('',#2049,.T.);
#2049 = EDGE_LOOP('',(#2050,#2051,#2052,#2053));
#2050 = ORIENTED_EDGE('',*,*,#1658,.T.);
#2051 = ORIENTED_EDGE('',*,*,#2037,.F.);
#2052 = ORIENTED_EDGE('',*,*,#1698,.F.);
#2053 = ORIENTED_EDGE('',*,*,#2018,.T.);
#2054 = PLANE('',#2055);
#2055 = AXIS2_PLACEMENT_3D('',#2056,#2057,#2058);
#2056 = CARTESIAN_POINT('',(0.32,0.32,-3.));
#2057 = DIRECTION('',(-0.,-0.,-1.));
#2058 = DIRECTION('',(-1.,0.,0.));
#2059 = ADVANCED_FACE('',(#2060),#2071,.T.);
#2060 = FACE_BOUND('',#2061,.F.);
#2061 = EDGE_LOOP('',(#2062,#2063,#2069,#2070));
#2062 = ORIENTED_EDGE('',*,*,#1794,.F.);
#2063 = ORIENTED_EDGE('',*,*,#2064,.T.);
#2064 = EDGE_CURVE('',#1795,#1764,#2065,.T.);
#2065 = LINE('',#2066,#2067);
#2066 = CARTESIAN_POINT('',(0.16,-2.22,-3.));
#2067 = VECTOR('',#2068,1.);
#2068 = DIRECTION('',(0.,-1.,0.));
#2069 = ORIENTED_EDGE('',*,*,#1763,.T.);
#2070 = ORIENTED_EDGE('',*,*,#1715,.F.);
#2071 = PLANE('',#2072);
#2072 = AXIS2_PLACEMENT_3D('',#2073,#2074,#2075);
#2073 = CARTESIAN_POINT('',(0.24,-2.22,-2.92));
#2074 = DIRECTION('',(0.707106781187,1.735167508357E-18,-0.707106781187)
  );
#2075 = DIRECTION('',(-1.226948711654E-18,1.,1.226948711654E-18));
#2076 = ADVANCED_FACE('',(#2077),#2088,.T.);
#2077 = FACE_BOUND('',#2078,.F.);
#2078 = EDGE_LOOP('',(#2079,#2080,#2081,#2082));
#2079 = ORIENTED_EDGE('',*,*,#1803,.F.);
#2080 = ORIENTED_EDGE('',*,*,#1747,.T.);
#2081 = ORIENTED_EDGE('',*,*,#1779,.F.);
#2082 = ORIENTED_EDGE('',*,*,#2083,.F.);
#2083 = EDGE_CURVE('',#1804,#1772,#2084,.T.);
#2084 = LINE('',#2085,#2086);
#2085 = CARTESIAN_POINT('',(-0.16,-2.22,-3.));
#2086 = VECTOR('',#2087,1.);
#2087 = DIRECTION('',(0.,-1.,0.));
#2088 = PLANE('',#2089);
#2089 = AXIS2_PLACEMENT_3D('',#2090,#2091,#2092);
#2090 = CARTESIAN_POINT('',(-0.24,-2.22,-2.92));
#2091 = DIRECTION('',(-0.707106781187,-1.735167508357E-18,
    -0.707106781187));
#2092 = DIRECTION('',(-1.226948711654E-18,1.,-1.226948711654E-18));
#2093 = ADVANCED_FACE('',(#2094),#2100,.T.);
#2094 = FACE_BOUND('',#2095,.T.);
#2095 = EDGE_LOOP('',(#2096,#2097,#2098,#2099));
#2096 = ORIENTED_EDGE('',*,*,#1771,.T.);
#2097 = ORIENTED_EDGE('',*,*,#2083,.F.);
#2098 = ORIENTED_EDGE('',*,*,#1811,.F.);
#2099 = ORIENTED_EDGE('',*,*,#2064,.T.);
#2100 = PLANE('',#2101);
#2101 = AXIS2_PLACEMENT_3D('',#2102,#2103,#2104);
#2102 = CARTESIAN_POINT('',(0.32,-2.22,-3.));
#2103 = DIRECTION('',(-0.,-0.,-1.));
#2104 = DIRECTION('',(-1.,0.,0.));
#2105 = ADVANCED_FACE('',(#2106),#2112,.T.);
#2106 = FACE_BOUND('',#2107,.T.);
#2107 = EDGE_LOOP('',(#2108,#2109,#2110,#2111));
#2108 = ORIENTED_EDGE('',*,*,#1866,.T.);
#2109 = ORIENTED_EDGE('',*,*,#1842,.F.);
#2110 = ORIENTED_EDGE('',*,*,#1907,.F.);
#2111 = ORIENTED_EDGE('',*,*,#1890,.T.);
#2112 = PLANE('',#2113);
#2113 = AXIS2_PLACEMENT_3D('',#2114,#2115,#2116);
#2114 = CARTESIAN_POINT('',(10.04,0.32,1.59));
#2115 = DIRECTION('',(1.,0.,0.));
#2116 = DIRECTION('',(0.,0.,-1.));
#2117 = ADVANCED_FACE('',(#2118),#2124,.T.);
#2118 = FACE_BOUND('',#2119,.T.);
#2119 = EDGE_LOOP('',(#2120,#2121,#2122,#2123));
#2120 = ORIENTED_EDGE('',*,*,#1962,.T.);
#2121 = ORIENTED_EDGE('',*,*,#1938,.F.);
#2122 = ORIENTED_EDGE('',*,*,#2003,.F.);
#2123 = ORIENTED_EDGE('',*,*,#1986,.T.);
#2124 = PLANE('',#2125);
#2125 = AXIS2_PLACEMENT_3D('',#2126,#2127,#2128);
#2126 = CARTESIAN_POINT('',(10.04,-2.22,1.59));
#2127 = DIRECTION('',(1.,0.,0.));
#2128 = DIRECTION('',(0.,0.,-1.));
#2129 = ( GEOMETRIC_REPRESENTATION_CONTEXT(3) 
GLOBAL_UNCERTAINTY_ASSIGNED_CONTEXT((#2133)) 
GLOBAL_UNIT_ASSIGNED_CONTEXT((#2130,#2131,#2132)) REPRESENTATION_CONTEXT
('Context #1','3D Context with UNIT and UNCERTAINTY') );
#2130 = ( LENGTH_UNIT() NAMED_UNIT(*) SI_UNIT(.MILLI.,.METRE.) );
#2131 = ( NAMED_UNIT(*) PLANE_ANGLE_UNIT() SI_UNIT($,.RADIAN.) );
#2132 = ( NAMED_UNIT(*) SI_UNIT($,.STERADIAN.) SOLID_ANGLE_UNIT() );
#2133 = UNCERTAINTY_MEASURE_WITH_UNIT(LENGTH_MEASURE(1.E-07),#2130,
  'distance_accuracy_value','confusion accuracy');
#2134 = CONTEXT_DEPENDENT_SHAPE_REPRESENTATION(#2135,#2137);
#2135 = ( REPRESENTATION_RELATIONSHIP('','',#494,#10) 
REPRESENTATION_RELATIONSHIP_WITH_TRANSFORMATION(#2136) 
SHAPE_REPRESENTATION_RELATIONSHIP() );
#2136 = ITEM_DEFINED_TRANSFORMATION('','',#11,#19);
#2137 = PRODUCT_DEFINITION_SHAPE('Placement','Placement of an item',
  #2138);
#2138 = NEXT_ASSEMBLY_USAGE_OCCURRENCE('2','J1','',#5,#489,$);
#2139 = PRODUCT_RELATED_PRODUCT_CATEGORY('part',$,(#491));
#2140 = SHAPE_DEFINITION_REPRESENTATION(#2141,#2147);
#2141 = PRODUCT_DEFINITION_SHAPE('','',#2142);
#2142 = PRODUCT_DEFINITION('design','',#2143,#2146);
#2143 = PRODUCT_DEFINITION_FORMATION('','',#2144);
#2144 = PRODUCT('LED_D5.0mm','LED_D5.0mm','',(#2145));
#2145 = PRODUCT_CONTEXT('',#2,'mechanical');
#2146 = PRODUCT_DEFINITION_CONTEXT('part definition',#2,'design');
#2147 = ADVANCED_BREP_SHAPE_REPRESENTATION('',(#11,#2148),#2573);
#2148 = MANIFOLD_SOLID_BREP('',#2149);
#2149 = CLOSED_SHELL('',(#2150,#2177,#2202,#2230,#2262,#2279,#2357,#2388
    ,#2412,#2436,#2453,#2484,#2508,#2532,#2549,#2561));
#2150 = ADVANCED_FACE('',(#2151),#2172,.T.);
#2151 = FACE_BOUND('',#2152,.T.);
#2152 = EDGE_LOOP('',(#2153,#2164,#2165));
#2153 = ORIENTED_EDGE('',*,*,#2154,.T.);
#2154 = EDGE_CURVE('',#2155,#2157,#2159,.T.);
#2155 = VERTEX_POINT('',#2156);
#2156 = CARTESIAN_POINT('',(3.72,6.095124405192E-15,9.15));
#2157 = VERTEX_POINT('',#2158);
#2158 = CARTESIAN_POINT('',(1.27,7.727152251391E-15,11.6));
#2159 = CIRCLE('',#2160,2.45);
#2160 = AXIS2_PLACEMENT_3D('',#2161,#2162,#2163);
#2161 = CARTESIAN_POINT('',(1.27,6.095124405192E-15,9.15));
#2162 = DIRECTION('',(0.,-1.,6.661338147751E-16));
#2163 = DIRECTION('',(1.,0.,0.));
#2164 = ORIENTED_EDGE('',*,*,#2154,.F.);
#2165 = ORIENTED_EDGE('',*,*,#2166,.F.);
#2166 = EDGE_CURVE('',#2155,#2155,#2167,.T.);
#2167 = CIRCLE('',#2168,2.45);
#2168 = AXIS2_PLACEMENT_3D('',#2169,#2170,#2171);
#2169 = CARTESIAN_POINT('',(1.27,4.063416270128E-15,9.15));
#2170 = DIRECTION('',(-4.379057701015E-47,-4.440892098501E-16,-1.));
#2171 = DIRECTION('',(1.,8.292686265567E-16,-3.68269249121E-31));
#2172 = SPHERICAL_SURFACE('',#2173,2.45);
#2173 = AXIS2_PLACEMENT_3D('',#2174,#2175,#2176);
#2174 = CARTESIAN_POINT('',(1.27,6.095124405192E-15,9.15));
#2175 = DIRECTION('',(0.,4.440892098501E-16,1.));
#2176 = DIRECTION('',(1.,1.394807543452E-15,-6.194189798646E-31));
#2177 = ADVANCED_FACE('',(#2178),#2197,.T.);
#2178 = FACE_BOUND('',#2179,.T.);
#2179 = EDGE_LOOP('',(#2180,#2188,#2189,#2190));
#2180 = ORIENTED_EDGE('',*,*,#2181,.F.);
#2181 = EDGE_CURVE('',#2155,#2182,#2184,.T.);
#2182 = VERTEX_POINT('',#2183);
#2183 = CARTESIAN_POINT('',(3.72,2.6645352591E-15,4.));
#2184 = LINE('',#2185,#2186);
#2185 = CARTESIAN_POINT('',(3.72,6.095124405192E-15,9.15));
#2186 = VECTOR('',#2187,1.);
#2187 = DIRECTION('',(0.,-6.661338147751E-16,-1.));
#2188 = ORIENTED_EDGE('',*,*,#2166,.T.);
#2189 = ORIENTED_EDGE('',*,*,#2181,.T.);
#2190 = ORIENTED_EDGE('',*,*,#2191,.F.);
#2191 = EDGE_CURVE('',#2182,#2182,#2192,.T.);
#2192 = CIRCLE('',#2193,2.45);
#2193 = AXIS2_PLACEMENT_3D('',#2194,#2195,#2196);
#2194 = CARTESIAN_POINT('',(1.27,1.7763568394E-15,4.));
#2195 = DIRECTION('',(-2.189528850508E-47,-4.440892098501E-16,-1.));
#2196 = DIRECTION('',(1.,3.625218039592E-16,-1.609920214737E-31));
#2197 = CYLINDRICAL_SURFACE('',#2198,2.45);
#2198 = AXIS2_PLACEMENT_3D('',#2199,#2200,#2201);
#2199 = CARTESIAN_POINT('',(1.27,4.063416270128E-15,9.15));
#2200 = DIRECTION('',(0.,-4.440892098501E-16,-1.));
#2201 = DIRECTION('',(1.,8.292686265567E-16,-3.68269249121E-31));
#2202 = ADVANCED_FACE('',(#2203,#2222),#2225,.F.);
#2203 = FACE_BOUND('',#2204,.F.);
#2204 = EDGE_LOOP('',(#2205,#2216));
#2205 = ORIENTED_EDGE('',*,*,#2206,.F.);
#2206 = EDGE_CURVE('',#2207,#2209,#2211,.T.);
#2207 = VERTEX_POINT('',#2208);
#2208 = CARTESIAN_POINT('',(-1.229999999999,-1.46969384567,4.));
#2209 = VERTEX_POINT('',#2210);
#2210 = CARTESIAN_POINT('',(-1.23,1.469693845669,4.));
#2211 = CIRCLE('',#2212,2.9);
#2212 = AXIS2_PLACEMENT_3D('',#2213,#2214,#2215);
#2213 = CARTESIAN_POINT('',(1.27,0.,4.));
#2214 = DIRECTION('',(0.,0.,1.));
#2215 = DIRECTION('',(1.,0.,-0.));
#2216 = ORIENTED_EDGE('',*,*,#2217,.T.);
#2217 = EDGE_CURVE('',#2207,#2209,#2218,.T.);
#2218 = LINE('',#2219,#2220);
#2219 = CARTESIAN_POINT('',(-1.229999999999,-1.46969384567,4.));
#2220 = VECTOR('',#2221,1.);
#2221 = DIRECTION('',(0.,1.,0.));
#2222 = FACE_BOUND('',#2223,.F.);
#2223 = EDGE_LOOP('',(#2224));
#2224 = ORIENTED_EDGE('',*,*,#2191,.F.);
#2225 = PLANE('',#2226);
#2226 = AXIS2_PLACEMENT_3D('',#2227,#2228,#2229);
#2227 = CARTESIAN_POINT('',(-1.229999999999,-1.469693845671,4.));
#2228 = DIRECTION('',(0.,0.,-1.));
#2229 = DIRECTION('',(-1.,0.,0.));
#2230 = ADVANCED_FACE('',(#2231),#2257,.T.);
#2231 = FACE_BOUND('',#2232,.T.);
#2232 = EDGE_LOOP('',(#2233,#2244,#2250,#2251));
#2233 = ORIENTED_EDGE('',*,*,#2234,.T.);
#2234 = EDGE_CURVE('',#2235,#2237,#2239,.T.);
#2235 = VERTEX_POINT('',#2236);
#2236 = CARTESIAN_POINT('',(-1.229999999999,-1.46969384567,3.));
#2237 = VERTEX_POINT('',#2238);
#2238 = CARTESIAN_POINT('',(-1.23,1.469693845669,3.));
#2239 = CIRCLE('',#2240,2.9);
#2240 = AXIS2_PLACEMENT_3D('',#2241,#2242,#2243);
#2241 = CARTESIAN_POINT('',(1.27,0.,3.));
#2242 = DIRECTION('',(0.,0.,1.));
#2243 = DIRECTION('',(1.,0.,-0.));
#2244 = ORIENTED_EDGE('',*,*,#2245,.T.);
#2245 = EDGE_CURVE('',#2237,#2209,#2246,.T.);
#2246 = LINE('',#2247,#2248);
#2247 = CARTESIAN_POINT('',(-1.23,1.469693845669,3.));
#2248 = VECTOR('',#2249,1.);
#2249 = DIRECTION('',(0.,0.,1.));
#2250 = ORIENTED_EDGE('',*,*,#2206,.F.);
#2251 = ORIENTED_EDGE('',*,*,#2252,.F.);
#2252 = EDGE_CURVE('',#2235,#2207,#2253,.T.);
#2253 = LINE('',#2254,#2255);
#2254 = CARTESIAN_POINT('',(-1.229999999999,-1.46969384567,3.));
#2255 = VECTOR('',#2256,1.);
#2256 = DIRECTION('',(0.,0.,1.));
#2257 = CYLINDRICAL_SURFACE('',#2258,2.9);
#2258 = AXIS2_PLACEMENT_3D('',#2259,#2260,#2261);
#2259 = CARTESIAN_POINT('',(1.27,0.,3.));
#2260 = DIRECTION('',(-0.,-0.,-1.));
#2261 = DIRECTION('',(1.,0.,0.));
#2262 = ADVANCED_FACE('',(#2263),#2274,.T.);
#2263 = FACE_BOUND('',#2264,.T.);
#2264 = EDGE_LOOP('',(#2265,#2266,#2267,#2268));
#2265 = ORIENTED_EDGE('',*,*,#2252,.T.);
#2266 = ORIENTED_EDGE('',*,*,#2217,.T.);
#2267 = ORIENTED_EDGE('',*,*,#2245,.F.);
#2268 = ORIENTED_EDGE('',*,*,#2269,.F.);
#2269 = EDGE_CURVE('',#2235,#2237,#2270,.T.);
#2270 = LINE('',#2271,#2272);
#2271 = CARTESIAN_POINT('',(-1.229999999999,-1.46969384567,3.));
#2272 = VECTOR('',#2273,1.);
#2273 = DIRECTION('',(0.,1.,0.));
#2274 = PLANE('',#2275);
#2275 = AXIS2_PLACEMENT_3D('',#2276,#2277,#2278);
#2276 = CARTESIAN_POINT('',(-1.229999999999,-1.46969384567,3.));
#2277 = DIRECTION('',(-1.,0.,0.));
#2278 = DIRECTION('',(0.,1.,0.));
#2279 = ADVANCED_FACE('',(#2280,#2284,#2318),#2352,.T.);
#2280 = FACE_BOUND('',#2281,.T.);
#2281 = EDGE_LOOP('',(#2282,#2283));
#2282 = ORIENTED_EDGE('',*,*,#2234,.F.);
#2283 = ORIENTED_EDGE('',*,*,#2269,.T.);
#2284 = FACE_BOUND('',#2285,.T.);
#2285 = EDGE_LOOP('',(#2286,#2296,#2304,#2312));
#2286 = ORIENTED_EDGE('',*,*,#2287,.T.);
#2287 = EDGE_CURVE('',#2288,#2290,#2292,.T.);
#2288 = VERTEX_POINT('',#2289);
#2289 = CARTESIAN_POINT('',(-0.2,-0.2,3.));
#2290 = VERTEX_POINT('',#2291);
#2291 = CARTESIAN_POINT('',(0.2,-0.2,3.));
#2292 = LINE('',#2293,#2294);
#2293 = CARTESIAN_POINT('',(-0.515,-0.2,3.));
#2294 = VECTOR('',#2295,1.);
#2295 = DIRECTION('',(1.,0.,0.));
#2296 = ORIENTED_EDGE('',*,*,#2297,.T.);
#2297 = EDGE_CURVE('',#2290,#2298,#2300,.T.);
#2298 = VERTEX_POINT('',#2299);
#2299 = CARTESIAN_POINT('',(0.2,0.2,3.));
#2300 = LINE('',#2301,#2302);
#2301 = CARTESIAN_POINT('',(0.2,-0.634846922835,3.));
#2302 = VECTOR('',#2303,1.);
#2303 = DIRECTION('',(0.,1.,0.));
#2304 = ORIENTED_EDGE('',*,*,#2305,.T.);
#2305 = EDGE_CURVE('',#2298,#2306,#2308,.T.);
#2306 = VERTEX_POINT('',#2307);
#2307 = CARTESIAN_POINT('',(-0.2,0.2,3.));
#2308 = LINE('',#2309,#2310);
#2309 = CARTESIAN_POINT('',(-0.715,0.2,3.));
#2310 = VECTOR('',#2311,1.);
#2311 = DIRECTION('',(-1.,-0.,-0.));
#2312 = ORIENTED_EDGE('',*,*,#2313,.T.);
#2313 = EDGE_CURVE('',#2306,#2288,#2314,.T.);
#2314 = LINE('',#2315,#2316);
#2315 = CARTESIAN_POINT('',(-0.2,-0.834846922835,3.));
#2316 = VECTOR('',#2317,1.);
#2317 = DIRECTION('',(0.,-1.,0.));
#2318 = FACE_BOUND('',#2319,.T.);
#2319 = EDGE_LOOP('',(#2320,#2330,#2338,#2346));
#2320 = ORIENTED_EDGE('',*,*,#2321,.T.);
#2321 = EDGE_CURVE('',#2322,#2324,#2326,.T.);
#2322 = VERTEX_POINT('',#2323);
#2323 = CARTESIAN_POINT('',(2.34,0.2,3.));
#2324 = VERTEX_POINT('',#2325);
#2325 = CARTESIAN_POINT('',(2.34,-0.2,3.));
#2326 = LINE('',#2327,#2328);
#2327 = CARTESIAN_POINT('',(2.34,-0.834846922835,3.));
#2328 = VECTOR('',#2329,1.);
#2329 = DIRECTION('',(0.,-1.,0.));
#2330 = ORIENTED_EDGE('',*,*,#2331,.T.);
#2331 = EDGE_CURVE('',#2324,#2332,#2334,.T.);
#2332 = VERTEX_POINT('',#2333);
#2333 = CARTESIAN_POINT('',(2.74,-0.2,3.));
#2334 = LINE('',#2335,#2336);
#2335 = CARTESIAN_POINT('',(0.755,-0.2,3.));
#2336 = VECTOR('',#2337,1.);
#2337 = DIRECTION('',(1.,0.,0.));
#2338 = ORIENTED_EDGE('',*,*,#2339,.T.);
#2339 = EDGE_CURVE('',#2332,#2340,#2342,.T.);
#2340 = VERTEX_POINT('',#2341);
#2341 = CARTESIAN_POINT('',(2.74,0.2,3.));
#2342 = LINE('',#2343,#2344);
#2343 = CARTESIAN_POINT('',(2.74,-0.634846922835,3.));
#2344 = VECTOR('',#2345,1.);
#2345 = DIRECTION('',(0.,1.,0.));
#2346 = ORIENTED_EDGE('',*,*,#2347,.T.);
#2347 = EDGE_CURVE('',#2340,#2322,#2348,.T.);
#2348 = LINE('',#2349,#2350);
#2349 = CARTESIAN_POINT('',(0.555,0.2,3.));
#2350 = VECTOR('',#2351,1.);
#2351 = DIRECTION('',(-1.,-0.,-0.));
#2352 = PLANE('',#2353);
#2353 = AXIS2_PLACEMENT_3D('',#2354,#2355,#2356);
#2354 = CARTESIAN_POINT('',(-1.229999999999,-1.469693845671,3.));
#2355 = DIRECTION('',(0.,0.,-1.));
#2356 = DIRECTION('',(-1.,0.,0.));
#2357 = ADVANCED_FACE('',(#2358),#2383,.F.);
#2358 = FACE_BOUND('',#2359,.F.);
#2359 = EDGE_LOOP('',(#2360,#2361,#2369,#2377));
#2360 = ORIENTED_EDGE('',*,*,#2287,.T.);
#2361 = ORIENTED_EDGE('',*,*,#2362,.T.);
#2362 = EDGE_CURVE('',#2290,#2363,#2365,.T.);
#2363 = VERTEX_POINT('',#2364);
#2364 = CARTESIAN_POINT('',(0.2,-0.2,-2.5));
#2365 = LINE('',#2366,#2367);
#2366 = CARTESIAN_POINT('',(0.2,-0.2,3.5));
#2367 = VECTOR('',#2368,1.);
#2368 = DIRECTION('',(-0.,-0.,-1.));
#2369 = ORIENTED_EDGE('',*,*,#2370,.T.);
#2370 = EDGE_CURVE('',#2363,#2371,#2373,.T.);
#2371 = VERTEX_POINT('',#2372);
#2372 = CARTESIAN_POINT('',(-0.2,-0.2,-2.5));
#2373 = LINE('',#2374,#2375);
#2374 = CARTESIAN_POINT('',(0.2,-0.2,-2.5));
#2375 = VECTOR('',#2376,1.);
#2376 = DIRECTION('',(-1.,0.,0.));
#2377 = ORIENTED_EDGE('',*,*,#2378,.F.);
#2378 = EDGE_CURVE('',#2288,#2371,#2379,.T.);
#2379 = LINE('',#2380,#2381);
#2380 = CARTESIAN_POINT('',(-0.2,-0.2,3.5));
#2381 = VECTOR('',#2382,1.);
#2382 = DIRECTION('',(-0.,-0.,-1.));
#2383 = PLANE('',#2384);
#2384 = AXIS2_PLACEMENT_3D('',#2385,#2386,#2387);
#2385 = CARTESIAN_POINT('',(0.2,-0.2,3.5));
#2386 = DIRECTION('',(0.,1.,0.));
#2387 = DIRECTION('',(-1.,0.,0.));
#2388 = ADVANCED_FACE('',(#2389),#2407,.F.);
#2389 = FACE_BOUND('',#2390,.F.);
#2390 = EDGE_LOOP('',(#2391,#2392,#2393,#2401));
#2391 = ORIENTED_EDGE('',*,*,#2313,.T.);
#2392 = ORIENTED_EDGE('',*,*,#2378,.T.);
#2393 = ORIENTED_EDGE('',*,*,#2394,.T.);
#2394 = EDGE_CURVE('',#2371,#2395,#2397,.T.);
#2395 = VERTEX_POINT('',#2396);
#2396 = CARTESIAN_POINT('',(-0.2,0.2,-2.5));
#2397 = LINE('',#2398,#2399);
#2398 = CARTESIAN_POINT('',(-0.2,-0.2,-2.5));
#2399 = VECTOR('',#2400,1.);
#2400 = DIRECTION('',(0.,1.,0.));
#2401 = ORIENTED_EDGE('',*,*,#2402,.F.);
#2402 = EDGE_CURVE('',#2306,#2395,#2403,.T.);
#2403 = LINE('',#2404,#2405);
#2404 = CARTESIAN_POINT('',(-0.2,0.2,3.5));
#2405 = VECTOR('',#2406,1.);
#2406 = DIRECTION('',(-0.,-0.,-1.));
#2407 = PLANE('',#2408);
#2408 = AXIS2_PLACEMENT_3D('',#2409,#2410,#2411);
#2409 = CARTESIAN_POINT('',(-0.2,-0.2,3.5));
#2410 = DIRECTION('',(1.,0.,0.));
#2411 = DIRECTION('',(-0.,1.,0.));
#2412 = ADVANCED_FACE('',(#2413),#2431,.F.);
#2413 = FACE_BOUND('',#2414,.F.);
#2414 = EDGE_LOOP('',(#2415,#2416,#2417,#2425));
#2415 = ORIENTED_EDGE('',*,*,#2305,.T.);
#2416 = ORIENTED_EDGE('',*,*,#2402,.T.);
#2417 = ORIENTED_EDGE('',*,*,#2418,.T.);
#2418 = EDGE_CURVE('',#2395,#2419,#2421,.T.);
#2419 = VERTEX_POINT('',#2420);
#2420 = CARTESIAN_POINT('',(0.2,0.2,-2.5));
#2421 = LINE('',#2422,#2423);
#2422 = CARTESIAN_POINT('',(-0.2,0.2,-2.5));
#2423 = VECTOR('',#2424,1.);
#2424 = DIRECTION('',(1.,0.,0.));
#2425 = ORIENTED_EDGE('',*,*,#2426,.F.);
#2426 = EDGE_CURVE('',#2298,#2419,#2427,.T.);
#2427 = LINE('',#2428,#2429);
#2428 = CARTESIAN_POINT('',(0.2,0.2,3.5));
#2429 = VECTOR('',#2430,1.);
#2430 = DIRECTION('',(-0.,-0.,-1.));
#2431 = PLANE('',#2432);
#2432 = AXIS2_PLACEMENT_3D('',#2433,#2434,#2435);
#2433 = CARTESIAN_POINT('',(-0.2,0.2,3.5));
#2434 = DIRECTION('',(0.,-1.,0.));
#2435 = DIRECTION('',(1.,0.,0.));
#2436 = ADVANCED_FACE('',(#2437),#2448,.F.);
#2437 = FACE_BOUND('',#2438,.F.);
#2438 = EDGE_LOOP('',(#2439,#2440,#2441,#2447));
#2439 = ORIENTED_EDGE('',*,*,#2297,.T.);
#2440 = ORIENTED_EDGE('',*,*,#2426,.T.);
#2441 = ORIENTED_EDGE('',*,*,#2442,.T.);
#2442 = EDGE_CURVE('',#2419,#2363,#2443,.T.);
#2443 = LINE('',#2444,#2445);
#2444 = CARTESIAN_POINT('',(0.2,0.2,-2.5));
#2445 = VECTOR('',#2446,1.);
#2446 = DIRECTION('',(0.,-1.,0.));
#2447 = ORIENTED_EDGE('',*,*,#2362,.F.);
#2448 = PLANE('',#2449);
#2449 = AXIS2_PLACEMENT_3D('',#2450,#2451,#2452);
#2450 = CARTESIAN_POINT('',(0.2,0.2,3.5));
#2451 = DIRECTION('',(-1.,0.,0.));
#2452 = DIRECTION('',(0.,-1.,0.));
#2453 = ADVANCED_FACE('',(#2454),#2479,.F.);
#2454 = FACE_BOUND('',#2455,.F.);
#2455 = EDGE_LOOP('',(#2456,#2457,#2465,#2473));
#2456 = ORIENTED_EDGE('',*,*,#2321,.T.);
#2457 = ORIENTED_EDGE('',*,*,#2458,.T.);
#2458 = EDGE_CURVE('',#2324,#2459,#2461,.T.);
#2459 = VERTEX_POINT('',#2460);
#2460 = CARTESIAN_POINT('',(2.34,-0.2,-2.5));
#2461 = LINE('',#2462,#2463);
#2462 = CARTESIAN_POINT('',(2.34,-0.2,3.5));
#2463 = VECTOR('',#2464,1.);
#2464 = DIRECTION('',(-0.,-0.,-1.));
#2465 = ORIENTED_EDGE('',*,*,#2466,.T.);
#2466 = EDGE_CURVE('',#2459,#2467,#2469,.T.);
#2467 = VERTEX_POINT('',#2468);
#2468 = CARTESIAN_POINT('',(2.34,0.2,-2.5));
#2469 = LINE('',#2470,#2471);
#2470 = CARTESIAN_POINT('',(2.34,-0.2,-2.5));
#2471 = VECTOR('',#2472,1.);
#2472 = DIRECTION('',(0.,1.,0.));
#2473 = ORIENTED_EDGE('',*,*,#2474,.F.);
#2474 = EDGE_CURVE('',#2322,#2467,#2475,.T.);
#2475 = LINE('',#2476,#2477);
#2476 = CARTESIAN_POINT('',(2.34,0.2,3.5));
#2477 = VECTOR('',#2478,1.);
#2478 = DIRECTION('',(-0.,-0.,-1.));
#2479 = PLANE('',#2480);
#2480 = AXIS2_PLACEMENT_3D('',#2481,#2482,#2483);
#2481 = CARTESIAN_POINT('',(2.34,-0.2,3.5));
#2482 = DIRECTION('',(1.,0.,0.));
#2483 = DIRECTION('',(-0.,1.,0.));
#2484 = ADVANCED_FACE('',(#2485),#2503,.F.);
#2485 = FACE_BOUND('',#2486,.F.);
#2486 = EDGE_LOOP('',(#2487,#2488,#2489,#2497));
#2487 = ORIENTED_EDGE('',*,*,#2347,.T.);
#2488 = ORIENTED_EDGE('',*,*,#2474,.T.);
#2489 = ORIENTED_EDGE('',*,*,#2490,.T.);
#2490 = EDGE_CURVE('',#2467,#2491,#2493,.T.);
#2491 = VERTEX_POINT('',#2492);
#2492 = CARTESIAN_POINT('',(2.74,0.2,-2.5));
#2493 = LINE('',#2494,#2495);
#2494 = CARTESIAN_POINT('',(2.34,0.2,-2.5));
#2495 = VECTOR('',#2496,1.);
#2496 = DIRECTION('',(1.,0.,0.));
#2497 = ORIENTED_EDGE('',*,*,#2498,.F.);
#2498 = EDGE_CURVE('',#2340,#2491,#2499,.T.);
#2499 = LINE('',#2500,#2501);
#2500 = CARTESIAN_POINT('',(2.74,0.2,3.5));
#2501 = VECTOR('',#2502,1.);
#2502 = DIRECTION('',(-0.,-0.,-1.));
#2503 = PLANE('',#2504);
#2504 = AXIS2_PLACEMENT_3D('',#2505,#2506,#2507);
#2505 = CARTESIAN_POINT('',(2.34,0.2,3.5));
#2506 = DIRECTION('',(0.,-1.,0.));
#2507 = DIRECTION('',(1.,0.,0.));
#2508 = ADVANCED_FACE('',(#2509),#2527,.F.);
#2509 = FACE_BOUND('',#2510,.F.);
#2510 = EDGE_LOOP('',(#2511,#2512,#2513,#2521));
#2511 = ORIENTED_EDGE('',*,*,#2339,.T.);
#2512 = ORIENTED_EDGE('',*,*,#2498,.T.);
#2513 = ORIENTED_EDGE('',*,*,#2514,.T.);
#2514 = EDGE_CURVE('',#2491,#2515,#2517,.T.);
#2515 = VERTEX_POINT('',#2516);
#2516 = CARTESIAN_POINT('',(2.74,-0.2,-2.5));
#2517 = LINE('',#2518,#2519);
#2518 = CARTESIAN_POINT('',(2.74,0.2,-2.5));
#2519 = VECTOR('',#2520,1.);
#2520 = DIRECTION('',(0.,-1.,0.));
#2521 = ORIENTED_EDGE('',*,*,#2522,.F.);
#2522 = EDGE_CURVE('',#2332,#2515,#2523,.T.);
#2523 = LINE('',#2524,#2525);
#2524 = CARTESIAN_POINT('',(2.74,-0.2,3.5));
#2525 = VECTOR('',#2526,1.);
#2526 = DIRECTION('',(-0.,-0.,-1.));
#2527 = PLANE('',#2528);
#2528 = AXIS2_PLACEMENT_3D('',#2529,#2530,#2531);
#2529 = CARTESIAN_POINT('',(2.74,0.2,3.5));
#2530 = DIRECTION('',(-1.,0.,0.));
#2531 = DIRECTION('',(0.,-1.,0.));
#2532 = ADVANCED_FACE('',(#2533),#2544,.F.);
#2533 = FACE_BOUND('',#2534,.F.);
#2534 = EDGE_LOOP('',(#2535,#2536,#2537,#2543));
#2535 = ORIENTED_EDGE('',*,*,#2331,.T.);
#2536 = ORIENTED_EDGE('',*,*,#2522,.T.);
#2537 = ORIENTED_EDGE('',*,*,#2538,.T.);
#2538 = EDGE_CURVE('',#2515,#2459,#2539,.T.);
#2539 = LINE('',#2540,#2541);
#2540 = CARTESIAN_POINT('',(2.74,-0.2,-2.5));
#2541 = VECTOR('',#2542,1.);
#2542 = DIRECTION('',(-1.,0.,0.));
#2543 = ORIENTED_EDGE('',*,*,#2458,.F.);
#2544 = PLANE('',#2545);
#2545 = AXIS2_PLACEMENT_3D('',#2546,#2547,#2548);
#2546 = CARTESIAN_POINT('',(2.74,-0.2,3.5));
#2547 = DIRECTION('',(0.,1.,0.));
#2548 = DIRECTION('',(-1.,0.,0.));
#2549 = ADVANCED_FACE('',(#2550),#2556,.F.);
#2550 = FACE_BOUND('',#2551,.T.);
#2551 = EDGE_LOOP('',(#2552,#2553,#2554,#2555));
#2552 = ORIENTED_EDGE('',*,*,#2418,.T.);
#2553 = ORIENTED_EDGE('',*,*,#2442,.T.);
#2554 = ORIENTED_EDGE('',*,*,#2370,.T.);
#2555 = ORIENTED_EDGE('',*,*,#2394,.T.);
#2556 = PLANE('',#2557);
#2557 = AXIS2_PLACEMENT_3D('',#2558,#2559,#2560);
#2558 = CARTESIAN_POINT('',(-0.2,0.2,-2.5));
#2559 = DIRECTION('',(0.,0.,1.));
#2560 = DIRECTION('',(1.,0.,-0.));
#2561 = ADVANCED_FACE('',(#2562),#2568,.F.);
#2562 = FACE_BOUND('',#2563,.T.);
#2563 = EDGE_LOOP('',(#2564,#2565,#2566,#2567));
#2564 = ORIENTED_EDGE('',*,*,#2490,.T.);
#2565 = ORIENTED_EDGE('',*,*,#2514,.T.);
#2566 = ORIENTED_EDGE('',*,*,#2538,.T.);
#2567 = ORIENTED_EDGE('',*,*,#2466,.T.);
#2568 = PLANE('',#2569);
#2569 = AXIS2_PLACEMENT_3D('',#2570,#2571,#2572);
#2570 = CARTESIAN_POINT('',(2.34,0.2,-2.5));
#2571 = DIRECTION('',(0.,0.,1.));
#2572 = DIRECTION('',(1.,0.,-0.));
#2573 = ( GEOMETRIC_REPRESENTATION_CONTEXT(3) 
GLOBAL_UNCERTAINTY_ASSIGNED_CONTEXT((#2577)) 
GLOBAL_UNIT_ASSIGNED_CONTEXT((#2574,#2575,#2576)) REPRESENTATION_CONTEXT
('Context #1','3D Context with UNIT and UNCERTAINTY') );
#2574 = ( LENGTH_UNIT() NAMED_UNIT(*) SI_UNIT(.MILLI.,.METRE.) );
#2575 = ( NAMED_UNIT(*) PLANE_ANGLE_UNIT() SI_UNIT($,.RADIAN.) );
#2576 = ( NAMED_UNIT(*) SI_UNIT($,.STERADIAN.) SOLID_ANGLE_UNIT() );
#2577 = UNCERTAINTY_MEASURE_WITH_UNIT(LENGTH_MEASURE(1.E-07),#2574,
  'distance_accuracy_value','confusion accuracy');
#2578 = CONTEXT_DEPENDENT_SHAPE_REPRESENTATION(#2579,#2581);
#2579 = ( REPRESENTATION_RELATIONSHIP('','',#2147,#10) 
REPRESENTATION_RELATIONSHIP_WITH_TRANSFORMATION(#2580) 
SHAPE_REPRESENTATION_RELATIONSHIP() );
#2580 = ITEM_DEFINED_TRANSFORMATION('','',#11,#23);
#2581 = PRODUCT_DEFINITION_SHAPE('Placement','Placement of an item',
  #2582);
#2582 = NEXT_ASSEMBLY_USAGE_OCCURRENCE('3','D3','',#5,#2142,$);
#2583 = PRODUCT_RELATED_PRODUCT_CATEGORY('part',$,(#2144));
#2584 = CONTEXT_DEPENDENT_SHAPE_REPRESENTATION(#2585,#2587);
#2585 = ( REPRESENTATION_RELATIONSHIP('','',#2147,#10) 
REPRESENTATION_RELATIONSHIP_WITH_TRANSFORMATION(#2586) 
SHAPE_REPRESENTATION_RELATIONSHIP() );
#2586 = ITEM_DEFINED_TRANSFORMATION('','',#11,#27);
#2587 = PRODUCT_DEFINITION_SHAPE('Placement','Placement of an item',
  #2588);
#2588 = NEXT_ASSEMBLY_USAGE_OCCURRENCE('4','D4','',#5,#2142,$);
#2589 = CONTEXT_DEPENDENT_SHAPE_REPRESENTATION(#2590,#2592);
#2590 = ( REPRESENTATION_RELATIONSHIP('','',#494,#10) 
REPRESENTATION_RELATIONSHIP_WITH_TRANSFORMATION(#2591) 
SHAPE_REPRESENTATION_RELATIONSHIP() );
#2591 = ITEM_DEFINED_TRANSFORMATION('','',#11,#31);
#2592 = PRODUCT_DEFINITION_SHAPE('Placement','Placement of an item',
  #2593);
#2593 = NEXT_ASSEMBLY_USAGE_OCCURRENCE('5','J2','',#5,#489,$);
#2594 = CONTEXT_DEPENDENT_SHAPE_REPRESENTATION(#2595,#2597);
#2595 = ( REPRESENTATION_RELATIONSHIP('','',#88,#10) 
REPRESENTATION_RELATIONSHIP_WITH_TRANSFORMATION(#2596) 
SHAPE_REPRESENTATION_RELATIONSHIP() );
#2596 = ITEM_DEFINED_TRANSFORMATION('','',#11,#35);
#2597 = PRODUCT_DEFINITION_SHAPE('Placement','Placement of an item',
  #2598);
#2598 = NEXT_ASSEMBLY_USAGE_OCCURRENCE('6','R5','',#5,#83,$);
#2599 = CONTEXT_DEPENDENT_SHAPE_REPRESENTATION(#2600,#2602);
#2600 = ( REPRESENTATION_RELATIONSHIP('','',#2147,#10) 
REPRESENTATION_RELATIONSHIP_WITH_TRANSFORMATION(#2601) 
SHAPE_REPRESENTATION_RELATIONSHIP() );
#2601 = ITEM_DEFINED_TRANSFORMATION('','',#11,#39);
#2602 = PRODUCT_DEFINITION_SHAPE('Placement','Placement of an item',
  #2603);
#2603 = NEXT_ASSEMBLY_USAGE_OCCURRENCE('7','D6','',#5,#2142,$);
#2604 = CONTEXT_DEPENDENT_SHAPE_REPRESENTATION(#2605,#2607);
#2605 = ( REPRESENTATION_RELATIONSHIP('','',#88,#10) 
REPRESENTATION_RELATIONSHIP_WITH_TRANSFORMATION(#2606) 
SHAPE_REPRESENTATION_RELATIONSHIP() );
#2606 = ITEM_DEFINED_TRANSFORMATION('','',#11,#43);
#2607 = PRODUCT_DEFINITION_SHAPE('Placement','Placement of an item',
  #2608);
#2608 = NEXT_ASSEMBLY_USAGE_OCCURRENCE('8','R3','',#5,#83,$);
#2609 = CONTEXT_DEPENDENT_SHAPE_REPRESENTATION(#2610,#2612);
#2610 = ( REPRESENTATION_RELATIONSHIP('','',#88,#10) 
REPRESENTATION_RELATIONSHIP_WITH_TRANSFORMATION(#2611) 
SHAPE_REPRESENTATION_RELATIONSHIP() );
#2611 = ITEM_DEFINED_TRANSFORMATION('','',#11,#47);
#2612 = PRODUCT_DEFINITION_SHAPE('Placement','Placement of an item',
  #2613);
#2613 = NEXT_ASSEMBLY_USAGE_OCCURRENCE('9','R1','',#5,#83,$);
#2614 = CONTEXT_DEPENDENT_SHAPE_REPRESENTATION(#2615,#2617);
#2615 = ( REPRESENTATION_RELATIONSHIP('','',#88,#10) 
REPRESENTATION_RELATIONSHIP_WITH_TRANSFORMATION(#2616) 
SHAPE_REPRESENTATION_RELATIONSHIP() );
#2616 = ITEM_DEFINED_TRANSFORMATION('','',#11,#51);
#2617 = PRODUCT_DEFINITION_SHAPE('Placement','Placement of an item',
  #2618);
#2618 = NEXT_ASSEMBLY_USAGE_OCCURRENCE('10','R6','',#5,#83,$);
#2619 = CONTEXT_DEPENDENT_SHAPE_REPRESENTATION(#2620,#2622);
#2620 = ( REPRESENTATION_RELATIONSHIP('','',#2147,#10) 
REPRESENTATION_RELATIONSHIP_WITH_TRANSFORMATION(#2621) 
SHAPE_REPRESENTATION_RELATIONSHIP() );
#2621 = ITEM_DEFINED_TRANSFORMATION('','',#11,#55);
#2622 = PRODUCT_DEFINITION_SHAPE('Placement','Placement of an item',
  #2623);
#2623 = NEXT_ASSEMBLY_USAGE_OCCURRENCE('11','D2','',#5,#2142,$);
#2624 = CONTEXT_DEPENDENT_SHAPE_REPRESENTATION(#2625,#2627);
#2625 = ( REPRESENTATION_RELATIONSHIP('','',#2147,#10) 
REPRESENTATION_RELATIONSHIP_WITH_TRANSFORMATION(#2626) 
SHAPE_REPRESENTATION_RELATIONSHIP() );
#2626 = ITEM_DEFINED_TRANSFORMATION('','',#11,#59);
#2627 = PRODUCT_DEFINITION_SHAPE('Placement','Placement of an item',
  #2628);
#2628 = NEXT_ASSEMBLY_USAGE_OCCURRENCE('12','D1','',#5,#2142,$);
#2629 = CONTEXT_DEPENDENT_SHAPE_REPRESENTATION(#2630,#2632);
#2630 = ( REPRESENTATION_RELATIONSHIP('','',#88,#10) 
REPRESENTATION_RELATIONSHIP_WITH_TRANSFORMATION(#2631) 
SHAPE_REPRESENTATION_RELATIONSHIP() );
#2631 = ITEM_DEFINED_TRANSFORMATION('','',#11,#63);
#2632 = PRODUCT_DEFINITION_SHAPE('Placement','Placement of an item',
  #2633);
#2633 = NEXT_ASSEMBLY_USAGE_OCCURRENCE('13','R2','',#5,#83,$);
#2634 = CONTEXT_DEPENDENT_SHAPE_REPRESENTATION(#2635,#2637);
#2635 = ( REPRESENTATION_RELATIONSHIP('','',#2147,#10) 
REPRESENTATION_RELATIONSHIP_WITH_TRANSFORMATION(#2636) 
SHAPE_REPRESENTATION_RELATIONSHIP() );
#2636 = ITEM_DEFINED_TRANSFORMATION('','',#11,#67);
#2637 = PRODUCT_DEFINITION_SHAPE('Placement','Placement of an item',
  #2638);
#2638 = NEXT_ASSEMBLY_USAGE_OCCURRENCE('14','D5','',#5,#2142,$);
#2639 = SHAPE_DEFINITION_REPRESENTATION(#2640,#2646);
#2640 = PRODUCT_DEFINITION_SHAPE('','',#2641);
#2641 = PRODUCT_DEFINITION('design','',#2642,#2645);
#2642 = PRODUCT_DEFINITION_FORMATION('','',#2643);
#2643 = PRODUCT('Led_Bar_PCB','Led_Bar_PCB','',(#2644));
#2644 = PRODUCT_CONTEXT('',#2,'mechanical');
#2645 = PRODUCT_DEFINITION_CONTEXT('part definition',#2,'design');
#2646 = ADVANCED_BREP_SHAPE_REPRESENTATION('',(#11,#2647),#3967);
#2647 = MANIFOLD_SOLID_BREP('',#2648);
#2648 = CLOSED_SHELL('',(#2649,#2689,#2720,#2751,#3098,#3445,#3457,#3474
    ,#3491,#3508,#3525,#3542,#3559,#3576,#3593,#3610,#3627,#3644,#3661,
    #3678,#3695,#3712,#3729,#3746,#3763,#3780,#3797,#3814,#3831,#3848,
    #3865,#3882,#3899,#3916,#3933,#3950));
#2649 = ADVANCED_FACE('',(#2650),#2684,.T.);
#2650 = FACE_BOUND('',#2651,.T.);
#2651 = EDGE_LOOP('',(#2652,#2662,#2670,#2678));
#2652 = ORIENTED_EDGE('',*,*,#2653,.T.);
#2653 = EDGE_CURVE('',#2654,#2656,#2658,.T.);
#2654 = VERTEX_POINT('',#2655);
#2655 = CARTESIAN_POINT('',(150.,-110.,0.));
#2656 = VERTEX_POINT('',#2657);
#2657 = CARTESIAN_POINT('',(150.,-110.,1.51));
#2658 = LINE('',#2659,#2660);
#2659 = CARTESIAN_POINT('',(150.,-110.,0.));
#2660 = VECTOR('',#2661,1.);
#2661 = DIRECTION('',(0.,0.,1.));
#2662 = ORIENTED_EDGE('',*,*,#2663,.T.);
#2663 = EDGE_CURVE('',#2656,#2664,#2666,.T.);
#2664 = VERTEX_POINT('',#2665);
#2665 = CARTESIAN_POINT('',(100.,-110.,1.51));
#2666 = LINE('',#2667,#2668);
#2667 = CARTESIAN_POINT('',(150.,-110.,1.51));
#2668 = VECTOR('',#2669,1.);
#2669 = DIRECTION('',(-1.,0.,0.));
#2670 = ORIENTED_EDGE('',*,*,#2671,.F.);
#2671 = EDGE_CURVE('',#2672,#2664,#2674,.T.);
#2672 = VERTEX_POINT('',#2673);
#2673 = CARTESIAN_POINT('',(100.,-110.,0.));
#2674 = LINE('',#2675,#2676);
#2675 = CARTESIAN_POINT('',(100.,-110.,0.));
#2676 = VECTOR('',#2677,1.);
#2677 = DIRECTION('',(0.,0.,1.));
#2678 = ORIENTED_EDGE('',*,*,#2679,.F.);
#2679 = EDGE_CURVE('',#2654,#2672,#2680,.T.);
#2680 = LINE('',#2681,#2682);
#2681 = CARTESIAN_POINT('',(150.,-110.,0.));
#2682 = VECTOR('',#2683,1.);
#2683 = DIRECTION('',(-1.,0.,0.));
#2684 = PLANE('',#2685);
#2685 = AXIS2_PLACEMENT_3D('',#2686,#2687,#2688);
#2686 = CARTESIAN_POINT('',(150.,-110.,0.));
#2687 = DIRECTION('',(0.,-1.,0.));
#2688 = DIRECTION('',(-1.,0.,0.));
#2689 = ADVANCED_FACE('',(#2690),#2715,.T.);
#2690 = FACE_BOUND('',#2691,.T.);
#2691 = EDGE_LOOP('',(#2692,#2702,#2708,#2709));
#2692 = ORIENTED_EDGE('',*,*,#2693,.T.);
#2693 = EDGE_CURVE('',#2694,#2696,#2698,.T.);
#2694 = VERTEX_POINT('',#2695);
#2695 = CARTESIAN_POINT('',(150.,-98.,0.));
#2696 = VERTEX_POINT('',#2697);
#2697 = CARTESIAN_POINT('',(150.,-98.,1.51));
#2698 = LINE('',#2699,#2700);
#2699 = CARTESIAN_POINT('',(150.,-98.,0.));
#2700 = VECTOR('',#2701,1.);
#2701 = DIRECTION('',(0.,0.,1.));
#2702 = ORIENTED_EDGE('',*,*,#2703,.T.);
#2703 = EDGE_CURVE('',#2696,#2656,#2704,.T.);
#2704 = LINE('',#2705,#2706);
#2705 = CARTESIAN_POINT('',(150.,-98.,1.51));
#2706 = VECTOR('',#2707,1.);
#2707 = DIRECTION('',(0.,-1.,0.));
#2708 = ORIENTED_EDGE('',*,*,#2653,.F.);
#2709 = ORIENTED_EDGE('',*,*,#2710,.F.);
#2710 = EDGE_CURVE('',#2694,#2654,#2711,.T.);
#2711 = LINE('',#2712,#2713);
#2712 = CARTESIAN_POINT('',(150.,-98.,0.));
#2713 = VECTOR('',#2714,1.);
#2714 = DIRECTION('',(0.,-1.,0.));
#2715 = PLANE('',#2716);
#2716 = AXIS2_PLACEMENT_3D('',#2717,#2718,#2719);
#2717 = CARTESIAN_POINT('',(150.,-98.,0.));
#2718 = DIRECTION('',(1.,0.,-0.));
#2719 = DIRECTION('',(0.,-1.,0.));
#2720 = ADVANCED_FACE('',(#2721),#2746,.T.);
#2721 = FACE_BOUND('',#2722,.T.);
#2722 = EDGE_LOOP('',(#2723,#2724,#2732,#2740));
#2723 = ORIENTED_EDGE('',*,*,#2671,.T.);
#2724 = ORIENTED_EDGE('',*,*,#2725,.T.);
#2725 = EDGE_CURVE('',#2664,#2726,#2728,.T.);
#2726 = VERTEX_POINT('',#2727);
#2727 = CARTESIAN_POINT('',(100.,-98.,1.51));
#2728 = LINE('',#2729,#2730);
#2729 = CARTESIAN_POINT('',(100.,-110.,1.51));
#2730 = VECTOR('',#2731,1.);
#2731 = DIRECTION('',(0.,1.,0.));
#2732 = ORIENTED_EDGE('',*,*,#2733,.F.);
#2733 = EDGE_CURVE('',#2734,#2726,#2736,.T.);
#2734 = VERTEX_POINT('',#2735);
#2735 = CARTESIAN_POINT('',(100.,-98.,0.));
#2736 = LINE('',#2737,#2738);
#2737 = CARTESIAN_POINT('',(100.,-98.,0.));
#2738 = VECTOR('',#2739,1.);
#2739 = DIRECTION('',(0.,0.,1.));
#2740 = ORIENTED_EDGE('',*,*,#2741,.F.);
#2741 = EDGE_CURVE('',#2672,#2734,#2742,.T.);
#2742 = LINE('',#2743,#2744);
#2743 = CARTESIAN_POINT('',(100.,-110.,0.));
#2744 = VECTOR('',#2745,1.);
#2745 = DIRECTION('',(0.,1.,0.));
#2746 = PLANE('',#2747);
#2747 = AXIS2_PLACEMENT_3D('',#2748,#2749,#2750);
#2748 = CARTESIAN_POINT('',(100.,-110.,0.));
#2749 = DIRECTION('',(-1.,0.,0.));
#2750 = DIRECTION('',(0.,1.,0.));
#2751 = ADVANCED_FACE('',(#2752,#2763,#2774,#2785,#2796,#2807,#2818,
    #2829,#2840,#2851,#2862,#2873,#2884,#2895,#2906,#2917,#2928,#2939,
    #2950,#2961,#2972,#2983,#2994,#3005,#3016,#3027,#3038,#3049,#3060,
    #3071,#3082),#3093,.F.);
#2752 = FACE_BOUND('',#2753,.F.);
#2753 = EDGE_LOOP('',(#2754,#2755,#2756,#2762));
#2754 = ORIENTED_EDGE('',*,*,#2679,.F.);
#2755 = ORIENTED_EDGE('',*,*,#2710,.F.);
#2756 = ORIENTED_EDGE('',*,*,#2757,.F.);
#2757 = EDGE_CURVE('',#2734,#2694,#2758,.T.);
#2758 = LINE('',#2759,#2760);
#2759 = CARTESIAN_POINT('',(100.,-98.,0.));
#2760 = VECTOR('',#2761,1.);
#2761 = DIRECTION('',(1.,0.,0.));
#2762 = ORIENTED_EDGE('',*,*,#2741,.F.);
#2763 = FACE_BOUND('',#2764,.F.);
#2764 = EDGE_LOOP('',(#2765));
#2765 = ORIENTED_EDGE('',*,*,#2766,.T.);
#2766 = EDGE_CURVE('',#2767,#2767,#2769,.T.);
#2767 = VERTEX_POINT('',#2768);
#2768 = CARTESIAN_POINT('',(103.,-108.505,0.));
#2769 = CIRCLE('',#2770,0.5);
#2770 = AXIS2_PLACEMENT_3D('',#2771,#2772,#2773);
#2771 = CARTESIAN_POINT('',(103.,-108.005,0.));
#2772 = DIRECTION('',(-0.,0.,-1.));
#2773 = DIRECTION('',(-0.,-1.,0.));
#2774 = FACE_BOUND('',#2775,.F.);
#2775 = EDGE_LOOP('',(#2776));
#2776 = ORIENTED_EDGE('',*,*,#2777,.T.);
#2777 = EDGE_CURVE('',#2778,#2778,#2780,.T.);
#2778 = VERTEX_POINT('',#2779);
#2779 = CARTESIAN_POINT('',(108.9,-108.485,0.));
#2780 = CIRCLE('',#2781,0.45);
#2781 = AXIS2_PLACEMENT_3D('',#2782,#2783,#2784);
#2782 = CARTESIAN_POINT('',(108.9,-108.035,0.));
#2783 = DIRECTION('',(-0.,0.,-1.));
#2784 = DIRECTION('',(-0.,-1.,0.));
#2785 = FACE_BOUND('',#2786,.F.);
#2786 = EDGE_LOOP('',(#2787));
#2787 = ORIENTED_EDGE('',*,*,#2788,.T.);
#2788 = EDGE_CURVE('',#2789,#2789,#2791,.T.);
#2789 = VERTEX_POINT('',#2790);
#2790 = CARTESIAN_POINT('',(115.4,-108.485,0.));
#2791 = CIRCLE('',#2792,0.45);
#2792 = AXIS2_PLACEMENT_3D('',#2793,#2794,#2795);
#2793 = CARTESIAN_POINT('',(115.4,-108.035,0.));
#2794 = DIRECTION('',(-0.,0.,-1.));
#2795 = DIRECTION('',(-0.,-1.,0.));
#2796 = FACE_BOUND('',#2797,.F.);
#2797 = EDGE_LOOP('',(#2798));
#2798 = ORIENTED_EDGE('',*,*,#2799,.T.);
#2799 = EDGE_CURVE('',#2800,#2800,#2802,.T.);
#2800 = VERTEX_POINT('',#2801);
#2801 = CARTESIAN_POINT('',(121.9,-108.485,0.));
#2802 = CIRCLE('',#2803,0.45);
#2803 = AXIS2_PLACEMENT_3D('',#2804,#2805,#2806);
#2804 = CARTESIAN_POINT('',(121.9,-108.035,0.));
#2805 = DIRECTION('',(-0.,0.,-1.));
#2806 = DIRECTION('',(-0.,-1.,0.));
#2807 = FACE_BOUND('',#2808,.F.);
#2808 = EDGE_LOOP('',(#2809));
#2809 = ORIENTED_EDGE('',*,*,#2810,.T.);
#2810 = EDGE_CURVE('',#2811,#2811,#2813,.T.);
#2811 = VERTEX_POINT('',#2812);
#2812 = CARTESIAN_POINT('',(103.,-105.965,0.));
#2813 = CIRCLE('',#2814,0.5);
#2814 = AXIS2_PLACEMENT_3D('',#2815,#2816,#2817);
#2815 = CARTESIAN_POINT('',(103.,-105.465,0.));
#2816 = DIRECTION('',(-0.,0.,-1.));
#2817 = DIRECTION('',(-0.,-1.,0.));
#2818 = FACE_BOUND('',#2819,.F.);
#2819 = EDGE_LOOP('',(#2820));
#2820 = ORIENTED_EDGE('',*,*,#2821,.T.);
#2821 = EDGE_CURVE('',#2822,#2822,#2824,.T.);
#2822 = VERTEX_POINT('',#2823);
#2823 = CARTESIAN_POINT('',(108.9,-105.945,0.));
#2824 = CIRCLE('',#2825,0.45);
#2825 = AXIS2_PLACEMENT_3D('',#2826,#2827,#2828);
#2826 = CARTESIAN_POINT('',(108.9,-105.495,0.));
#2827 = DIRECTION('',(-0.,0.,-1.));
#2828 = DIRECTION('',(-0.,-1.,0.));
#2829 = FACE_BOUND('',#2830,.F.);
#2830 = EDGE_LOOP('',(#2831));
#2831 = ORIENTED_EDGE('',*,*,#2832,.T.);
#2832 = EDGE_CURVE('',#2833,#2833,#2835,.T.);
#2833 = VERTEX_POINT('',#2834);
#2834 = CARTESIAN_POINT('',(115.4,-105.945,0.));
#2835 = CIRCLE('',#2836,0.45);
#2836 = AXIS2_PLACEMENT_3D('',#2837,#2838,#2839);
#2837 = CARTESIAN_POINT('',(115.4,-105.495,0.));
#2838 = DIRECTION('',(-0.,0.,-1.));
#2839 = DIRECTION('',(-0.,-1.,0.));
#2840 = FACE_BOUND('',#2841,.F.);
#2841 = EDGE_LOOP('',(#2842));
#2842 = ORIENTED_EDGE('',*,*,#2843,.T.);
#2843 = EDGE_CURVE('',#2844,#2844,#2846,.T.);
#2844 = VERTEX_POINT('',#2845);
#2845 = CARTESIAN_POINT('',(121.9,-105.945,0.));
#2846 = CIRCLE('',#2847,0.45);
#2847 = AXIS2_PLACEMENT_3D('',#2848,#2849,#2850);
#2848 = CARTESIAN_POINT('',(121.9,-105.495,0.));
#2849 = DIRECTION('',(-0.,0.,-1.));
#2850 = DIRECTION('',(-0.,-1.,0.));
#2851 = FACE_BOUND('',#2852,.F.);
#2852 = EDGE_LOOP('',(#2853));
#2853 = ORIENTED_EDGE('',*,*,#2854,.T.);
#2854 = EDGE_CURVE('',#2855,#2855,#2857,.T.);
#2855 = VERTEX_POINT('',#2856);
#2856 = CARTESIAN_POINT('',(128.4,-108.485,0.));
#2857 = CIRCLE('',#2858,0.45);
#2858 = AXIS2_PLACEMENT_3D('',#2859,#2860,#2861);
#2859 = CARTESIAN_POINT('',(128.4,-108.035,0.));
#2860 = DIRECTION('',(-0.,0.,-1.));
#2861 = DIRECTION('',(-0.,-1.,0.));
#2862 = FACE_BOUND('',#2863,.F.);
#2863 = EDGE_LOOP('',(#2864));
#2864 = ORIENTED_EDGE('',*,*,#2865,.T.);
#2865 = EDGE_CURVE('',#2866,#2866,#2868,.T.);
#2866 = VERTEX_POINT('',#2867);
#2867 = CARTESIAN_POINT('',(134.9,-108.485,0.));
#2868 = CIRCLE('',#2869,0.45);
#2869 = AXIS2_PLACEMENT_3D('',#2870,#2871,#2872);
#2870 = CARTESIAN_POINT('',(134.9,-108.035,0.));
#2871 = DIRECTION('',(-0.,0.,-1.));
#2872 = DIRECTION('',(6.315935428978E-14,-1.,-0.));
#2873 = FACE_BOUND('',#2874,.F.);
#2874 = EDGE_LOOP('',(#2875));
#2875 = ORIENTED_EDGE('',*,*,#2876,.T.);
#2876 = EDGE_CURVE('',#2877,#2877,#2879,.T.);
#2877 = VERTEX_POINT('',#2878);
#2878 = CARTESIAN_POINT('',(141.4,-108.485,0.));
#2879 = CIRCLE('',#2880,0.45);
#2880 = AXIS2_PLACEMENT_3D('',#2881,#2882,#2883);
#2881 = CARTESIAN_POINT('',(141.4,-108.035,0.));
#2882 = DIRECTION('',(-0.,0.,-1.));
#2883 = DIRECTION('',(6.315935428978E-14,-1.,-0.));
#2884 = FACE_BOUND('',#2885,.F.);
#2885 = EDGE_LOOP('',(#2886));
#2886 = ORIENTED_EDGE('',*,*,#2887,.T.);
#2887 = EDGE_CURVE('',#2888,#2888,#2890,.T.);
#2888 = VERTEX_POINT('',#2889);
#2889 = CARTESIAN_POINT('',(147.,-108.505,0.));
#2890 = CIRCLE('',#2891,0.5);
#2891 = AXIS2_PLACEMENT_3D('',#2892,#2893,#2894);
#2892 = CARTESIAN_POINT('',(147.,-108.005,0.));
#2893 = DIRECTION('',(-0.,0.,-1.));
#2894 = DIRECTION('',(-0.,-1.,0.));
#2895 = FACE_BOUND('',#2896,.F.);
#2896 = EDGE_LOOP('',(#2897));
#2897 = ORIENTED_EDGE('',*,*,#2898,.T.);
#2898 = EDGE_CURVE('',#2899,#2899,#2901,.T.);
#2899 = VERTEX_POINT('',#2900);
#2900 = CARTESIAN_POINT('',(128.4,-105.945,0.));
#2901 = CIRCLE('',#2902,0.45);
#2902 = AXIS2_PLACEMENT_3D('',#2903,#2904,#2905);
#2903 = CARTESIAN_POINT('',(128.4,-105.495,0.));
#2904 = DIRECTION('',(-0.,0.,-1.));
#2905 = DIRECTION('',(-0.,-1.,0.));
#2906 = FACE_BOUND('',#2907,.F.);
#2907 = EDGE_LOOP('',(#2908));
#2908 = ORIENTED_EDGE('',*,*,#2909,.T.);
#2909 = EDGE_CURVE('',#2910,#2910,#2912,.T.);
#2910 = VERTEX_POINT('',#2911);
#2911 = CARTESIAN_POINT('',(134.9,-105.945,0.));
#2912 = CIRCLE('',#2913,0.45);
#2913 = AXIS2_PLACEMENT_3D('',#2914,#2915,#2916);
#2914 = CARTESIAN_POINT('',(134.9,-105.495,0.));
#2915 = DIRECTION('',(-0.,0.,-1.));
#2916 = DIRECTION('',(6.315935428978E-14,-1.,-0.));
#2917 = FACE_BOUND('',#2918,.F.);
#2918 = EDGE_LOOP('',(#2919));
#2919 = ORIENTED_EDGE('',*,*,#2920,.T.);
#2920 = EDGE_CURVE('',#2921,#2921,#2923,.T.);
#2921 = VERTEX_POINT('',#2922);
#2922 = CARTESIAN_POINT('',(141.4,-105.945,0.));
#2923 = CIRCLE('',#2924,0.45);
#2924 = AXIS2_PLACEMENT_3D('',#2925,#2926,#2927);
#2925 = CARTESIAN_POINT('',(141.4,-105.495,0.));
#2926 = DIRECTION('',(-0.,0.,-1.));
#2927 = DIRECTION('',(6.315935428978E-14,-1.,-0.));
#2928 = FACE_BOUND('',#2929,.F.);
#2929 = EDGE_LOOP('',(#2930));
#2930 = ORIENTED_EDGE('',*,*,#2931,.T.);
#2931 = EDGE_CURVE('',#2932,#2932,#2934,.T.);
#2932 = VERTEX_POINT('',#2933);
#2933 = CARTESIAN_POINT('',(147.,-105.965,0.));
#2934 = CIRCLE('',#2935,0.5);
#2935 = AXIS2_PLACEMENT_3D('',#2936,#2937,#2938);
#2936 = CARTESIAN_POINT('',(147.,-105.465,0.));
#2937 = DIRECTION('',(-0.,0.,-1.));
#2938 = DIRECTION('',(-0.,-1.,0.));
#2939 = FACE_BOUND('',#2940,.F.);
#2940 = EDGE_LOOP('',(#2941));
#2941 = ORIENTED_EDGE('',*,*,#2942,.T.);
#2942 = EDGE_CURVE('',#2943,#2943,#2945,.T.);
#2943 = VERTEX_POINT('',#2944);
#2944 = CARTESIAN_POINT('',(107.855,-102.4,0.));
#2945 = CIRCLE('',#2946,0.4);
#2946 = AXIS2_PLACEMENT_3D('',#2947,#2948,#2949);
#2947 = CARTESIAN_POINT('',(107.855,-102.,0.));
#2948 = DIRECTION('',(-0.,0.,-1.));
#2949 = DIRECTION('',(3.5527136788E-14,-1.,-0.));
#2950 = FACE_BOUND('',#2951,.F.);
#2951 = EDGE_LOOP('',(#2952));
#2952 = ORIENTED_EDGE('',*,*,#2953,.T.);
#2953 = EDGE_CURVE('',#2954,#2954,#2956,.T.);
#2954 = VERTEX_POINT('',#2955);
#2955 = CARTESIAN_POINT('',(110.395,-102.4,0.));
#2956 = CIRCLE('',#2957,0.4);
#2957 = AXIS2_PLACEMENT_3D('',#2958,#2959,#2960);
#2958 = CARTESIAN_POINT('',(110.395,-102.,0.));
#2959 = DIRECTION('',(-0.,0.,-1.));
#2960 = DIRECTION('',(-3.552713678801E-14,-1.,0.));
#2961 = FACE_BOUND('',#2962,.F.);
#2962 = EDGE_LOOP('',(#2963));
#2963 = ORIENTED_EDGE('',*,*,#2964,.T.);
#2964 = EDGE_CURVE('',#2965,#2965,#2967,.T.);
#2965 = VERTEX_POINT('',#2966);
#2966 = CARTESIAN_POINT('',(114.355,-102.4,0.));
#2967 = CIRCLE('',#2968,0.4);
#2968 = AXIS2_PLACEMENT_3D('',#2969,#2970,#2971);
#2969 = CARTESIAN_POINT('',(114.355,-102.,0.));
#2970 = DIRECTION('',(-0.,0.,-1.));
#2971 = DIRECTION('',(3.5527136788E-14,-1.,-0.));
#2972 = FACE_BOUND('',#2973,.F.);
#2973 = EDGE_LOOP('',(#2974));
#2974 = ORIENTED_EDGE('',*,*,#2975,.T.);
#2975 = EDGE_CURVE('',#2976,#2976,#2978,.T.);
#2976 = VERTEX_POINT('',#2977);
#2977 = CARTESIAN_POINT('',(116.895,-102.4,0.));
#2978 = CIRCLE('',#2979,0.4);
#2979 = AXIS2_PLACEMENT_3D('',#2980,#2981,#2982);
#2980 = CARTESIAN_POINT('',(116.895,-102.,0.));
#2981 = DIRECTION('',(-0.,0.,-1.));
#2982 = DIRECTION('',(-3.552713678801E-14,-1.,0.));
#2983 = FACE_BOUND('',#2984,.F.);
#2984 = EDGE_LOOP('',(#2985));
#2985 = ORIENTED_EDGE('',*,*,#2986,.T.);
#2986 = EDGE_CURVE('',#2987,#2987,#2989,.T.);
#2987 = VERTEX_POINT('',#2988);
#2988 = CARTESIAN_POINT('',(120.855,-102.4,0.));
#2989 = CIRCLE('',#2990,0.4);
#2990 = AXIS2_PLACEMENT_3D('',#2991,#2992,#2993);
#2991 = CARTESIAN_POINT('',(120.855,-102.,0.));
#2992 = DIRECTION('',(-0.,0.,-1.));
#2993 = DIRECTION('',(3.5527136788E-14,-1.,-0.));
#2994 = FACE_BOUND('',#2995,.F.);
#2995 = EDGE_LOOP('',(#2996));
#2996 = ORIENTED_EDGE('',*,*,#2997,.T.);
#2997 = EDGE_CURVE('',#2998,#2998,#3000,.T.);
#2998 = VERTEX_POINT('',#2999);
#2999 = CARTESIAN_POINT('',(123.395,-102.4,0.));
#3000 = CIRCLE('',#3001,0.4);
#3001 = AXIS2_PLACEMENT_3D('',#3002,#3003,#3004);
#3002 = CARTESIAN_POINT('',(123.395,-102.,0.));
#3003 = DIRECTION('',(-0.,0.,-1.));
#3004 = DIRECTION('',(-3.552713678801E-14,-1.,0.));
#3005 = FACE_BOUND('',#3006,.F.);
#3006 = EDGE_LOOP('',(#3007));
#3007 = ORIENTED_EDGE('',*,*,#3008,.F.);
#3008 = EDGE_CURVE('',#3009,#3009,#3011,.T.);
#3009 = VERTEX_POINT('',#3010);
#3010 = CARTESIAN_POINT('',(104.7,-101.,0.));
#3011 = CIRCLE('',#3012,1.7);
#3012 = AXIS2_PLACEMENT_3D('',#3013,#3014,#3015);
#3013 = CARTESIAN_POINT('',(103.,-101.,0.));
#3014 = DIRECTION('',(0.,0.,1.));
#3015 = DIRECTION('',(1.,0.,-0.));
#3016 = FACE_BOUND('',#3017,.F.);
#3017 = EDGE_LOOP('',(#3018));
#3018 = ORIENTED_EDGE('',*,*,#3019,.T.);
#3019 = EDGE_CURVE('',#3020,#3020,#3022,.T.);
#3020 = VERTEX_POINT('',#3021);
#3021 = CARTESIAN_POINT('',(127.355,-102.4,0.));
#3022 = CIRCLE('',#3023,0.4);
#3023 = AXIS2_PLACEMENT_3D('',#3024,#3025,#3026);
#3024 = CARTESIAN_POINT('',(127.355,-102.,0.));
#3025 = DIRECTION('',(-0.,0.,-1.));
#3026 = DIRECTION('',(3.5527136788E-14,-1.,-0.));
#3027 = FACE_BOUND('',#3028,.F.);
#3028 = EDGE_LOOP('',(#3029));
#3029 = ORIENTED_EDGE('',*,*,#3030,.T.);
#3030 = EDGE_CURVE('',#3031,#3031,#3033,.T.);
#3031 = VERTEX_POINT('',#3032);
#3032 = CARTESIAN_POINT('',(129.895,-102.4,0.));
#3033 = CIRCLE('',#3034,0.4);
#3034 = AXIS2_PLACEMENT_3D('',#3035,#3036,#3037);
#3035 = CARTESIAN_POINT('',(129.895,-102.,0.));
#3036 = DIRECTION('',(-0.,0.,-1.));
#3037 = DIRECTION('',(7.105427357601E-14,-1.,-0.));
#3038 = FACE_BOUND('',#3039,.F.);
#3039 = EDGE_LOOP('',(#3040));
#3040 = ORIENTED_EDGE('',*,*,#3041,.T.);
#3041 = EDGE_CURVE('',#3042,#3042,#3044,.T.);
#3042 = VERTEX_POINT('',#3043);
#3043 = CARTESIAN_POINT('',(133.855,-102.4,0.));
#3044 = CIRCLE('',#3045,0.4);
#3045 = AXIS2_PLACEMENT_3D('',#3046,#3047,#3048);
#3046 = CARTESIAN_POINT('',(133.855,-102.,0.));
#3047 = DIRECTION('',(-0.,0.,-1.));
#3048 = DIRECTION('',(-7.105427357601E-14,-1.,0.));
#3049 = FACE_BOUND('',#3050,.F.);
#3050 = EDGE_LOOP('',(#3051));
#3051 = ORIENTED_EDGE('',*,*,#3052,.T.);
#3052 = EDGE_CURVE('',#3053,#3053,#3055,.T.);
#3053 = VERTEX_POINT('',#3054);
#3054 = CARTESIAN_POINT('',(136.395,-102.4,0.));
#3055 = CIRCLE('',#3056,0.4);
#3056 = AXIS2_PLACEMENT_3D('',#3057,#3058,#3059);
#3057 = CARTESIAN_POINT('',(136.395,-102.,0.));
#3058 = DIRECTION('',(-0.,0.,-1.));
#3059 = DIRECTION('',(7.105427357601E-14,-1.,-0.));
#3060 = FACE_BOUND('',#3061,.F.);
#3061 = EDGE_LOOP('',(#3062));
#3062 = ORIENTED_EDGE('',*,*,#3063,.T.);
#3063 = EDGE_CURVE('',#3064,#3064,#3066,.T.);
#3064 = VERTEX_POINT('',#3065);
#3065 = CARTESIAN_POINT('',(140.355,-102.4,0.));
#3066 = CIRCLE('',#3067,0.4);
#3067 = AXIS2_PLACEMENT_3D('',#3068,#3069,#3070);
#3068 = CARTESIAN_POINT('',(140.355,-102.,0.));
#3069 = DIRECTION('',(-0.,0.,-1.));
#3070 = DIRECTION('',(-7.105427357601E-14,-1.,0.));
#3071 = FACE_BOUND('',#3072,.F.);
#3072 = EDGE_LOOP('',(#3073));
#3073 = ORIENTED_EDGE('',*,*,#3074,.T.);
#3074 = EDGE_CURVE('',#3075,#3075,#3077,.T.);
#3075 = VERTEX_POINT('',#3076);
#3076 = CARTESIAN_POINT('',(142.895,-102.4,0.));
#3077 = CIRCLE('',#3078,0.4);
#3078 = AXIS2_PLACEMENT_3D('',#3079,#3080,#3081);
#3079 = CARTESIAN_POINT('',(142.895,-102.,0.));
#3080 = DIRECTION('',(-0.,0.,-1.));
#3081 = DIRECTION('',(7.105427357601E-14,-1.,-0.));
#3082 = FACE_BOUND('',#3083,.F.);
#3083 = EDGE_LOOP('',(#3084));
#3084 = ORIENTED_EDGE('',*,*,#3085,.F.);
#3085 = EDGE_CURVE('',#3086,#3086,#3088,.T.);
#3086 = VERTEX_POINT('',#3087);
#3087 = CARTESIAN_POINT('',(148.7,-101.,0.));
#3088 = CIRCLE('',#3089,1.7);
#3089 = AXIS2_PLACEMENT_3D('',#3090,#3091,#3092);
#3090 = CARTESIAN_POINT('',(147.,-101.,0.));
#3091 = DIRECTION('',(0.,0.,1.));
#3092 = DIRECTION('',(1.,0.,-0.));
#3093 = PLANE('',#3094);
#3094 = AXIS2_PLACEMENT_3D('',#3095,#3096,#3097);
#3095 = CARTESIAN_POINT('',(0.,0.,0.));
#3096 = DIRECTION('',(0.,0.,1.));
#3097 = DIRECTION('',(1.,0.,-0.));
#3098 = ADVANCED_FACE('',(#3099,#3110,#3121,#3132,#3143,#3154,#3165,
    #3176,#3187,#3198,#3209,#3220,#3231,#3242,#3253,#3264,#3275,#3286,
    #3297,#3308,#3319,#3330,#3341,#3352,#3363,#3374,#3385,#3396,#3407,
    #3418,#3429),#3440,.T.);
#3099 = FACE_BOUND('',#3100,.T.);
#3100 = EDGE_LOOP('',(#3101,#3102,#3103,#3109));
#3101 = ORIENTED_EDGE('',*,*,#2663,.F.);
#3102 = ORIENTED_EDGE('',*,*,#2703,.F.);
#3103 = ORIENTED_EDGE('',*,*,#3104,.F.);
#3104 = EDGE_CURVE('',#2726,#2696,#3105,.T.);
#3105 = LINE('',#3106,#3107);
#3106 = CARTESIAN_POINT('',(100.,-98.,1.51));
#3107 = VECTOR('',#3108,1.);
#3108 = DIRECTION('',(1.,0.,0.));
#3109 = ORIENTED_EDGE('',*,*,#2725,.F.);
#3110 = FACE_BOUND('',#3111,.T.);
#3111 = EDGE_LOOP('',(#3112));
#3112 = ORIENTED_EDGE('',*,*,#3113,.T.);
#3113 = EDGE_CURVE('',#3114,#3114,#3116,.T.);
#3114 = VERTEX_POINT('',#3115);
#3115 = CARTESIAN_POINT('',(103.,-108.505,1.51));
#3116 = CIRCLE('',#3117,0.5);
#3117 = AXIS2_PLACEMENT_3D('',#3118,#3119,#3120);
#3118 = CARTESIAN_POINT('',(103.,-108.005,1.51));
#3119 = DIRECTION('',(-0.,0.,-1.));
#3120 = DIRECTION('',(-0.,-1.,0.));
#3121 = FACE_BOUND('',#3122,.T.);
#3122 = EDGE_LOOP('',(#3123));
#3123 = ORIENTED_EDGE('',*,*,#3124,.T.);
#3124 = EDGE_CURVE('',#3125,#3125,#3127,.T.);
#3125 = VERTEX_POINT('',#3126);
#3126 = CARTESIAN_POINT('',(108.9,-108.485,1.51));
#3127 = CIRCLE('',#3128,0.45);
#3128 = AXIS2_PLACEMENT_3D('',#3129,#3130,#3131);
#3129 = CARTESIAN_POINT('',(108.9,-108.035,1.51));
#3130 = DIRECTION('',(-0.,0.,-1.));
#3131 = DIRECTION('',(-0.,-1.,0.));
#3132 = FACE_BOUND('',#3133,.T.);
#3133 = EDGE_LOOP('',(#3134));
#3134 = ORIENTED_EDGE('',*,*,#3135,.T.);
#3135 = EDGE_CURVE('',#3136,#3136,#3138,.T.);
#3136 = VERTEX_POINT('',#3137);
#3137 = CARTESIAN_POINT('',(115.4,-108.485,1.51));
#3138 = CIRCLE('',#3139,0.45);
#3139 = AXIS2_PLACEMENT_3D('',#3140,#3141,#3142);
#3140 = CARTESIAN_POINT('',(115.4,-108.035,1.51));
#3141 = DIRECTION('',(-0.,0.,-1.));
#3142 = DIRECTION('',(-0.,-1.,0.));
#3143 = FACE_BOUND('',#3144,.T.);
#3144 = EDGE_LOOP('',(#3145));
#3145 = ORIENTED_EDGE('',*,*,#3146,.T.);
#3146 = EDGE_CURVE('',#3147,#3147,#3149,.T.);
#3147 = VERTEX_POINT('',#3148);
#3148 = CARTESIAN_POINT('',(121.9,-108.485,1.51));
#3149 = CIRCLE('',#3150,0.45);
#3150 = AXIS2_PLACEMENT_3D('',#3151,#3152,#3153);
#3151 = CARTESIAN_POINT('',(121.9,-108.035,1.51));
#3152 = DIRECTION('',(-0.,0.,-1.));
#3153 = DIRECTION('',(-0.,-1.,0.));
#3154 = FACE_BOUND('',#3155,.T.);
#3155 = EDGE_LOOP('',(#3156));
#3156 = ORIENTED_EDGE('',*,*,#3157,.T.);
#3157 = EDGE_CURVE('',#3158,#3158,#3160,.T.);
#3158 = VERTEX_POINT('',#3159);
#3159 = CARTESIAN_POINT('',(103.,-105.965,1.51));
#3160 = CIRCLE('',#3161,0.5);
#3161 = AXIS2_PLACEMENT_3D('',#3162,#3163,#3164);
#3162 = CARTESIAN_POINT('',(103.,-105.465,1.51));
#3163 = DIRECTION('',(-0.,0.,-1.));
#3164 = DIRECTION('',(-0.,-1.,0.));
#3165 = FACE_BOUND('',#3166,.T.);
#3166 = EDGE_LOOP('',(#3167));
#3167 = ORIENTED_EDGE('',*,*,#3168,.T.);
#3168 = EDGE_CURVE('',#3169,#3169,#3171,.T.);
#3169 = VERTEX_POINT('',#3170);
#3170 = CARTESIAN_POINT('',(108.9,-105.945,1.51));
#3171 = CIRCLE('',#3172,0.45);
#3172 = AXIS2_PLACEMENT_3D('',#3173,#3174,#3175);
#3173 = CARTESIAN_POINT('',(108.9,-105.495,1.51));
#3174 = DIRECTION('',(-0.,0.,-1.));
#3175 = DIRECTION('',(-0.,-1.,0.));
#3176 = FACE_BOUND('',#3177,.T.);
#3177 = EDGE_LOOP('',(#3178));
#3178 = ORIENTED_EDGE('',*,*,#3179,.T.);
#3179 = EDGE_CURVE('',#3180,#3180,#3182,.T.);
#3180 = VERTEX_POINT('',#3181);
#3181 = CARTESIAN_POINT('',(115.4,-105.945,1.51));
#3182 = CIRCLE('',#3183,0.45);
#3183 = AXIS2_PLACEMENT_3D('',#3184,#3185,#3186);
#3184 = CARTESIAN_POINT('',(115.4,-105.495,1.51));
#3185 = DIRECTION('',(-0.,0.,-1.));
#3186 = DIRECTION('',(-0.,-1.,0.));
#3187 = FACE_BOUND('',#3188,.T.);
#3188 = EDGE_LOOP('',(#3189));
#3189 = ORIENTED_EDGE('',*,*,#3190,.T.);
#3190 = EDGE_CURVE('',#3191,#3191,#3193,.T.);
#3191 = VERTEX_POINT('',#3192);
#3192 = CARTESIAN_POINT('',(121.9,-105.945,1.51));
#3193 = CIRCLE('',#3194,0.45);
#3194 = AXIS2_PLACEMENT_3D('',#3195,#3196,#3197);
#3195 = CARTESIAN_POINT('',(121.9,-105.495,1.51));
#3196 = DIRECTION('',(-0.,0.,-1.));
#3197 = DIRECTION('',(-0.,-1.,0.));
#3198 = FACE_BOUND('',#3199,.T.);
#3199 = EDGE_LOOP('',(#3200));
#3200 = ORIENTED_EDGE('',*,*,#3201,.T.);
#3201 = EDGE_CURVE('',#3202,#3202,#3204,.T.);
#3202 = VERTEX_POINT('',#3203);
#3203 = CARTESIAN_POINT('',(128.4,-108.485,1.51));
#3204 = CIRCLE('',#3205,0.45);
#3205 = AXIS2_PLACEMENT_3D('',#3206,#3207,#3208);
#3206 = CARTESIAN_POINT('',(128.4,-108.035,1.51));
#3207 = DIRECTION('',(-0.,0.,-1.));
#3208 = DIRECTION('',(-0.,-1.,0.));
#3209 = FACE_BOUND('',#3210,.T.);
#3210 = EDGE_LOOP('',(#3211));
#3211 = ORIENTED_EDGE('',*,*,#3212,.T.);
#3212 = EDGE_CURVE('',#3213,#3213,#3215,.T.);
#3213 = VERTEX_POINT('',#3214);
#3214 = CARTESIAN_POINT('',(134.9,-108.485,1.51));
#3215 = CIRCLE('',#3216,0.45);
#3216 = AXIS2_PLACEMENT_3D('',#3217,#3218,#3219);
#3217 = CARTESIAN_POINT('',(134.9,-108.035,1.51));
#3218 = DIRECTION('',(-0.,0.,-1.));
#3219 = DIRECTION('',(6.315935428978E-14,-1.,-0.));
#3220 = FACE_BOUND('',#3221,.T.);
#3221 = EDGE_LOOP('',(#3222));
#3222 = ORIENTED_EDGE('',*,*,#3223,.T.);
#3223 = EDGE_CURVE('',#3224,#3224,#3226,.T.);
#3224 = VERTEX_POINT('',#3225);
#3225 = CARTESIAN_POINT('',(141.4,-108.485,1.51));
#3226 = CIRCLE('',#3227,0.45);
#3227 = AXIS2_PLACEMENT_3D('',#3228,#3229,#3230);
#3228 = CARTESIAN_POINT('',(141.4,-108.035,1.51));
#3229 = DIRECTION('',(-0.,0.,-1.));
#3230 = DIRECTION('',(6.315935428978E-14,-1.,-0.));
#3231 = FACE_BOUND('',#3232,.T.);
#3232 = EDGE_LOOP('',(#3233));
#3233 = ORIENTED_EDGE('',*,*,#3234,.T.);
#3234 = EDGE_CURVE('',#3235,#3235,#3237,.T.);
#3235 = VERTEX_POINT('',#3236);
#3236 = CARTESIAN_POINT('',(147.,-108.505,1.51));
#3237 = CIRCLE('',#3238,0.5);
#3238 = AXIS2_PLACEMENT_3D('',#3239,#3240,#3241);
#3239 = CARTESIAN_POINT('',(147.,-108.005,1.51));
#3240 = DIRECTION('',(-0.,0.,-1.));
#3241 = DIRECTION('',(-0.,-1.,0.));
#3242 = FACE_BOUND('',#3243,.T.);
#3243 = EDGE_LOOP('',(#3244));
#3244 = ORIENTED_EDGE('',*,*,#3245,.T.);
#3245 = EDGE_CURVE('',#3246,#3246,#3248,.T.);
#3246 = VERTEX_POINT('',#3247);
#3247 = CARTESIAN_POINT('',(128.4,-105.945,1.51));
#3248 = CIRCLE('',#3249,0.45);
#3249 = AXIS2_PLACEMENT_3D('',#3250,#3251,#3252);
#3250 = CARTESIAN_POINT('',(128.4,-105.495,1.51));
#3251 = DIRECTION('',(-0.,0.,-1.));
#3252 = DIRECTION('',(-0.,-1.,0.));
#3253 = FACE_BOUND('',#3254,.T.);
#3254 = EDGE_LOOP('',(#3255));
#3255 = ORIENTED_EDGE('',*,*,#3256,.T.);
#3256 = EDGE_CURVE('',#3257,#3257,#3259,.T.);
#3257 = VERTEX_POINT('',#3258);
#3258 = CARTESIAN_POINT('',(134.9,-105.945,1.51));
#3259 = CIRCLE('',#3260,0.45);
#3260 = AXIS2_PLACEMENT_3D('',#3261,#3262,#3263);
#3261 = CARTESIAN_POINT('',(134.9,-105.495,1.51));
#3262 = DIRECTION('',(-0.,0.,-1.));
#3263 = DIRECTION('',(6.315935428978E-14,-1.,-0.));
#3264 = FACE_BOUND('',#3265,.T.);
#3265 = EDGE_LOOP('',(#3266));
#3266 = ORIENTED_EDGE('',*,*,#3267,.T.);
#3267 = EDGE_CURVE('',#3268,#3268,#3270,.T.);
#3268 = VERTEX_POINT('',#3269);
#3269 = CARTESIAN_POINT('',(141.4,-105.945,1.51));
#3270 = CIRCLE('',#3271,0.45);
#3271 = AXIS2_PLACEMENT_3D('',#3272,#3273,#3274);
#3272 = CARTESIAN_POINT('',(141.4,-105.495,1.51));
#3273 = DIRECTION('',(-0.,0.,-1.));
#3274 = DIRECTION('',(6.315935428978E-14,-1.,-0.));
#3275 = FACE_BOUND('',#3276,.T.);
#3276 = EDGE_LOOP('',(#3277));
#3277 = ORIENTED_EDGE('',*,*,#3278,.T.);
#3278 = EDGE_CURVE('',#3279,#3279,#3281,.T.);
#3279 = VERTEX_POINT('',#3280);
#3280 = CARTESIAN_POINT('',(147.,-105.965,1.51));
#3281 = CIRCLE('',#3282,0.5);
#3282 = AXIS2_PLACEMENT_3D('',#3283,#3284,#3285);
#3283 = CARTESIAN_POINT('',(147.,-105.465,1.51));
#3284 = DIRECTION('',(-0.,0.,-1.));
#3285 = DIRECTION('',(-0.,-1.,0.));
#3286 = FACE_BOUND('',#3287,.T.);
#3287 = EDGE_LOOP('',(#3288));
#3288 = ORIENTED_EDGE('',*,*,#3289,.T.);
#3289 = EDGE_CURVE('',#3290,#3290,#3292,.T.);
#3290 = VERTEX_POINT('',#3291);
#3291 = CARTESIAN_POINT('',(107.855,-102.4,1.51));
#3292 = CIRCLE('',#3293,0.4);
#3293 = AXIS2_PLACEMENT_3D('',#3294,#3295,#3296);
#3294 = CARTESIAN_POINT('',(107.855,-102.,1.51));
#3295 = DIRECTION('',(-0.,0.,-1.));
#3296 = DIRECTION('',(3.5527136788E-14,-1.,-0.));
#3297 = FACE_BOUND('',#3298,.T.);
#3298 = EDGE_LOOP('',(#3299));
#3299 = ORIENTED_EDGE('',*,*,#3300,.T.);
#3300 = EDGE_CURVE('',#3301,#3301,#3303,.T.);
#3301 = VERTEX_POINT('',#3302);
#3302 = CARTESIAN_POINT('',(110.395,-102.4,1.51));
#3303 = CIRCLE('',#3304,0.4);
#3304 = AXIS2_PLACEMENT_3D('',#3305,#3306,#3307);
#3305 = CARTESIAN_POINT('',(110.395,-102.,1.51));
#3306 = DIRECTION('',(-0.,0.,-1.));
#3307 = DIRECTION('',(-3.552713678801E-14,-1.,0.));
#3308 = FACE_BOUND('',#3309,.T.);
#3309 = EDGE_LOOP('',(#3310));
#3310 = ORIENTED_EDGE('',*,*,#3311,.T.);
#3311 = EDGE_CURVE('',#3312,#3312,#3314,.T.);
#3312 = VERTEX_POINT('',#3313);
#3313 = CARTESIAN_POINT('',(114.355,-102.4,1.51));
#3314 = CIRCLE('',#3315,0.4);
#3315 = AXIS2_PLACEMENT_3D('',#3316,#3317,#3318);
#3316 = CARTESIAN_POINT('',(114.355,-102.,1.51));
#3317 = DIRECTION('',(-0.,0.,-1.));
#3318 = DIRECTION('',(3.5527136788E-14,-1.,-0.));
#3319 = FACE_BOUND('',#3320,.T.);
#3320 = EDGE_LOOP('',(#3321));
#3321 = ORIENTED_EDGE('',*,*,#3322,.T.);
#3322 = EDGE_CURVE('',#3323,#3323,#3325,.T.);
#3323 = VERTEX_POINT('',#3324);
#3324 = CARTESIAN_POINT('',(116.895,-102.4,1.51));
#3325 = CIRCLE('',#3326,0.4);
#3326 = AXIS2_PLACEMENT_3D('',#3327,#3328,#3329);
#3327 = CARTESIAN_POINT('',(116.895,-102.,1.51));
#3328 = DIRECTION('',(-0.,0.,-1.));
#3329 = DIRECTION('',(-3.552713678801E-14,-1.,0.));
#3330 = FACE_BOUND('',#3331,.T.);
#3331 = EDGE_LOOP('',(#3332));
#3332 = ORIENTED_EDGE('',*,*,#3333,.T.);
#3333 = EDGE_CURVE('',#3334,#3334,#3336,.T.);
#3334 = VERTEX_POINT('',#3335);
#3335 = CARTESIAN_POINT('',(120.855,-102.4,1.51));
#3336 = CIRCLE('',#3337,0.4);
#3337 = AXIS2_PLACEMENT_3D('',#3338,#3339,#3340);
#3338 = CARTESIAN_POINT('',(120.855,-102.,1.51));
#3339 = DIRECTION('',(-0.,0.,-1.));
#3340 = DIRECTION('',(3.5527136788E-14,-1.,-0.));
#3341 = FACE_BOUND('',#3342,.T.);
#3342 = EDGE_LOOP('',(#3343));
#3343 = ORIENTED_EDGE('',*,*,#3344,.T.);
#3344 = EDGE_CURVE('',#3345,#3345,#3347,.T.);
#3345 = VERTEX_POINT('',#3346);
#3346 = CARTESIAN_POINT('',(123.395,-102.4,1.51));
#3347 = CIRCLE('',#3348,0.4);
#3348 = AXIS2_PLACEMENT_3D('',#3349,#3350,#3351);
#3349 = CARTESIAN_POINT('',(123.395,-102.,1.51));
#3350 = DIRECTION('',(-0.,0.,-1.));
#3351 = DIRECTION('',(-3.552713678801E-14,-1.,0.));
#3352 = FACE_BOUND('',#3353,.T.);
#3353 = EDGE_LOOP('',(#3354));
#3354 = ORIENTED_EDGE('',*,*,#3355,.F.);
#3355 = EDGE_CURVE('',#3356,#3356,#3358,.T.);
#3356 = VERTEX_POINT('',#3357);
#3357 = CARTESIAN_POINT('',(104.7,-101.,1.51));
#3358 = CIRCLE('',#3359,1.7);
#3359 = AXIS2_PLACEMENT_3D('',#3360,#3361,#3362);
#3360 = CARTESIAN_POINT('',(103.,-101.,1.51));
#3361 = DIRECTION('',(0.,0.,1.));
#3362 = DIRECTION('',(1.,0.,-0.));
#3363 = FACE_BOUND('',#3364,.T.);
#3364 = EDGE_LOOP('',(#3365));
#3365 = ORIENTED_EDGE('',*,*,#3366,.T.);
#3366 = EDGE_CURVE('',#3367,#3367,#3369,.T.);
#3367 = VERTEX_POINT('',#3368);
#3368 = CARTESIAN_POINT('',(127.355,-102.4,1.51));
#3369 = CIRCLE('',#3370,0.4);
#3370 = AXIS2_PLACEMENT_3D('',#3371,#3372,#3373);
#3371 = CARTESIAN_POINT('',(127.355,-102.,1.51));
#3372 = DIRECTION('',(-0.,0.,-1.));
#3373 = DIRECTION('',(3.5527136788E-14,-1.,-0.));
#3374 = FACE_BOUND('',#3375,.T.);
#3375 = EDGE_LOOP('',(#3376));
#3376 = ORIENTED_EDGE('',*,*,#3377,.T.);
#3377 = EDGE_CURVE('',#3378,#3378,#3380,.T.);
#3378 = VERTEX_POINT('',#3379);
#3379 = CARTESIAN_POINT('',(129.895,-102.4,1.51));
#3380 = CIRCLE('',#3381,0.4);
#3381 = AXIS2_PLACEMENT_3D('',#3382,#3383,#3384);
#3382 = CARTESIAN_POINT('',(129.895,-102.,1.51));
#3383 = DIRECTION('',(-0.,0.,-1.));
#3384 = DIRECTION('',(7.105427357601E-14,-1.,-0.));
#3385 = FACE_BOUND('',#3386,.T.);
#3386 = EDGE_LOOP('',(#3387));
#3387 = ORIENTED_EDGE('',*,*,#3388,.T.);
#3388 = EDGE_CURVE('',#3389,#3389,#3391,.T.);
#3389 = VERTEX_POINT('',#3390);
#3390 = CARTESIAN_POINT('',(133.855,-102.4,1.51));
#3391 = CIRCLE('',#3392,0.4);
#3392 = AXIS2_PLACEMENT_3D('',#3393,#3394,#3395);
#3393 = CARTESIAN_POINT('',(133.855,-102.,1.51));
#3394 = DIRECTION('',(-0.,0.,-1.));
#3395 = DIRECTION('',(-7.105427357601E-14,-1.,0.));
#3396 = FACE_BOUND('',#3397,.T.);
#3397 = EDGE_LOOP('',(#3398));
#3398 = ORIENTED_EDGE('',*,*,#3399,.T.);
#3399 = EDGE_CURVE('',#3400,#3400,#3402,.T.);
#3400 = VERTEX_POINT('',#3401);
#3401 = CARTESIAN_POINT('',(136.395,-102.4,1.51));
#3402 = CIRCLE('',#3403,0.4);
#3403 = AXIS2_PLACEMENT_3D('',#3404,#3405,#3406);
#3404 = CARTESIAN_POINT('',(136.395,-102.,1.51));
#3405 = DIRECTION('',(-0.,0.,-1.));
#3406 = DIRECTION('',(7.105427357601E-14,-1.,-0.));
#3407 = FACE_BOUND('',#3408,.T.);
#3408 = EDGE_LOOP('',(#3409));
#3409 = ORIENTED_EDGE('',*,*,#3410,.T.);
#3410 = EDGE_CURVE('',#3411,#3411,#3413,.T.);
#3411 = VERTEX_POINT('',#3412);
#3412 = CARTESIAN_POINT('',(140.355,-102.4,1.51));
#3413 = CIRCLE('',#3414,0.4);
#3414 = AXIS2_PLACEMENT_3D('',#3415,#3416,#3417);
#3415 = CARTESIAN_POINT('',(140.355,-102.,1.51));
#3416 = DIRECTION('',(-0.,0.,-1.));
#3417 = DIRECTION('',(-7.105427357601E-14,-1.,0.));
#3418 = FACE_BOUND('',#3419,.T.);
#3419 = EDGE_LOOP('',(#3420));
#3420 = ORIENTED_EDGE('',*,*,#3421,.T.);
#3421 = EDGE_CURVE('',#3422,#3422,#3424,.T.);
#3422 = VERTEX_POINT('',#3423);
#3423 = CARTESIAN_POINT('',(142.895,-102.4,1.51));
#3424 = CIRCLE('',#3425,0.4);
#3425 = AXIS2_PLACEMENT_3D('',#3426,#3427,#3428);
#3426 = CARTESIAN_POINT('',(142.895,-102.,1.51));
#3427 = DIRECTION('',(-0.,0.,-1.));
#3428 = DIRECTION('',(7.105427357601E-14,-1.,-0.));
#3429 = FACE_BOUND('',#3430,.T.);
#3430 = EDGE_LOOP('',(#3431));
#3431 = ORIENTED_EDGE('',*,*,#3432,.F.);
#3432 = EDGE_CURVE('',#3433,#3433,#3435,.T.);
#3433 = VERTEX_POINT('',#3434);
#3434 = CARTESIAN_POINT('',(148.7,-101.,1.51));
#3435 = CIRCLE('',#3436,1.7);
#3436 = AXIS2_PLACEMENT_3D('',#3437,#3438,#3439);
#3437 = CARTESIAN_POINT('',(147.,-101.,1.51));
#3438 = DIRECTION('',(0.,0.,1.));
#3439 = DIRECTION('',(1.,0.,-0.));
#3440 = PLANE('',#3441);
#3441 = AXIS2_PLACEMENT_3D('',#3442,#3443,#3444);
#3442 = CARTESIAN_POINT('',(0.,0.,1.51));
#3443 = DIRECTION('',(0.,0.,1.));
#3444 = DIRECTION('',(1.,0.,-0.));
#3445 = ADVANCED_FACE('',(#3446),#3452,.T.);
#3446 = FACE_BOUND('',#3447,.T.);
#3447 = EDGE_LOOP('',(#3448,#3449,#3450,#3451));
#3448 = ORIENTED_EDGE('',*,*,#2733,.T.);
#3449 = ORIENTED_EDGE('',*,*,#3104,.T.);
#3450 = ORIENTED_EDGE('',*,*,#2693,.F.);
#3451 = ORIENTED_EDGE('',*,*,#2757,.F.);
#3452 = PLANE('',#3453);
#3453 = AXIS2_PLACEMENT_3D('',#3454,#3455,#3456);
#3454 = CARTESIAN_POINT('',(100.,-98.,0.));
#3455 = DIRECTION('',(0.,1.,0.));
#3456 = DIRECTION('',(1.,0.,0.));
#3457 = ADVANCED_FACE('',(#3458),#3469,.F.);
#3458 = FACE_BOUND('',#3459,.T.);
#3459 = EDGE_LOOP('',(#3460,#3461,#3467,#3468));
#3460 = ORIENTED_EDGE('',*,*,#2766,.T.);
#3461 = ORIENTED_EDGE('',*,*,#3462,.T.);
#3462 = EDGE_CURVE('',#2767,#3114,#3463,.T.);
#3463 = LINE('',#3464,#3465);
#3464 = CARTESIAN_POINT('',(103.,-108.505,-4.6E-02));
#3465 = VECTOR('',#3466,1.);
#3466 = DIRECTION('',(0.,0.,1.));
#3467 = ORIENTED_EDGE('',*,*,#3113,.F.);
#3468 = ORIENTED_EDGE('',*,*,#3462,.F.);
#3469 = CYLINDRICAL_SURFACE('',#3470,0.5);
#3470 = AXIS2_PLACEMENT_3D('',#3471,#3472,#3473);
#3471 = CARTESIAN_POINT('',(103.,-108.005,-4.6E-02));
#3472 = DIRECTION('',(-0.,-0.,-1.));
#3473 = DIRECTION('',(-0.,-1.,0.));
#3474 = ADVANCED_FACE('',(#3475),#3486,.F.);
#3475 = FACE_BOUND('',#3476,.T.);
#3476 = EDGE_LOOP('',(#3477,#3478,#3484,#3485));
#3477 = ORIENTED_EDGE('',*,*,#2777,.T.);
#3478 = ORIENTED_EDGE('',*,*,#3479,.T.);
#3479 = EDGE_CURVE('',#2778,#3125,#3480,.T.);
#3480 = LINE('',#3481,#3482);
#3481 = CARTESIAN_POINT('',(108.9,-108.485,-4.6E-02));
#3482 = VECTOR('',#3483,1.);
#3483 = DIRECTION('',(0.,0.,1.));
#3484 = ORIENTED_EDGE('',*,*,#3124,.F.);
#3485 = ORIENTED_EDGE('',*,*,#3479,.F.);
#3486 = CYLINDRICAL_SURFACE('',#3487,0.45);
#3487 = AXIS2_PLACEMENT_3D('',#3488,#3489,#3490);
#3488 = CARTESIAN_POINT('',(108.9,-108.035,-4.6E-02));
#3489 = DIRECTION('',(-0.,-0.,-1.));
#3490 = DIRECTION('',(-0.,-1.,0.));
#3491 = ADVANCED_FACE('',(#3492),#3503,.F.);
#3492 = FACE_BOUND('',#3493,.T.);
#3493 = EDGE_LOOP('',(#3494,#3495,#3501,#3502));
#3494 = ORIENTED_EDGE('',*,*,#2788,.T.);
#3495 = ORIENTED_EDGE('',*,*,#3496,.T.);
#3496 = EDGE_CURVE('',#2789,#3136,#3497,.T.);
#3497 = LINE('',#3498,#3499);
#3498 = CARTESIAN_POINT('',(115.4,-108.485,-4.6E-02));
#3499 = VECTOR('',#3500,1.);
#3500 = DIRECTION('',(0.,0.,1.));
#3501 = ORIENTED_EDGE('',*,*,#3135,.F.);
#3502 = ORIENTED_EDGE('',*,*,#3496,.F.);
#3503 = CYLINDRICAL_SURFACE('',#3504,0.45);
#3504 = AXIS2_PLACEMENT_3D('',#3505,#3506,#3507);
#3505 = CARTESIAN_POINT('',(115.4,-108.035,-4.6E-02));
#3506 = DIRECTION('',(-0.,-0.,-1.));
#3507 = DIRECTION('',(-0.,-1.,0.));
#3508 = ADVANCED_FACE('',(#3509),#3520,.F.);
#3509 = FACE_BOUND('',#3510,.T.);
#3510 = EDGE_LOOP('',(#3511,#3512,#3518,#3519));
#3511 = ORIENTED_EDGE('',*,*,#2799,.T.);
#3512 = ORIENTED_EDGE('',*,*,#3513,.T.);
#3513 = EDGE_CURVE('',#2800,#3147,#3514,.T.);
#3514 = LINE('',#3515,#3516);
#3515 = CARTESIAN_POINT('',(121.9,-108.485,-4.6E-02));
#3516 = VECTOR('',#3517,1.);
#3517 = DIRECTION('',(0.,0.,1.));
#3518 = ORIENTED_EDGE('',*,*,#3146,.F.);
#3519 = ORIENTED_EDGE('',*,*,#3513,.F.);
#3520 = CYLINDRICAL_SURFACE('',#3521,0.45);
#3521 = AXIS2_PLACEMENT_3D('',#3522,#3523,#3524);
#3522 = CARTESIAN_POINT('',(121.9,-108.035,-4.6E-02));
#3523 = DIRECTION('',(-0.,-0.,-1.));
#3524 = DIRECTION('',(-0.,-1.,0.));
#3525 = ADVANCED_FACE('',(#3526),#3537,.F.);
#3526 = FACE_BOUND('',#3527,.T.);
#3527 = EDGE_LOOP('',(#3528,#3529,#3535,#3536));
#3528 = ORIENTED_EDGE('',*,*,#2810,.T.);
#3529 = ORIENTED_EDGE('',*,*,#3530,.T.);
#3530 = EDGE_CURVE('',#2811,#3158,#3531,.T.);
#3531 = LINE('',#3532,#3533);
#3532 = CARTESIAN_POINT('',(103.,-105.965,-4.6E-02));
#3533 = VECTOR('',#3534,1.);
#3534 = DIRECTION('',(0.,0.,1.));
#3535 = ORIENTED_EDGE('',*,*,#3157,.F.);
#3536 = ORIENTED_EDGE('',*,*,#3530,.F.);
#3537 = CYLINDRICAL_SURFACE('',#3538,0.5);
#3538 = AXIS2_PLACEMENT_3D('',#3539,#3540,#3541);
#3539 = CARTESIAN_POINT('',(103.,-105.465,-4.6E-02));
#3540 = DIRECTION('',(-0.,-0.,-1.));
#3541 = DIRECTION('',(-0.,-1.,0.));
#3542 = ADVANCED_FACE('',(#3543),#3554,.F.);
#3543 = FACE_BOUND('',#3544,.T.);
#3544 = EDGE_LOOP('',(#3545,#3546,#3552,#3553));
#3545 = ORIENTED_EDGE('',*,*,#2821,.T.);
#3546 = ORIENTED_EDGE('',*,*,#3547,.T.);
#3547 = EDGE_CURVE('',#2822,#3169,#3548,.T.);
#3548 = LINE('',#3549,#3550);
#3549 = CARTESIAN_POINT('',(108.9,-105.945,-4.6E-02));
#3550 = VECTOR('',#3551,1.);
#3551 = DIRECTION('',(0.,0.,1.));
#3552 = ORIENTED_EDGE('',*,*,#3168,.F.);
#3553 = ORIENTED_EDGE('',*,*,#3547,.F.);
#3554 = CYLINDRICAL_SURFACE('',#3555,0.45);
#3555 = AXIS2_PLACEMENT_3D('',#3556,#3557,#3558);
#3556 = CARTESIAN_POINT('',(108.9,-105.495,-4.6E-02));
#3557 = DIRECTION('',(-0.,-0.,-1.));
#3558 = DIRECTION('',(-0.,-1.,0.));
#3559 = ADVANCED_FACE('',(#3560),#3571,.F.);
#3560 = FACE_BOUND('',#3561,.T.);
#3561 = EDGE_LOOP('',(#3562,#3563,#3569,#3570));
#3562 = ORIENTED_EDGE('',*,*,#2832,.T.);
#3563 = ORIENTED_EDGE('',*,*,#3564,.T.);
#3564 = EDGE_CURVE('',#2833,#3180,#3565,.T.);
#3565 = LINE('',#3566,#3567);
#3566 = CARTESIAN_POINT('',(115.4,-105.945,-4.6E-02));
#3567 = VECTOR('',#3568,1.);
#3568 = DIRECTION('',(0.,0.,1.));
#3569 = ORIENTED_EDGE('',*,*,#3179,.F.);
#3570 = ORIENTED_EDGE('',*,*,#3564,.F.);
#3571 = CYLINDRICAL_SURFACE('',#3572,0.45);
#3572 = AXIS2_PLACEMENT_3D('',#3573,#3574,#3575);
#3573 = CARTESIAN_POINT('',(115.4,-105.495,-4.6E-02));
#3574 = DIRECTION('',(-0.,-0.,-1.));
#3575 = DIRECTION('',(-0.,-1.,0.));
#3576 = ADVANCED_FACE('',(#3577),#3588,.F.);
#3577 = FACE_BOUND('',#3578,.T.);
#3578 = EDGE_LOOP('',(#3579,#3580,#3586,#3587));
#3579 = ORIENTED_EDGE('',*,*,#2843,.T.);
#3580 = ORIENTED_EDGE('',*,*,#3581,.T.);
#3581 = EDGE_CURVE('',#2844,#3191,#3582,.T.);
#3582 = LINE('',#3583,#3584);
#3583 = CARTESIAN_POINT('',(121.9,-105.945,-4.6E-02));
#3584 = VECTOR('',#3585,1.);
#3585 = DIRECTION('',(0.,0.,1.));
#3586 = ORIENTED_EDGE('',*,*,#3190,.F.);
#3587 = ORIENTED_EDGE('',*,*,#3581,.F.);
#3588 = CYLINDRICAL_SURFACE('',#3589,0.45);
#3589 = AXIS2_PLACEMENT_3D('',#3590,#3591,#3592);
#3590 = CARTESIAN_POINT('',(121.9,-105.495,-4.6E-02));
#3591 = DIRECTION('',(-0.,-0.,-1.));
#3592 = DIRECTION('',(-0.,-1.,0.));
#3593 = ADVANCED_FACE('',(#3594),#3605,.F.);
#3594 = FACE_BOUND('',#3595,.T.);
#3595 = EDGE_LOOP('',(#3596,#3597,#3603,#3604));
#3596 = ORIENTED_EDGE('',*,*,#2854,.T.);
#3597 = ORIENTED_EDGE('',*,*,#3598,.T.);
#3598 = EDGE_CURVE('',#2855,#3202,#3599,.T.);
#3599 = LINE('',#3600,#3601);
#3600 = CARTESIAN_POINT('',(128.4,-108.485,-4.6E-02));
#3601 = VECTOR('',#3602,1.);
#3602 = DIRECTION('',(0.,0.,1.));
#3603 = ORIENTED_EDGE('',*,*,#3201,.F.);
#3604 = ORIENTED_EDGE('',*,*,#3598,.F.);
#3605 = CYLINDRICAL_SURFACE('',#3606,0.45);
#3606 = AXIS2_PLACEMENT_3D('',#3607,#3608,#3609);
#3607 = CARTESIAN_POINT('',(128.4,-108.035,-4.6E-02));
#3608 = DIRECTION('',(-0.,-0.,-1.));
#3609 = DIRECTION('',(-0.,-1.,0.));
#3610 = ADVANCED_FACE('',(#3611),#3622,.F.);
#3611 = FACE_BOUND('',#3612,.T.);
#3612 = EDGE_LOOP('',(#3613,#3614,#3620,#3621));
#3613 = ORIENTED_EDGE('',*,*,#2865,.T.);
#3614 = ORIENTED_EDGE('',*,*,#3615,.T.);
#3615 = EDGE_CURVE('',#2866,#3213,#3616,.T.);
#3616 = LINE('',#3617,#3618);
#3617 = CARTESIAN_POINT('',(134.9,-108.485,-4.6E-02));
#3618 = VECTOR('',#3619,1.);
#3619 = DIRECTION('',(0.,0.,1.));
#3620 = ORIENTED_EDGE('',*,*,#3212,.F.);
#3621 = ORIENTED_EDGE('',*,*,#3615,.F.);
#3622 = CYLINDRICAL_SURFACE('',#3623,0.45);
#3623 = AXIS2_PLACEMENT_3D('',#3624,#3625,#3626);
#3624 = CARTESIAN_POINT('',(134.9,-108.035,-4.6E-02));
#3625 = DIRECTION('',(-0.,0.,-1.));
#3626 = DIRECTION('',(6.315935428978E-14,-1.,-0.));
#3627 = ADVANCED_FACE('',(#3628),#3639,.F.);
#3628 = FACE_BOUND('',#3629,.T.);
#3629 = EDGE_LOOP('',(#3630,#3631,#3637,#3638));
#3630 = ORIENTED_EDGE('',*,*,#2876,.T.);
#3631 = ORIENTED_EDGE('',*,*,#3632,.T.);
#3632 = EDGE_CURVE('',#2877,#3224,#3633,.T.);
#3633 = LINE('',#3634,#3635);
#3634 = CARTESIAN_POINT('',(141.4,-108.485,-4.6E-02));
#3635 = VECTOR('',#3636,1.);
#3636 = DIRECTION('',(0.,0.,1.));
#3637 = ORIENTED_EDGE('',*,*,#3223,.F.);
#3638 = ORIENTED_EDGE('',*,*,#3632,.F.);
#3639 = CYLINDRICAL_SURFACE('',#3640,0.45);
#3640 = AXIS2_PLACEMENT_3D('',#3641,#3642,#3643);
#3641 = CARTESIAN_POINT('',(141.4,-108.035,-4.6E-02));
#3642 = DIRECTION('',(-0.,0.,-1.));
#3643 = DIRECTION('',(6.315935428978E-14,-1.,-0.));
#3644 = ADVANCED_FACE('',(#3645),#3656,.F.);
#3645 = FACE_BOUND('',#3646,.T.);
#3646 = EDGE_LOOP('',(#3647,#3648,#3654,#3655));
#3647 = ORIENTED_EDGE('',*,*,#2887,.T.);
#3648 = ORIENTED_EDGE('',*,*,#3649,.T.);
#3649 = EDGE_CURVE('',#2888,#3235,#3650,.T.);
#3650 = LINE('',#3651,#3652);
#3651 = CARTESIAN_POINT('',(147.,-108.505,-4.6E-02));
#3652 = VECTOR('',#3653,1.);
#3653 = DIRECTION('',(0.,0.,1.));
#3654 = ORIENTED_EDGE('',*,*,#3234,.F.);
#3655 = ORIENTED_EDGE('',*,*,#3649,.F.);
#3656 = CYLINDRICAL_SURFACE('',#3657,0.5);
#3657 = AXIS2_PLACEMENT_3D('',#3658,#3659,#3660);
#3658 = CARTESIAN_POINT('',(147.,-108.005,-4.6E-02));
#3659 = DIRECTION('',(-0.,-0.,-1.));
#3660 = DIRECTION('',(-0.,-1.,0.));
#3661 = ADVANCED_FACE('',(#3662),#3673,.F.);
#3662 = FACE_BOUND('',#3663,.T.);
#3663 = EDGE_LOOP('',(#3664,#3665,#3671,#3672));
#3664 = ORIENTED_EDGE('',*,*,#2898,.T.);
#3665 = ORIENTED_EDGE('',*,*,#3666,.T.);
#3666 = EDGE_CURVE('',#2899,#3246,#3667,.T.);
#3667 = LINE('',#3668,#3669);
#3668 = CARTESIAN_POINT('',(128.4,-105.945,-4.6E-02));
#3669 = VECTOR('',#3670,1.);
#3670 = DIRECTION('',(0.,0.,1.));
#3671 = ORIENTED_EDGE('',*,*,#3245,.F.);
#3672 = ORIENTED_EDGE('',*,*,#3666,.F.);
#3673 = CYLINDRICAL_SURFACE('',#3674,0.45);
#3674 = AXIS2_PLACEMENT_3D('',#3675,#3676,#3677);
#3675 = CARTESIAN_POINT('',(128.4,-105.495,-4.6E-02));
#3676 = DIRECTION('',(-0.,-0.,-1.));
#3677 = DIRECTION('',(-0.,-1.,0.));
#3678 = ADVANCED_FACE('',(#3679),#3690,.F.);
#3679 = FACE_BOUND('',#3680,.T.);
#3680 = EDGE_LOOP('',(#3681,#3682,#3688,#3689));
#3681 = ORIENTED_EDGE('',*,*,#2909,.T.);
#3682 = ORIENTED_EDGE('',*,*,#3683,.T.);
#3683 = EDGE_CURVE('',#2910,#3257,#3684,.T.);
#3684 = LINE('',#3685,#3686);
#3685 = CARTESIAN_POINT('',(134.9,-105.945,-4.6E-02));
#3686 = VECTOR('',#3687,1.);
#3687 = DIRECTION('',(0.,0.,1.));
#3688 = ORIENTED_EDGE('',*,*,#3256,.F.);
#3689 = ORIENTED_EDGE('',*,*,#3683,.F.);
#3690 = CYLINDRICAL_SURFACE('',#3691,0.45);
#3691 = AXIS2_PLACEMENT_3D('',#3692,#3693,#3694);
#3692 = CARTESIAN_POINT('',(134.9,-105.495,-4.6E-02));
#3693 = DIRECTION('',(-0.,0.,-1.));
#3694 = DIRECTION('',(6.315935428978E-14,-1.,-0.));
#3695 = ADVANCED_FACE('',(#3696),#3707,.F.);
#3696 = FACE_BOUND('',#3697,.T.);
#3697 = EDGE_LOOP('',(#3698,#3699,#3705,#3706));
#3698 = ORIENTED_EDGE('',*,*,#2920,.T.);
#3699 = ORIENTED_EDGE('',*,*,#3700,.T.);
#3700 = EDGE_CURVE('',#2921,#3268,#3701,.T.);
#3701 = LINE('',#3702,#3703);
#3702 = CARTESIAN_POINT('',(141.4,-105.945,-4.6E-02));
#3703 = VECTOR('',#3704,1.);
#3704 = DIRECTION('',(0.,0.,1.));
#3705 = ORIENTED_EDGE('',*,*,#3267,.F.);
#3706 = ORIENTED_EDGE('',*,*,#3700,.F.);
#3707 = CYLINDRICAL_SURFACE('',#3708,0.45);
#3708 = AXIS2_PLACEMENT_3D('',#3709,#3710,#3711);
#3709 = CARTESIAN_POINT('',(141.4,-105.495,-4.6E-02));
#3710 = DIRECTION('',(-0.,0.,-1.));
#3711 = DIRECTION('',(6.315935428978E-14,-1.,-0.));
#3712 = ADVANCED_FACE('',(#3713),#3724,.F.);
#3713 = FACE_BOUND('',#3714,.T.);
#3714 = EDGE_LOOP('',(#3715,#3716,#3722,#3723));
#3715 = ORIENTED_EDGE('',*,*,#2931,.T.);
#3716 = ORIENTED_EDGE('',*,*,#3717,.T.);
#3717 = EDGE_CURVE('',#2932,#3279,#3718,.T.);
#3718 = LINE('',#3719,#3720);
#3719 = CARTESIAN_POINT('',(147.,-105.965,-4.6E-02));
#3720 = VECTOR('',#3721,1.);
#3721 = DIRECTION('',(0.,0.,1.));
#3722 = ORIENTED_EDGE('',*,*,#3278,.F.);
#3723 = ORIENTED_EDGE('',*,*,#3717,.F.);
#3724 = CYLINDRICAL_SURFACE('',#3725,0.5);
#3725 = AXIS2_PLACEMENT_3D('',#3726,#3727,#3728);
#3726 = CARTESIAN_POINT('',(147.,-105.465,-4.6E-02));
#3727 = DIRECTION('',(-0.,-0.,-1.));
#3728 = DIRECTION('',(-0.,-1.,0.));
#3729 = ADVANCED_FACE('',(#3730),#3741,.F.);
#3730 = FACE_BOUND('',#3731,.T.);
#3731 = EDGE_LOOP('',(#3732,#3733,#3739,#3740));
#3732 = ORIENTED_EDGE('',*,*,#2942,.T.);
#3733 = ORIENTED_EDGE('',*,*,#3734,.T.);
#3734 = EDGE_CURVE('',#2943,#3290,#3735,.T.);
#3735 = LINE('',#3736,#3737);
#3736 = CARTESIAN_POINT('',(107.855,-102.4,-4.6E-02));
#3737 = VECTOR('',#3738,1.);
#3738 = DIRECTION('',(0.,0.,1.));
#3739 = ORIENTED_EDGE('',*,*,#3289,.F.);
#3740 = ORIENTED_EDGE('',*,*,#3734,.F.);
#3741 = CYLINDRICAL_SURFACE('',#3742,0.4);
#3742 = AXIS2_PLACEMENT_3D('',#3743,#3744,#3745);
#3743 = CARTESIAN_POINT('',(107.855,-102.,-4.6E-02));
#3744 = DIRECTION('',(-0.,0.,-1.));
#3745 = DIRECTION('',(3.5527136788E-14,-1.,-0.));
#3746 = ADVANCED_FACE('',(#3747),#3758,.F.);
#3747 = FACE_BOUND('',#3748,.T.);
#3748 = EDGE_LOOP('',(#3749,#3750,#3756,#3757));
#3749 = ORIENTED_EDGE('',*,*,#2953,.T.);
#3750 = ORIENTED_EDGE('',*,*,#3751,.T.);
#3751 = EDGE_CURVE('',#2954,#3301,#3752,.T.);
#3752 = LINE('',#3753,#3754);
#3753 = CARTESIAN_POINT('',(110.395,-102.4,-4.6E-02));
#3754 = VECTOR('',#3755,1.);
#3755 = DIRECTION('',(0.,0.,1.));
#3756 = ORIENTED_EDGE('',*,*,#3300,.F.);
#3757 = ORIENTED_EDGE('',*,*,#3751,.F.);
#3758 = CYLINDRICAL_SURFACE('',#3759,0.4);
#3759 = AXIS2_PLACEMENT_3D('',#3760,#3761,#3762);
#3760 = CARTESIAN_POINT('',(110.395,-102.,-4.6E-02));
#3761 = DIRECTION('',(-0.,-0.,-1.));
#3762 = DIRECTION('',(-3.552713678801E-14,-1.,0.));
#3763 = ADVANCED_FACE('',(#3764),#3775,.F.);
#3764 = FACE_BOUND('',#3765,.T.);
#3765 = EDGE_LOOP('',(#3766,#3767,#3773,#3774));
#3766 = ORIENTED_EDGE('',*,*,#2964,.T.);
#3767 = ORIENTED_EDGE('',*,*,#3768,.T.);
#3768 = EDGE_CURVE('',#2965,#3312,#3769,.T.);
#3769 = LINE('',#3770,#3771);
#3770 = CARTESIAN_POINT('',(114.355,-102.4,-4.6E-02));
#3771 = VECTOR('',#3772,1.);
#3772 = DIRECTION('',(0.,0.,1.));
#3773 = ORIENTED_EDGE('',*,*,#3311,.F.);
#3774 = ORIENTED_EDGE('',*,*,#3768,.F.);
#3775 = CYLINDRICAL_SURFACE('',#3776,0.4);
#3776 = AXIS2_PLACEMENT_3D('',#3777,#3778,#3779);
#3777 = CARTESIAN_POINT('',(114.355,-102.,-4.6E-02));
#3778 = DIRECTION('',(-0.,0.,-1.));
#3779 = DIRECTION('',(3.5527136788E-14,-1.,-0.));
#3780 = ADVANCED_FACE('',(#3781),#3792,.F.);
#3781 = FACE_BOUND('',#3782,.T.);
#3782 = EDGE_LOOP('',(#3783,#3784,#3790,#3791));
#3783 = ORIENTED_EDGE('',*,*,#2975,.T.);
#3784 = ORIENTED_EDGE('',*,*,#3785,.T.);
#3785 = EDGE_CURVE('',#2976,#3323,#3786,.T.);
#3786 = LINE('',#3787,#3788);
#3787 = CARTESIAN_POINT('',(116.895,-102.4,-4.6E-02));
#3788 = VECTOR('',#3789,1.);
#3789 = DIRECTION('',(0.,0.,1.));
#3790 = ORIENTED_EDGE('',*,*,#3322,.F.);
#3791 = ORIENTED_EDGE('',*,*,#3785,.F.);
#3792 = CYLINDRICAL_SURFACE('',#3793,0.4);
#3793 = AXIS2_PLACEMENT_3D('',#3794,#3795,#3796);
#3794 = CARTESIAN_POINT('',(116.895,-102.,-4.6E-02));
#3795 = DIRECTION('',(-0.,-0.,-1.));
#3796 = DIRECTION('',(-3.552713678801E-14,-1.,0.));
#3797 = ADVANCED_FACE('',(#3798),#3809,.F.);
#3798 = FACE_BOUND('',#3799,.T.);
#3799 = EDGE_LOOP('',(#3800,#3801,#3807,#3808));
#3800 = ORIENTED_EDGE('',*,*,#2986,.T.);
#3801 = ORIENTED_EDGE('',*,*,#3802,.T.);
#3802 = EDGE_CURVE('',#2987,#3334,#3803,.T.);
#3803 = LINE('',#3804,#3805);
#3804 = CARTESIAN_POINT('',(120.855,-102.4,-4.6E-02));
#3805 = VECTOR('',#3806,1.);
#3806 = DIRECTION('',(0.,0.,1.));
#3807 = ORIENTED_EDGE('',*,*,#3333,.F.);
#3808 = ORIENTED_EDGE('',*,*,#3802,.F.);
#3809 = CYLINDRICAL_SURFACE('',#3810,0.4);
#3810 = AXIS2_PLACEMENT_3D('',#3811,#3812,#3813);
#3811 = CARTESIAN_POINT('',(120.855,-102.,-4.6E-02));
#3812 = DIRECTION('',(-0.,0.,-1.));
#3813 = DIRECTION('',(3.5527136788E-14,-1.,-0.));
#3814 = ADVANCED_FACE('',(#3815),#3826,.F.);
#3815 = FACE_BOUND('',#3816,.T.);
#3816 = EDGE_LOOP('',(#3817,#3818,#3824,#3825));
#3817 = ORIENTED_EDGE('',*,*,#2997,.T.);
#3818 = ORIENTED_EDGE('',*,*,#3819,.T.);
#3819 = EDGE_CURVE('',#2998,#3345,#3820,.T.);
#3820 = LINE('',#3821,#3822);
#3821 = CARTESIAN_POINT('',(123.395,-102.4,-4.6E-02));
#3822 = VECTOR('',#3823,1.);
#3823 = DIRECTION('',(0.,0.,1.));
#3824 = ORIENTED_EDGE('',*,*,#3344,.F.);
#3825 = ORIENTED_EDGE('',*,*,#3819,.F.);
#3826 = CYLINDRICAL_SURFACE('',#3827,0.4);
#3827 = AXIS2_PLACEMENT_3D('',#3828,#3829,#3830);
#3828 = CARTESIAN_POINT('',(123.395,-102.,-4.6E-02));
#3829 = DIRECTION('',(-0.,-0.,-1.));
#3830 = DIRECTION('',(-3.552713678801E-14,-1.,0.));
#3831 = ADVANCED_FACE('',(#3832),#3843,.F.);
#3832 = FACE_BOUND('',#3833,.T.);
#3833 = EDGE_LOOP('',(#3834,#3840,#3841,#3842));
#3834 = ORIENTED_EDGE('',*,*,#3835,.T.);
#3835 = EDGE_CURVE('',#3009,#3356,#3836,.T.);
#3836 = LINE('',#3837,#3838);
#3837 = CARTESIAN_POINT('',(104.7,-101.,0.));
#3838 = VECTOR('',#3839,1.);
#3839 = DIRECTION('',(0.,0.,1.));
#3840 = ORIENTED_EDGE('',*,*,#3355,.T.);
#3841 = ORIENTED_EDGE('',*,*,#3835,.F.);
#3842 = ORIENTED_EDGE('',*,*,#3008,.F.);
#3843 = CYLINDRICAL_SURFACE('',#3844,1.7);
#3844 = AXIS2_PLACEMENT_3D('',#3845,#3846,#3847);
#3845 = CARTESIAN_POINT('',(103.,-101.,0.));
#3846 = DIRECTION('',(-0.,-0.,-1.));
#3847 = DIRECTION('',(1.,0.,-0.));
#3848 = ADVANCED_FACE('',(#3849),#3860,.F.);
#3849 = FACE_BOUND('',#3850,.T.);
#3850 = EDGE_LOOP('',(#3851,#3852,#3858,#3859));
#3851 = ORIENTED_EDGE('',*,*,#3019,.T.);
#3852 = ORIENTED_EDGE('',*,*,#3853,.T.);
#3853 = EDGE_CURVE('',#3020,#3367,#3854,.T.);
#3854 = LINE('',#3855,#3856);
#3855 = CARTESIAN_POINT('',(127.355,-102.4,-4.6E-02));
#3856 = VECTOR('',#3857,1.);
#3857 = DIRECTION('',(0.,0.,1.));
#3858 = ORIENTED_EDGE('',*,*,#3366,.F.);
#3859 = ORIENTED_EDGE('',*,*,#3853,.F.);
#3860 = CYLINDRICAL_SURFACE('',#3861,0.4);
#3861 = AXIS2_PLACEMENT_3D('',#3862,#3863,#3864);
#3862 = CARTESIAN_POINT('',(127.355,-102.,-4.6E-02));
#3863 = DIRECTION('',(-0.,0.,-1.));
#3864 = DIRECTION('',(3.5527136788E-14,-1.,-0.));
#3865 = ADVANCED_FACE('',(#3866),#3877,.F.);
#3866 = FACE_BOUND('',#3867,.T.);
#3867 = EDGE_LOOP('',(#3868,#3869,#3875,#3876));
#3868 = ORIENTED_EDGE('',*,*,#3030,.T.);
#3869 = ORIENTED_EDGE('',*,*,#3870,.T.);
#3870 = EDGE_CURVE('',#3031,#3378,#3871,.T.);
#3871 = LINE('',#3872,#3873);
#3872 = CARTESIAN_POINT('',(129.895,-102.4,-4.6E-02));
#3873 = VECTOR('',#3874,1.);
#3874 = DIRECTION('',(0.,0.,1.));
#3875 = ORIENTED_EDGE('',*,*,#3377,.F.);
#3876 = ORIENTED_EDGE('',*,*,#3870,.F.);
#3877 = CYLINDRICAL_SURFACE('',#3878,0.4);
#3878 = AXIS2_PLACEMENT_3D('',#3879,#3880,#3881);
#3879 = CARTESIAN_POINT('',(129.895,-102.,-4.6E-02));
#3880 = DIRECTION('',(-0.,0.,-1.));
#3881 = DIRECTION('',(7.105427357601E-14,-1.,-0.));
#3882 = ADVANCED_FACE('',(#3883),#3894,.F.);
#3883 = FACE_BOUND('',#3884,.T.);
#3884 = EDGE_LOOP('',(#3885,#3886,#3892,#3893));
#3885 = ORIENTED_EDGE('',*,*,#3041,.T.);
#3886 = ORIENTED_EDGE('',*,*,#3887,.T.);
#3887 = EDGE_CURVE('',#3042,#3389,#3888,.T.);
#3888 = LINE('',#3889,#3890);
#3889 = CARTESIAN_POINT('',(133.855,-102.4,-4.6E-02));
#3890 = VECTOR('',#3891,1.);
#3891 = DIRECTION('',(0.,0.,1.));
#3892 = ORIENTED_EDGE('',*,*,#3388,.F.);
#3893 = ORIENTED_EDGE('',*,*,#3887,.F.);
#3894 = CYLINDRICAL_SURFACE('',#3895,0.4);
#3895 = AXIS2_PLACEMENT_3D('',#3896,#3897,#3898);
#3896 = CARTESIAN_POINT('',(133.855,-102.,-4.6E-02));
#3897 = DIRECTION('',(-0.,-0.,-1.));
#3898 = DIRECTION('',(-7.105427357601E-14,-1.,0.));
#3899 = ADVANCED_FACE('',(#3900),#3911,.F.);
#3900 = FACE_BOUND('',#3901,.T.);
#3901 = EDGE_LOOP('',(#3902,#3903,#3909,#3910));
#3902 = ORIENTED_EDGE('',*,*,#3052,.T.);
#3903 = ORIENTED_EDGE('',*,*,#3904,.T.);
#3904 = EDGE_CURVE('',#3053,#3400,#3905,.T.);
#3905 = LINE('',#3906,#3907);
#3906 = CARTESIAN_POINT('',(136.395,-102.4,-4.6E-02));
#3907 = VECTOR('',#3908,1.);
#3908 = DIRECTION('',(0.,0.,1.));
#3909 = ORIENTED_EDGE('',*,*,#3399,.F.);
#3910 = ORIENTED_EDGE('',*,*,#3904,.F.);
#3911 = CYLINDRICAL_SURFACE('',#3912,0.4);
#3912 = AXIS2_PLACEMENT_3D('',#3913,#3914,#3915);
#3913 = CARTESIAN_POINT('',(136.395,-102.,-4.6E-02));
#3914 = DIRECTION('',(-0.,0.,-1.));
#3915 = DIRECTION('',(7.105427357601E-14,-1.,-0.));
#3916 = ADVANCED_FACE('',(#3917),#3928,.F.);
#3917 = FACE_BOUND('',#3918,.T.);
#3918 = EDGE_LOOP('',(#3919,#3920,#3926,#3927));
#3919 = ORIENTED_EDGE('',*,*,#3063,.T.);
#3920 = ORIENTED_EDGE('',*,*,#3921,.T.);
#3921 = EDGE_CURVE('',#3064,#3411,#3922,.T.);
#3922 = LINE('',#3923,#3924);
#3923 = CARTESIAN_POINT('',(140.355,-102.4,-4.6E-02));
#3924 = VECTOR('',#3925,1.);
#3925 = DIRECTION('',(0.,0.,1.));
#3926 = ORIENTED_EDGE('',*,*,#3410,.F.);
#3927 = ORIENTED_EDGE('',*,*,#3921,.F.);
#3928 = CYLINDRICAL_SURFACE('',#3929,0.4);
#3929 = AXIS2_PLACEMENT_3D('',#3930,#3931,#3932);
#3930 = CARTESIAN_POINT('',(140.355,-102.,-4.6E-02));
#3931 = DIRECTION('',(-0.,-0.,-1.));
#3932 = DIRECTION('',(-7.105427357601E-14,-1.,0.));
#3933 = ADVANCED_FACE('',(#3934),#3945,.F.);
#3934 = FACE_BOUND('',#3935,.T.);
#3935 = EDGE_LOOP('',(#3936,#3937,#3943,#3944));
#3936 = ORIENTED_EDGE('',*,*,#3074,.T.);
#3937 = ORIENTED_EDGE('',*,*,#3938,.T.);
#3938 = EDGE_CURVE('',#3075,#3422,#3939,.T.);
#3939 = LINE('',#3940,#3941);
#3940 = CARTESIAN_POINT('',(142.895,-102.4,-4.6E-02));
#3941 = VECTOR('',#3942,1.);
#3942 = DIRECTION('',(0.,0.,1.));
#3943 = ORIENTED_EDGE('',*,*,#3421,.F.);
#3944 = ORIENTED_EDGE('',*,*,#3938,.F.);
#3945 = CYLINDRICAL_SURFACE('',#3946,0.4);
#3946 = AXIS2_PLACEMENT_3D('',#3947,#3948,#3949);
#3947 = CARTESIAN_POINT('',(142.895,-102.,-4.6E-02));
#3948 = DIRECTION('',(-0.,0.,-1.));
#3949 = DIRECTION('',(7.105427357601E-14,-1.,-0.));
#3950 = ADVANCED_FACE('',(#3951),#3962,.F.);
#3951 = FACE_BOUND('',#3952,.T.);
#3952 = EDGE_LOOP('',(#3953,#3959,#3960,#3961));
#3953 = ORIENTED_EDGE('',*,*,#3954,.T.);
#3954 = EDGE_CURVE('',#3086,#3433,#3955,.T.);
#3955 = LINE('',#3956,#3957);
#3956 = CARTESIAN_POINT('',(148.7,-101.,0.));
#3957 = VECTOR('',#3958,1.);
#3958 = DIRECTION('',(0.,0.,1.));
#3959 = ORIENTED_EDGE('',*,*,#3432,.T.);
#3960 = ORIENTED_EDGE('',*,*,#3954,.F.);
#3961 = ORIENTED_EDGE('',*,*,#3085,.F.);
#3962 = CYLINDRICAL_SURFACE('',#3963,1.7);
#3963 = AXIS2_PLACEMENT_3D('',#3964,#3965,#3966);
#3964 = CARTESIAN_POINT('',(147.,-101.,0.));
#3965 = DIRECTION('',(-0.,-0.,-1.));
#3966 = DIRECTION('',(1.,0.,-0.));
#3967 = ( GEOMETRIC_REPRESENTATION_CONTEXT(3) 
GLOBAL_UNCERTAINTY_ASSIGNED_CONTEXT((#3971)) 
GLOBAL_UNIT_ASSIGNED_CONTEXT((#3968,#3969,#3970)) REPRESENTATION_CONTEXT
('Context #1','3D Context with UNIT and UNCERTAINTY') );
#3968 = ( LENGTH_UNIT() NAMED_UNIT(*) SI_UNIT(.MILLI.,.METRE.) );
#3969 = ( NAMED_UNIT(*) PLANE_ANGLE_UNIT() SI_UNIT($,.RADIAN.) );
#3970 = ( NAMED_UNIT(*) SI_UNIT($,.STERADIAN.) SOLID_ANGLE_UNIT() );
#3971 = UNCERTAINTY_MEASURE_WITH_UNIT(LENGTH_MEASURE(1.E-07),#3968,
  'distance_accuracy_value','confusion accuracy');
#3972 = CONTEXT_DEPENDENT_SHAPE_REPRESENTATION(#3973,#3975);
#3973 = ( REPRESENTATION_RELATIONSHIP('','',#2646,#10) 
REPRESENTATION_RELATIONSHIP_WITH_TRANSFORMATION(#3974) 
SHAPE_REPRESENTATION_RELATIONSHIP() );
#3974 = ITEM_DEFINED_TRANSFORMATION('','',#11,#71);
#3975 = PRODUCT_DEFINITION_SHAPE('Placement','Placement of an item',
  #3976);
#3976 = NEXT_ASSEMBLY_USAGE_OCCURRENCE('15','=>[0:1:1:5]','',#5,#2641,$
  );
#3977 = PRODUCT_RELATED_PRODUCT_CATEGORY('part',$,(#2643));
#3978 = MECHANICAL_DESIGN_GEOMETRIC_PRESENTATION_REPRESENTATION('',(
    #3979,#3987,#3994,#4001,#4008,#4015,#4022,#4030,#4037,#4044,#4051,
    #4058,#4065,#4072,#4079,#4086),#2573);
#3979 = STYLED_ITEM('color',(#3980),#2150);
#3980 = PRESENTATION_STYLE_ASSIGNMENT((#3981));
#3981 = SURFACE_STYLE_USAGE(.BOTH.,#3982);
#3982 = SURFACE_SIDE_STYLE('',(#3983));
#3983 = SURFACE_STYLE_FILL_AREA(#3984);
#3984 = FILL_AREA_STYLE('',(#3985));
#3985 = FILL_AREA_STYLE_COLOUR('',#3986);
#3986 = COLOUR_RGB('',0.699999984889,9.999999991362E-02,
  5.000000142576E-02);
#3987 = STYLED_ITEM('color',(#3988),#2177);
#3988 = PRESENTATION_STYLE_ASSIGNMENT((#3989));
#3989 = SURFACE_STYLE_USAGE(.BOTH.,#3990);
#3990 = SURFACE_SIDE_STYLE('',(#3991));
#3991 = SURFACE_STYLE_FILL_AREA(#3992);
#3992 = FILL_AREA_STYLE('',(#3993));
#3993 = FILL_AREA_STYLE_COLOUR('',#3986);
#3994 = STYLED_ITEM('color',(#3995),#2202);
#3995 = PRESENTATION_STYLE_ASSIGNMENT((#3996));
#3996 = SURFACE_STYLE_USAGE(.BOTH.,#3997);
#3997 = SURFACE_SIDE_STYLE('',(#3998));
#3998 = SURFACE_STYLE_FILL_AREA(#3999);
#3999 = FILL_AREA_STYLE('',(#4000));
#4000 = FILL_AREA_STYLE_COLOUR('',#3986);
#4001 = STYLED_ITEM('color',(#4002),#2230);
#4002 = PRESENTATION_STYLE_ASSIGNMENT((#4003));
#4003 = SURFACE_STYLE_USAGE(.BOTH.,#4004);
#4004 = SURFACE_SIDE_STYLE('',(#4005));
#4005 = SURFACE_STYLE_FILL_AREA(#4006);
#4006 = FILL_AREA_STYLE('',(#4007));
#4007 = FILL_AREA_STYLE_COLOUR('',#3986);
#4008 = STYLED_ITEM('color',(#4009),#2262);
#4009 = PRESENTATION_STYLE_ASSIGNMENT((#4010));
#4010 = SURFACE_STYLE_USAGE(.BOTH.,#4011);
#4011 = SURFACE_SIDE_STYLE('',(#4012));
#4012 = SURFACE_STYLE_FILL_AREA(#4013);
#4013 = FILL_AREA_STYLE('',(#4014));
#4014 = FILL_AREA_STYLE_COLOUR('',#3986);
#4015 = STYLED_ITEM('color',(#4016),#2279);
#4016 = PRESENTATION_STYLE_ASSIGNMENT((#4017));
#4017 = SURFACE_STYLE_USAGE(.BOTH.,#4018);
#4018 = SURFACE_SIDE_STYLE('',(#4019));
#4019 = SURFACE_STYLE_FILL_AREA(#4020);
#4020 = FILL_AREA_STYLE('',(#4021));
#4021 = FILL_AREA_STYLE_COLOUR('',#3986);
#4022 = STYLED_ITEM('color',(#4023),#2357);
#4023 = PRESENTATION_STYLE_ASSIGNMENT((#4024));
#4024 = SURFACE_STYLE_USAGE(.BOTH.,#4025);
#4025 = SURFACE_SIDE_STYLE('',(#4026));
#4026 = SURFACE_STYLE_FILL_AREA(#4027);
#4027 = FILL_AREA_STYLE('',(#4028));
#4028 = FILL_AREA_STYLE_COLOUR('',#4029);
#4029 = COLOUR_RGB('',0.823999987314,0.819999987296,0.781000009244);
#4030 = STYLED_ITEM('color',(#4031),#2388);
#4031 = PRESENTATION_STYLE_ASSIGNMENT((#4032));
#4032 = SURFACE_STYLE_USAGE(.BOTH.,#4033);
#4033 = SURFACE_SIDE_STYLE('',(#4034));
#4034 = SURFACE_STYLE_FILL_AREA(#4035);
#4035 = FILL_AREA_STYLE('',(#4036));
#4036 = FILL_AREA_STYLE_COLOUR('',#4029);
#4037 = STYLED_ITEM('color',(#4038),#2412);
#4038 = PRESENTATION_STYLE_ASSIGNMENT((#4039));
#4039 = SURFACE_STYLE_USAGE(.BOTH.,#4040);
#4040 = SURFACE_SIDE_STYLE('',(#4041));
#4041 = SURFACE_STYLE_FILL_AREA(#4042);
#4042 = FILL_AREA_STYLE('',(#4043));
#4043 = FILL_AREA_STYLE_COLOUR('',#4029);
#4044 = STYLED_ITEM('color',(#4045),#2436);
#4045 = PRESENTATION_STYLE_ASSIGNMENT((#4046));
#4046 = SURFACE_STYLE_USAGE(.BOTH.,#4047);
#4047 = SURFACE_SIDE_STYLE('',(#4048));
#4048 = SURFACE_STYLE_FILL_AREA(#4049);
#4049 = FILL_AREA_STYLE('',(#4050));
#4050 = FILL_AREA_STYLE_COLOUR('',#4029);
#4051 = STYLED_ITEM('color',(#4052),#2453);
#4052 = PRESENTATION_STYLE_ASSIGNMENT((#4053));
#4053 = SURFACE_STYLE_USAGE(.BOTH.,#4054);
#4054 = SURFACE_SIDE_STYLE('',(#4055));
#4055 = SURFACE_STYLE_FILL_AREA(#4056);
#4056 = FILL_AREA_STYLE('',(#4057));
#4057 = FILL_AREA_STYLE_COLOUR('',#4029);
#4058 = STYLED_ITEM('color',(#4059),#2484);
#4059 = PRESENTATION_STYLE_ASSIGNMENT((#4060));
#4060 = SURFACE_STYLE_USAGE(.BOTH.,#4061);
#4061 = SURFACE_SIDE_STYLE('',(#4062));
#4062 = SURFACE_STYLE_FILL_AREA(#4063);
#4063 = FILL_AREA_STYLE('',(#4064));
#4064 = FILL_AREA_STYLE_COLOUR('',#4029);
#4065 = STYLED_ITEM('color',(#4066),#2508);
#4066 = PRESENTATION_STYLE_ASSIGNMENT((#4067));
#4067 = SURFACE_STYLE_USAGE(.BOTH.,#4068);
#4068 = SURFACE_SIDE_STYLE('',(#4069));
#4069 = SURFACE_STYLE_FILL_AREA(#4070);
#4070 = FILL_AREA_STYLE('',(#4071));
#4071 = FILL_AREA_STYLE_COLOUR('',#4029);
#4072 = STYLED_ITEM('color',(#4073),#2532);
#4073 = PRESENTATION_STYLE_ASSIGNMENT((#4074));
#4074 = SURFACE_STYLE_USAGE(.BOTH.,#4075);
#4075 = SURFACE_SIDE_STYLE('',(#4076));
#4076 = SURFACE_STYLE_FILL_AREA(#4077);
#4077 = FILL_AREA_STYLE('',(#4078));
#4078 = FILL_AREA_STYLE_COLOUR('',#4029);
#4079 = STYLED_ITEM('color',(#4080),#2549);
#4080 = PRESENTATION_STYLE_ASSIGNMENT((#4081));
#4081 = SURFACE_STYLE_USAGE(.BOTH.,#4082);
#4082 = SURFACE_SIDE_STYLE('',(#4083));
#4083 = SURFACE_STYLE_FILL_AREA(#4084);
#4084 = FILL_AREA_STYLE('',(#4085));
#4085 = FILL_AREA_STYLE_COLOUR('',#4029);
#4086 = STYLED_ITEM('color',(#4087),#2561);
#4087 = PRESENTATION_STYLE_ASSIGNMENT((#4088));
#4088 = SURFACE_STYLE_USAGE(.BOTH.,#4089);
#4089 = SURFACE_SIDE_STYLE('',(#4090));
#4090 = SURFACE_STYLE_FILL_AREA(#4091);
#4091 = FILL_AREA_STYLE('',(#4092));
#4092 = FILL_AREA_STYLE_COLOUR('',#4029);
#4093 = MECHANICAL_DESIGN_GEOMETRIC_PRESENTATION_REPRESENTATION('',(
    #4094,#4102,#4109,#4116,#4123,#4130,#4137,#4144,#4151,#4158,#4165,
    #4172,#4179,#4186,#4193,#4200,#4207,#4215,#4222,#4229,#4236,#4243,
    #4250,#4257,#4264,#4271,#4278,#4285,#4292,#4299,#4306,#4313,#4320,
    #4327,#4334,#4341,#4348,#4355,#4362,#4369,#4376,#4383,#4390,#4397,
    #4404,#4411,#4418,#4425,#4432,#4439,#4446,#4453,#4460,#4467,#4474,
    #4481,#4488,#4495),#2129);
#4094 = STYLED_ITEM('color',(#4095),#497);
#4095 = PRESENTATION_STYLE_ASSIGNMENT((#4096));
#4096 = SURFACE_STYLE_USAGE(.BOTH.,#4097);
#4097 = SURFACE_SIDE_STYLE('',(#4098));
#4098 = SURFACE_STYLE_FILL_AREA(#4099);
#4099 = FILL_AREA_STYLE('',(#4100));
#4100 = FILL_AREA_STYLE_COLOUR('',#4101);
#4101 = COLOUR_RGB('',0.147999998088,0.144999993226,0.144999993226);
#4102 = STYLED_ITEM('color',(#4103),#537);
#4103 = PRESENTATION_STYLE_ASSIGNMENT((#4104));
#4104 = SURFACE_STYLE_USAGE(.BOTH.,#4105);
#4105 = SURFACE_SIDE_STYLE('',(#4106));
#4106 = SURFACE_STYLE_FILL_AREA(#4107);
#4107 = FILL_AREA_STYLE('',(#4108));
#4108 = FILL_AREA_STYLE_COLOUR('',#4101);
#4109 = STYLED_ITEM('color',(#4110),#568);
#4110 = PRESENTATION_STYLE_ASSIGNMENT((#4111));
#4111 = SURFACE_STYLE_USAGE(.BOTH.,#4112);
#4112 = SURFACE_SIDE_STYLE('',(#4113));
#4113 = SURFACE_STYLE_FILL_AREA(#4114);
#4114 = FILL_AREA_STYLE('',(#4115));
#4115 = FILL_AREA_STYLE_COLOUR('',#4101);
#4116 = STYLED_ITEM('color',(#4117),#599);
#4117 = PRESENTATION_STYLE_ASSIGNMENT((#4118));
#4118 = SURFACE_STYLE_USAGE(.BOTH.,#4119);
#4119 = SURFACE_SIDE_STYLE('',(#4120));
#4120 = SURFACE_STYLE_FILL_AREA(#4121);
#4121 = FILL_AREA_STYLE('',(#4122));
#4122 = FILL_AREA_STYLE_COLOUR('',#4101);
#4123 = STYLED_ITEM('color',(#4124),#764);
#4124 = PRESENTATION_STYLE_ASSIGNMENT((#4125));
#4125 = SURFACE_STYLE_USAGE(.BOTH.,#4126);
#4126 = SURFACE_SIDE_STYLE('',(#4127));
#4127 = SURFACE_STYLE_FILL_AREA(#4128);
#4128 = FILL_AREA_STYLE('',(#4129));
#4129 = FILL_AREA_STYLE_COLOUR('',#4101);
#4130 = STYLED_ITEM('color',(#4131),#929);
#4131 = PRESENTATION_STYLE_ASSIGNMENT((#4132));
#4132 = SURFACE_STYLE_USAGE(.BOTH.,#4133);
#4133 = SURFACE_SIDE_STYLE('',(#4134));
#4134 = SURFACE_STYLE_FILL_AREA(#4135);
#4135 = FILL_AREA_STYLE('',(#4136));
#4136 = FILL_AREA_STYLE_COLOUR('',#4101);
#4137 = STYLED_ITEM('color',(#4138),#946);
#4138 = PRESENTATION_STYLE_ASSIGNMENT((#4139));
#4139 = SURFACE_STYLE_USAGE(.BOTH.,#4140);
#4140 = SURFACE_SIDE_STYLE('',(#4141));
#4141 = SURFACE_STYLE_FILL_AREA(#4142);
#4142 = FILL_AREA_STYLE('',(#4143));
#4143 = FILL_AREA_STYLE_COLOUR('',#4101);
#4144 = STYLED_ITEM('color',(#4145),#963);
#4145 = PRESENTATION_STYLE_ASSIGNMENT((#4146));
#4146 = SURFACE_STYLE_USAGE(.BOTH.,#4147);
#4147 = SURFACE_SIDE_STYLE('',(#4148));
#4148 = SURFACE_STYLE_FILL_AREA(#4149);
#4149 = FILL_AREA_STYLE('',(#4150));
#4150 = FILL_AREA_STYLE_COLOUR('',#4101);
#4151 = STYLED_ITEM('color',(#4152),#980);
#4152 = PRESENTATION_STYLE_ASSIGNMENT((#4153));
#4153 = SURFACE_STYLE_USAGE(.BOTH.,#4154);
#4154 = SURFACE_SIDE_STYLE('',(#4155));
#4155 = SURFACE_STYLE_FILL_AREA(#4156);
#4156 = FILL_AREA_STYLE('',(#4157));
#4157 = FILL_AREA_STYLE_COLOUR('',#4101);
#4158 = STYLED_ITEM('color',(#4159),#997);
#4159 = PRESENTATION_STYLE_ASSIGNMENT((#4160));
#4160 = SURFACE_STYLE_USAGE(.BOTH.,#4161);
#4161 = SURFACE_SIDE_STYLE('',(#4162));
#4162 = SURFACE_STYLE_FILL_AREA(#4163);
#4163 = FILL_AREA_STYLE('',(#4164));
#4164 = FILL_AREA_STYLE_COLOUR('',#4101);
#4165 = STYLED_ITEM('color',(#4166),#1014);
#4166 = PRESENTATION_STYLE_ASSIGNMENT((#4167));
#4167 = SURFACE_STYLE_USAGE(.BOTH.,#4168);
#4168 = SURFACE_SIDE_STYLE('',(#4169));
#4169 = SURFACE_STYLE_FILL_AREA(#4170);
#4170 = FILL_AREA_STYLE('',(#4171));
#4171 = FILL_AREA_STYLE_COLOUR('',#4101);
#4172 = STYLED_ITEM('color',(#4173),#1031);
#4173 = PRESENTATION_STYLE_ASSIGNMENT((#4174));
#4174 = SURFACE_STYLE_USAGE(.BOTH.,#4175);
#4175 = SURFACE_SIDE_STYLE('',(#4176));
#4176 = SURFACE_STYLE_FILL_AREA(#4177);
#4177 = FILL_AREA_STYLE('',(#4178));
#4178 = FILL_AREA_STYLE_COLOUR('',#4101);
#4179 = STYLED_ITEM('color',(#4180),#1048);
#4180 = PRESENTATION_STYLE_ASSIGNMENT((#4181));
#4181 = SURFACE_STYLE_USAGE(.BOTH.,#4182);
#4182 = SURFACE_SIDE_STYLE('',(#4183));
#4183 = SURFACE_STYLE_FILL_AREA(#4184);
#4184 = FILL_AREA_STYLE('',(#4185));
#4185 = FILL_AREA_STYLE_COLOUR('',#4101);
#4186 = STYLED_ITEM('color',(#4187),#1065);
#4187 = PRESENTATION_STYLE_ASSIGNMENT((#4188));
#4188 = SURFACE_STYLE_USAGE(.BOTH.,#4189);
#4189 = SURFACE_SIDE_STYLE('',(#4190));
#4190 = SURFACE_STYLE_FILL_AREA(#4191);
#4191 = FILL_AREA_STYLE('',(#4192));
#4192 = FILL_AREA_STYLE_COLOUR('',#4101);
#4193 = STYLED_ITEM('color',(#4194),#1082);
#4194 = PRESENTATION_STYLE_ASSIGNMENT((#4195));
#4195 = SURFACE_STYLE_USAGE(.BOTH.,#4196);
#4196 = SURFACE_SIDE_STYLE('',(#4197));
#4197 = SURFACE_STYLE_FILL_AREA(#4198);
#4198 = FILL_AREA_STYLE('',(#4199));
#4199 = FILL_AREA_STYLE_COLOUR('',#4101);
#4200 = STYLED_ITEM('color',(#4201),#1099);
#4201 = PRESENTATION_STYLE_ASSIGNMENT((#4202));
#4202 = SURFACE_STYLE_USAGE(.BOTH.,#4203);
#4203 = SURFACE_SIDE_STYLE('',(#4204));
#4204 = SURFACE_STYLE_FILL_AREA(#4205);
#4205 = FILL_AREA_STYLE('',(#4206));
#4206 = FILL_AREA_STYLE_COLOUR('',#4101);
#4207 = STYLED_ITEM('color',(#4208),#1111);
#4208 = PRESENTATION_STYLE_ASSIGNMENT((#4209));
#4209 = SURFACE_STYLE_USAGE(.BOTH.,#4210);
#4210 = SURFACE_SIDE_STYLE('',(#4211));
#4211 = SURFACE_STYLE_FILL_AREA(#4212);
#4212 = FILL_AREA_STYLE('',(#4213));
#4213 = FILL_AREA_STYLE_COLOUR('',#4214);
#4214 = COLOUR_RGB('',0.859000020776,0.737999965183,0.495999988746);
#4215 = STYLED_ITEM('color',(#4216),#1142);
#4216 = PRESENTATION_STYLE_ASSIGNMENT((#4217));
#4217 = SURFACE_STYLE_USAGE(.BOTH.,#4218);
#4218 = SURFACE_SIDE_STYLE('',(#4219));
#4219 = SURFACE_STYLE_FILL_AREA(#4220);
#4220 = FILL_AREA_STYLE('',(#4221));
#4221 = FILL_AREA_STYLE_COLOUR('',#4214);
#4222 = STYLED_ITEM('color',(#4223),#1191);
#4223 = PRESENTATION_STYLE_ASSIGNMENT((#4224));
#4224 = SURFACE_STYLE_USAGE(.BOTH.,#4225);
#4225 = SURFACE_SIDE_STYLE('',(#4226));
#4226 = SURFACE_STYLE_FILL_AREA(#4227);
#4227 = FILL_AREA_STYLE('',(#4228));
#4228 = FILL_AREA_STYLE_COLOUR('',#4214);
#4229 = STYLED_ITEM('color',(#4230),#1215);
#4230 = PRESENTATION_STYLE_ASSIGNMENT((#4231));
#4231 = SURFACE_STYLE_USAGE(.BOTH.,#4232);
#4232 = SURFACE_SIDE_STYLE('',(#4233));
#4233 = SURFACE_STYLE_FILL_AREA(#4234);
#4234 = FILL_AREA_STYLE('',(#4235));
#4235 = FILL_AREA_STYLE_COLOUR('',#4214);
#4236 = STYLED_ITEM('color',(#4237),#1257);
#4237 = PRESENTATION_STYLE_ASSIGNMENT((#4238));
#4238 = SURFACE_STYLE_USAGE(.BOTH.,#4239);
#4239 = SURFACE_SIDE_STYLE('',(#4240));
#4240 = SURFACE_STYLE_FILL_AREA(#4241);
#4241 = FILL_AREA_STYLE('',(#4242));
#4242 = FILL_AREA_STYLE_COLOUR('',#4214);
#4243 = STYLED_ITEM('color',(#4244),#1288);
#4244 = PRESENTATION_STYLE_ASSIGNMENT((#4245));
#4245 = SURFACE_STYLE_USAGE(.BOTH.,#4246);
#4246 = SURFACE_SIDE_STYLE('',(#4247));
#4247 = SURFACE_STYLE_FILL_AREA(#4248);
#4248 = FILL_AREA_STYLE('',(#4249));
#4249 = FILL_AREA_STYLE_COLOUR('',#4214);
#4250 = STYLED_ITEM('color',(#4251),#1337);
#4251 = PRESENTATION_STYLE_ASSIGNMENT((#4252));
#4252 = SURFACE_STYLE_USAGE(.BOTH.,#4253);
#4253 = SURFACE_SIDE_STYLE('',(#4254));
#4254 = SURFACE_STYLE_FILL_AREA(#4255);
#4255 = FILL_AREA_STYLE('',(#4256));
#4256 = FILL_AREA_STYLE_COLOUR('',#4214);
#4257 = STYLED_ITEM('color',(#4258),#1361);
#4258 = PRESENTATION_STYLE_ASSIGNMENT((#4259));
#4259 = SURFACE_STYLE_USAGE(.BOTH.,#4260);
#4260 = SURFACE_SIDE_STYLE('',(#4261));
#4261 = SURFACE_STYLE_FILL_AREA(#4262);
#4262 = FILL_AREA_STYLE('',(#4263));
#4263 = FILL_AREA_STYLE_COLOUR('',#4214);
#4264 = STYLED_ITEM('color',(#4265),#1403);
#4265 = PRESENTATION_STYLE_ASSIGNMENT((#4266));
#4266 = SURFACE_STYLE_USAGE(.BOTH.,#4267);
#4267 = SURFACE_SIDE_STYLE('',(#4268));
#4268 = SURFACE_STYLE_FILL_AREA(#4269);
#4269 = FILL_AREA_STYLE('',(#4270));
#4270 = FILL_AREA_STYLE_COLOUR('',#4214);
#4271 = STYLED_ITEM('color',(#4272),#1434);
#4272 = PRESENTATION_STYLE_ASSIGNMENT((#4273));
#4273 = SURFACE_STYLE_USAGE(.BOTH.,#4274);
#4274 = SURFACE_SIDE_STYLE('',(#4275));
#4275 = SURFACE_STYLE_FILL_AREA(#4276);
#4276 = FILL_AREA_STYLE('',(#4277));
#4277 = FILL_AREA_STYLE_COLOUR('',#4214);
#4278 = STYLED_ITEM('color',(#4279),#1458);
#4279 = PRESENTATION_STYLE_ASSIGNMENT((#4280));
#4280 = SURFACE_STYLE_USAGE(.BOTH.,#4281);
#4281 = SURFACE_SIDE_STYLE('',(#4282));
#4282 = SURFACE_STYLE_FILL_AREA(#4283);
#4283 = FILL_AREA_STYLE('',(#4284));
#4284 = FILL_AREA_STYLE_COLOUR('',#4214);
#4285 = STYLED_ITEM('color',(#4286),#1482);
#4286 = PRESENTATION_STYLE_ASSIGNMENT((#4287));
#4287 = SURFACE_STYLE_USAGE(.BOTH.,#4288);
#4288 = SURFACE_SIDE_STYLE('',(#4289));
#4289 = SURFACE_STYLE_FILL_AREA(#4290);
#4290 = FILL_AREA_STYLE('',(#4291));
#4291 = FILL_AREA_STYLE_COLOUR('',#4214);
#4292 = STYLED_ITEM('color',(#4293),#1499);
#4293 = PRESENTATION_STYLE_ASSIGNMENT((#4294));
#4294 = SURFACE_STYLE_USAGE(.BOTH.,#4295);
#4295 = SURFACE_SIDE_STYLE('',(#4296));
#4296 = SURFACE_STYLE_FILL_AREA(#4297);
#4297 = FILL_AREA_STYLE('',(#4298));
#4298 = FILL_AREA_STYLE_COLOUR('',#4214);
#4299 = STYLED_ITEM('color',(#4300),#1530);
#4300 = PRESENTATION_STYLE_ASSIGNMENT((#4301));
#4301 = SURFACE_STYLE_USAGE(.BOTH.,#4302);
#4302 = SURFACE_SIDE_STYLE('',(#4303));
#4303 = SURFACE_STYLE_FILL_AREA(#4304);
#4304 = FILL_AREA_STYLE('',(#4305));
#4305 = FILL_AREA_STYLE_COLOUR('',#4214);
#4306 = STYLED_ITEM('color',(#4307),#1554);
#4307 = PRESENTATION_STYLE_ASSIGNMENT((#4308));
#4308 = SURFACE_STYLE_USAGE(.BOTH.,#4309);
#4309 = SURFACE_SIDE_STYLE('',(#4310));
#4310 = SURFACE_STYLE_FILL_AREA(#4311);
#4311 = FILL_AREA_STYLE('',(#4312));
#4312 = FILL_AREA_STYLE_COLOUR('',#4214);
#4313 = STYLED_ITEM('color',(#4314),#1578);
#4314 = PRESENTATION_STYLE_ASSIGNMENT((#4315));
#4315 = SURFACE_STYLE_USAGE(.BOTH.,#4316);
#4316 = SURFACE_SIDE_STYLE('',(#4317));
#4317 = SURFACE_STYLE_FILL_AREA(#4318);
#4318 = FILL_AREA_STYLE('',(#4319));
#4319 = FILL_AREA_STYLE_COLOUR('',#4214);
#4320 = STYLED_ITEM('color',(#4321),#1595);
#4321 = PRESENTATION_STYLE_ASSIGNMENT((#4322));
#4322 = SURFACE_STYLE_USAGE(.BOTH.,#4323);
#4323 = SURFACE_SIDE_STYLE('',(#4324));
#4324 = SURFACE_STYLE_FILL_AREA(#4325);
#4325 = FILL_AREA_STYLE('',(#4326));
#4326 = FILL_AREA_STYLE_COLOUR('',#4214);
#4327 = STYLED_ITEM('color',(#4328),#1612);
#4328 = PRESENTATION_STYLE_ASSIGNMENT((#4329));
#4329 = SURFACE_STYLE_USAGE(.BOTH.,#4330);
#4330 = SURFACE_SIDE_STYLE('',(#4331));
#4331 = SURFACE_STYLE_FILL_AREA(#4332);
#4332 = FILL_AREA_STYLE('',(#4333));
#4333 = FILL_AREA_STYLE_COLOUR('',#4214);
#4334 = STYLED_ITEM('color',(#4335),#1629);
#4335 = PRESENTATION_STYLE_ASSIGNMENT((#4336));
#4336 = SURFACE_STYLE_USAGE(.BOTH.,#4337);
#4337 = SURFACE_SIDE_STYLE('',(#4338));
#4338 = SURFACE_STYLE_FILL_AREA(#4339);
#4339 = FILL_AREA_STYLE('',(#4340));
#4340 = FILL_AREA_STYLE_COLOUR('',#4214);
#4341 = STYLED_ITEM('color',(#4342),#1646);
#4342 = PRESENTATION_STYLE_ASSIGNMENT((#4343));
#4343 = SURFACE_STYLE_USAGE(.BOTH.,#4344);
#4344 = SURFACE_SIDE_STYLE('',(#4345));
#4345 = SURFACE_STYLE_FILL_AREA(#4346);
#4346 = FILL_AREA_STYLE('',(#4347));
#4347 = FILL_AREA_STYLE_COLOUR('',#4214);
#4348 = STYLED_ITEM('color',(#4349),#1677);
#4349 = PRESENTATION_STYLE_ASSIGNMENT((#4350));
#4350 = SURFACE_STYLE_USAGE(.BOTH.,#4351);
#4351 = SURFACE_SIDE_STYLE('',(#4352));
#4352 = SURFACE_STYLE_FILL_AREA(#4353);
#4353 = FILL_AREA_STYLE('',(#4354));
#4354 = FILL_AREA_STYLE_COLOUR('',#4214);
#4355 = STYLED_ITEM('color',(#4356),#1708);
#4356 = PRESENTATION_STYLE_ASSIGNMENT((#4357));
#4357 = SURFACE_STYLE_USAGE(.BOTH.,#4358);
#4358 = SURFACE_SIDE_STYLE('',(#4359));
#4359 = SURFACE_STYLE_FILL_AREA(#4360);
#4360 = FILL_AREA_STYLE('',(#4361));
#4361 = FILL_AREA_STYLE_COLOUR('',#4214);
#4362 = STYLED_ITEM('color',(#4363),#1725);
#4363 = PRESENTATION_STYLE_ASSIGNMENT((#4364));
#4364 = SURFACE_STYLE_USAGE(.BOTH.,#4365);
#4365 = SURFACE_SIDE_STYLE('',(#4366));
#4366 = SURFACE_STYLE_FILL_AREA(#4367);
#4367 = FILL_AREA_STYLE('',(#4368));
#4368 = FILL_AREA_STYLE_COLOUR('',#4214);
#4369 = STYLED_ITEM('color',(#4370),#1742);
#4370 = PRESENTATION_STYLE_ASSIGNMENT((#4371));
#4371 = SURFACE_STYLE_USAGE(.BOTH.,#4372);
#4372 = SURFACE_SIDE_STYLE('',(#4373));
#4373 = SURFACE_STYLE_FILL_AREA(#4374);
#4374 = FILL_AREA_STYLE('',(#4375));
#4375 = FILL_AREA_STYLE_COLOUR('',#4214);
#4376 = STYLED_ITEM('color',(#4377),#1759);
#4377 = PRESENTATION_STYLE_ASSIGNMENT((#4378));
#4378 = SURFACE_STYLE_USAGE(.BOTH.,#4379);
#4379 = SURFACE_SIDE_STYLE('',(#4380));
#4380 = SURFACE_STYLE_FILL_AREA(#4381);
#4381 = FILL_AREA_STYLE('',(#4382));
#4382 = FILL_AREA_STYLE_COLOUR('',#4214);
#4383 = STYLED_ITEM('color',(#4384),#1790);
#4384 = PRESENTATION_STYLE_ASSIGNMENT((#4385));
#4385 = SURFACE_STYLE_USAGE(.BOTH.,#4386);
#4386 = SURFACE_SIDE_STYLE('',(#4387));
#4387 = SURFACE_STYLE_FILL_AREA(#4388);
#4388 = FILL_AREA_STYLE('',(#4389));
#4389 = FILL_AREA_STYLE_COLOUR('',#4214);
#4390 = STYLED_ITEM('color',(#4391),#1821);
#4391 = PRESENTATION_STYLE_ASSIGNMENT((#4392));
#4392 = SURFACE_STYLE_USAGE(.BOTH.,#4393);
#4393 = SURFACE_SIDE_STYLE('',(#4394));
#4394 = SURFACE_STYLE_FILL_AREA(#4395);
#4395 = FILL_AREA_STYLE('',(#4396));
#4396 = FILL_AREA_STYLE_COLOUR('',#4214);
#4397 = STYLED_ITEM('color',(#4398),#1852);
#4398 = PRESENTATION_STYLE_ASSIGNMENT((#4399));
#4399 = SURFACE_STYLE_USAGE(.BOTH.,#4400);
#4400 = SURFACE_SIDE_STYLE('',(#4401));
#4401 = SURFACE_STYLE_FILL_AREA(#4402);
#4402 = FILL_AREA_STYLE('',(#4403));
#4403 = FILL_AREA_STYLE_COLOUR('',#4214);
#4404 = STYLED_ITEM('color',(#4405),#1876);
#4405 = PRESENTATION_STYLE_ASSIGNMENT((#4406));
#4406 = SURFACE_STYLE_USAGE(.BOTH.,#4407);
#4407 = SURFACE_SIDE_STYLE('',(#4408));
#4408 = SURFACE_STYLE_FILL_AREA(#4409);
#4409 = FILL_AREA_STYLE('',(#4410));
#4410 = FILL_AREA_STYLE_COLOUR('',#4214);
#4411 = STYLED_ITEM('color',(#4412),#1900);
#4412 = PRESENTATION_STYLE_ASSIGNMENT((#4413));
#4413 = SURFACE_STYLE_USAGE(.BOTH.,#4414);
#4414 = SURFACE_SIDE_STYLE('',(#4415));
#4415 = SURFACE_STYLE_FILL_AREA(#4416);
#4416 = FILL_AREA_STYLE('',(#4417));
#4417 = FILL_AREA_STYLE_COLOUR('',#4214);
#4418 = STYLED_ITEM('color',(#4419),#1917);
#4419 = PRESENTATION_STYLE_ASSIGNMENT((#4420));
#4420 = SURFACE_STYLE_USAGE(.BOTH.,#4421);
#4421 = SURFACE_SIDE_STYLE('',(#4422));
#4422 = SURFACE_STYLE_FILL_AREA(#4423);
#4423 = FILL_AREA_STYLE('',(#4424));
#4424 = FILL_AREA_STYLE_COLOUR('',#4214);
#4425 = STYLED_ITEM('color',(#4426),#1948);
#4426 = PRESENTATION_STYLE_ASSIGNMENT((#4427));
#4427 = SURFACE_STYLE_USAGE(.BOTH.,#4428);
#4428 = SURFACE_SIDE_STYLE('',(#4429));
#4429 = SURFACE_STYLE_FILL_AREA(#4430);
#4430 = FILL_AREA_STYLE('',(#4431));
#4431 = FILL_AREA_STYLE_COLOUR('',#4214);
#4432 = STYLED_ITEM('color',(#4433),#1972);
#4433 = PRESENTATION_STYLE_ASSIGNMENT((#4434));
#4434 = SURFACE_STYLE_USAGE(.BOTH.,#4435);
#4435 = SURFACE_SIDE_STYLE('',(#4436));
#4436 = SURFACE_STYLE_FILL_AREA(#4437);
#4437 = FILL_AREA_STYLE('',(#4438));
#4438 = FILL_AREA_STYLE_COLOUR('',#4214);
#4439 = STYLED_ITEM('color',(#4440),#1996);
#4440 = PRESENTATION_STYLE_ASSIGNMENT((#4441));
#4441 = SURFACE_STYLE_USAGE(.BOTH.,#4442);
#4442 = SURFACE_SIDE_STYLE('',(#4443));
#4443 = SURFACE_STYLE_FILL_AREA(#4444);
#4444 = FILL_AREA_STYLE('',(#4445));
#4445 = FILL_AREA_STYLE_COLOUR('',#4214);
#4446 = STYLED_ITEM('color',(#4447),#2013);
#4447 = PRESENTATION_STYLE_ASSIGNMENT((#4448));
#4448 = SURFACE_STYLE_USAGE(.BOTH.,#4449);
#4449 = SURFACE_SIDE_STYLE('',(#4450));
#4450 = SURFACE_STYLE_FILL_AREA(#4451);
#4451 = FILL_AREA_STYLE('',(#4452));
#4452 = FILL_AREA_STYLE_COLOUR('',#4214);
#4453 = STYLED_ITEM('color',(#4454),#2030);
#4454 = PRESENTATION_STYLE_ASSIGNMENT((#4455));
#4455 = SURFACE_STYLE_USAGE(.BOTH.,#4456);
#4456 = SURFACE_SIDE_STYLE('',(#4457));
#4457 = SURFACE_STYLE_FILL_AREA(#4458);
#4458 = FILL_AREA_STYLE('',(#4459));
#4459 = FILL_AREA_STYLE_COLOUR('',#4214);
#4460 = STYLED_ITEM('color',(#4461),#2047);
#4461 = PRESENTATION_STYLE_ASSIGNMENT((#4462));
#4462 = SURFACE_STYLE_USAGE(.BOTH.,#4463);
#4463 = SURFACE_SIDE_STYLE('',(#4464));
#4464 = SURFACE_STYLE_FILL_AREA(#4465);
#4465 = FILL_AREA_STYLE('',(#4466));
#4466 = FILL_AREA_STYLE_COLOUR('',#4214);
#4467 = STYLED_ITEM('color',(#4468),#2059);
#4468 = PRESENTATION_STYLE_ASSIGNMENT((#4469));
#4469 = SURFACE_STYLE_USAGE(.BOTH.,#4470);
#4470 = SURFACE_SIDE_STYLE('',(#4471));
#4471 = SURFACE_STYLE_FILL_AREA(#4472);
#4472 = FILL_AREA_STYLE('',(#4473));
#4473 = FILL_AREA_STYLE_COLOUR('',#4214);
#4474 = STYLED_ITEM('color',(#4475),#2076);
#4475 = PRESENTATION_STYLE_ASSIGNMENT((#4476));
#4476 = SURFACE_STYLE_USAGE(.BOTH.,#4477);
#4477 = SURFACE_SIDE_STYLE('',(#4478));
#4478 = SURFACE_STYLE_FILL_AREA(#4479);
#4479 = FILL_AREA_STYLE('',(#4480));
#4480 = FILL_AREA_STYLE_COLOUR('',#4214);
#4481 = STYLED_ITEM('color',(#4482),#2093);
#4482 = PRESENTATION_STYLE_ASSIGNMENT((#4483));
#4483 = SURFACE_STYLE_USAGE(.BOTH.,#4484);
#4484 = SURFACE_SIDE_STYLE('',(#4485));
#4485 = SURFACE_STYLE_FILL_AREA(#4486);
#4486 = FILL_AREA_STYLE('',(#4487));
#4487 = FILL_AREA_STYLE_COLOUR('',#4214);
#4488 = STYLED_ITEM('color',(#4489),#2105);
#4489 = PRESENTATION_STYLE_ASSIGNMENT((#4490));
#4490 = SURFACE_STYLE_USAGE(.BOTH.,#4491);
#4491 = SURFACE_SIDE_STYLE('',(#4492));
#4492 = SURFACE_STYLE_FILL_AREA(#4493);
#4493 = FILL_AREA_STYLE('',(#4494));
#4494 = FILL_AREA_STYLE_COLOUR('',#4214);
#4495 = STYLED_ITEM('color',(#4496),#2117);
#4496 = PRESENTATION_STYLE_ASSIGNMENT((#4497));
#4497 = SURFACE_STYLE_USAGE(.BOTH.,#4498);
#4498 = SURFACE_SIDE_STYLE('',(#4499));
#4499 = SURFACE_STYLE_FILL_AREA(#4500);
#4500 = FILL_AREA_STYLE('',(#4501));
#4501 = FILL_AREA_STYLE_COLOUR('',#4214);
#4502 = MECHANICAL_DESIGN_GEOMETRIC_PRESENTATION_REPRESENTATION('',(
    #4503,#4511,#4518,#4525,#4532,#4539,#4546,#4553,#4560,#4567,#4574,
    #4581,#4588,#4595,#4602,#4609,#4616),#476);
#4503 = STYLED_ITEM('color',(#4504),#91);
#4504 = PRESENTATION_STYLE_ASSIGNMENT((#4505));
#4505 = SURFACE_STYLE_USAGE(.BOTH.,#4506);
#4506 = SURFACE_SIDE_STYLE('',(#4507));
#4507 = SURFACE_STYLE_FILL_AREA(#4508);
#4508 = FILL_AREA_STYLE('',(#4509));
#4509 = FILL_AREA_STYLE_COLOUR('',#4510);
#4510 = COLOUR_RGB('',0.883000012551,0.711000022565,0.492000011028);
#4511 = STYLED_ITEM('color',(#4512),#124);
#4512 = PRESENTATION_STYLE_ASSIGNMENT((#4513));
#4513 = SURFACE_STYLE_USAGE(.BOTH.,#4514);
#4514 = SURFACE_SIDE_STYLE('',(#4515));
#4515 = SURFACE_STYLE_FILL_AREA(#4516);
#4516 = FILL_AREA_STYLE('',(#4517));
#4517 = FILL_AREA_STYLE_COLOUR('',#4510);
#4518 = STYLED_ITEM('color',(#4519),#150);
#4519 = PRESENTATION_STYLE_ASSIGNMENT((#4520));
#4520 = SURFACE_STYLE_USAGE(.BOTH.,#4521);
#4521 = SURFACE_SIDE_STYLE('',(#4522));
#4522 = SURFACE_STYLE_FILL_AREA(#4523);
#4523 = FILL_AREA_STYLE('',(#4524));
#4524 = FILL_AREA_STYLE_COLOUR('',#4510);
#4525 = STYLED_ITEM('color',(#4526),#170);
#4526 = PRESENTATION_STYLE_ASSIGNMENT((#4527));
#4527 = SURFACE_STYLE_USAGE(.BOTH.,#4528);
#4528 = SURFACE_SIDE_STYLE('',(#4529));
#4529 = SURFACE_STYLE_FILL_AREA(#4530);
#4530 = FILL_AREA_STYLE('',(#4531));
#4531 = FILL_AREA_STYLE_COLOUR('',#4510);
#4532 = STYLED_ITEM('color',(#4533),#190);
#4533 = PRESENTATION_STYLE_ASSIGNMENT((#4534));
#4534 = SURFACE_STYLE_USAGE(.BOTH.,#4535);
#4535 = SURFACE_SIDE_STYLE('',(#4536));
#4536 = SURFACE_STYLE_FILL_AREA(#4537);
#4537 = FILL_AREA_STYLE('',(#4538));
#4538 = FILL_AREA_STYLE_COLOUR('',#4510);
#4539 = STYLED_ITEM('color',(#4540),#215);
#4540 = PRESENTATION_STYLE_ASSIGNMENT((#4541));
#4541 = SURFACE_STYLE_USAGE(.BOTH.,#4542);
#4542 = SURFACE_SIDE_STYLE('',(#4543));
#4543 = SURFACE_STYLE_FILL_AREA(#4544);
#4544 = FILL_AREA_STYLE('',(#4545));
#4545 = FILL_AREA_STYLE_COLOUR('',#4029);
#4546 = STYLED_ITEM('color',(#4547),#240);
#4547 = PRESENTATION_STYLE_ASSIGNMENT((#4548));
#4548 = SURFACE_STYLE_USAGE(.BOTH.,#4549);
#4549 = SURFACE_SIDE_STYLE('',(#4550));
#4550 = SURFACE_STYLE_FILL_AREA(#4551);
#4551 = FILL_AREA_STYLE('',(#4552));
#4552 = FILL_AREA_STYLE_COLOUR('',#4510);
#4553 = STYLED_ITEM('color',(#4554),#260);
#4554 = PRESENTATION_STYLE_ASSIGNMENT((#4555));
#4555 = SURFACE_STYLE_USAGE(.BOTH.,#4556);
#4556 = SURFACE_SIDE_STYLE('',(#4557));
#4557 = SURFACE_STYLE_FILL_AREA(#4558);
#4558 = FILL_AREA_STYLE('',(#4559));
#4559 = FILL_AREA_STYLE_COLOUR('',#4029);
#4560 = STYLED_ITEM('color',(#4561),#269);
#4561 = PRESENTATION_STYLE_ASSIGNMENT((#4562));
#4562 = SURFACE_STYLE_USAGE(.BOTH.,#4563);
#4563 = SURFACE_SIDE_STYLE('',(#4564));
#4564 = SURFACE_STYLE_FILL_AREA(#4565);
#4565 = FILL_AREA_STYLE('',(#4566));
#4566 = FILL_AREA_STYLE_COLOUR('',#4510);
#4567 = STYLED_ITEM('color',(#4568),#294);
#4568 = PRESENTATION_STYLE_ASSIGNMENT((#4569));
#4569 = SURFACE_STYLE_USAGE(.BOTH.,#4570);
#4570 = SURFACE_SIDE_STYLE('',(#4571));
#4571 = SURFACE_STYLE_FILL_AREA(#4572);
#4572 = FILL_AREA_STYLE('',(#4573));
#4573 = FILL_AREA_STYLE_COLOUR('',#4510);
#4574 = STYLED_ITEM('color',(#4575),#320);
#4575 = PRESENTATION_STYLE_ASSIGNMENT((#4576));
#4576 = SURFACE_STYLE_USAGE(.BOTH.,#4577);
#4577 = SURFACE_SIDE_STYLE('',(#4578));
#4578 = SURFACE_STYLE_FILL_AREA(#4579);
#4579 = FILL_AREA_STYLE('',(#4580));
#4580 = FILL_AREA_STYLE_COLOUR('',#4510);
#4581 = STYLED_ITEM('color',(#4582),#340);
#4582 = PRESENTATION_STYLE_ASSIGNMENT((#4583));
#4583 = SURFACE_STYLE_USAGE(.BOTH.,#4584);
#4584 = SURFACE_SIDE_STYLE('',(#4585));
#4585 = SURFACE_STYLE_FILL_AREA(#4586);
#4586 = FILL_AREA_STYLE('',(#4587));
#4587 = FILL_AREA_STYLE_COLOUR('',#4029);
#4588 = STYLED_ITEM('color',(#4589),#365);
#4589 = PRESENTATION_STYLE_ASSIGNMENT((#4590));
#4590 = SURFACE_STYLE_USAGE(.BOTH.,#4591);
#4591 = SURFACE_SIDE_STYLE('',(#4592));
#4592 = SURFACE_STYLE_FILL_AREA(#4593);
#4593 = FILL_AREA_STYLE('',(#4594));
#4594 = FILL_AREA_STYLE_COLOUR('',#4029);
#4595 = STYLED_ITEM('color',(#4596),#391);
#4596 = PRESENTATION_STYLE_ASSIGNMENT((#4597));
#4597 = SURFACE_STYLE_USAGE(.BOTH.,#4598);
#4598 = SURFACE_SIDE_STYLE('',(#4599));
#4599 = SURFACE_STYLE_FILL_AREA(#4600);
#4600 = FILL_AREA_STYLE('',(#4601));
#4601 = FILL_AREA_STYLE_COLOUR('',#4029);
#4602 = STYLED_ITEM('color',(#4603),#416);
#4603 = PRESENTATION_STYLE_ASSIGNMENT((#4604));
#4604 = SURFACE_STYLE_USAGE(.BOTH.,#4605);
#4605 = SURFACE_SIDE_STYLE('',(#4606));
#4606 = SURFACE_STYLE_FILL_AREA(#4607);
#4607 = FILL_AREA_STYLE('',(#4608));
#4608 = FILL_AREA_STYLE_COLOUR('',#4029);
#4609 = STYLED_ITEM('color',(#4610),#442);
#4610 = PRESENTATION_STYLE_ASSIGNMENT((#4611));
#4611 = SURFACE_STYLE_USAGE(.BOTH.,#4612);
#4612 = SURFACE_SIDE_STYLE('',(#4613));
#4613 = SURFACE_STYLE_FILL_AREA(#4614);
#4614 = FILL_AREA_STYLE('',(#4615));
#4615 = FILL_AREA_STYLE_COLOUR('',#4029);
#4616 = STYLED_ITEM('color',(#4617),#467);
#4617 = PRESENTATION_STYLE_ASSIGNMENT((#4618));
#4618 = SURFACE_STYLE_USAGE(.BOTH.,#4619);
#4619 = SURFACE_SIDE_STYLE('',(#4620));
#4620 = SURFACE_STYLE_FILL_AREA(#4621);
#4621 = FILL_AREA_STYLE('',(#4622));
#4622 = FILL_AREA_STYLE_COLOUR('',#4029);
#4623 = MECHANICAL_DESIGN_GEOMETRIC_PRESENTATION_REPRESENTATION('',(
    #4624),#3967);
#4624 = STYLED_ITEM('color',(#4625),#2647);
#4625 = PRESENTATION_STYLE_ASSIGNMENT((#4626));
#4626 = SURFACE_STYLE_USAGE(.BOTH.,#4627);
#4627 = SURFACE_SIDE_STYLE('',(#4628));
#4628 = SURFACE_STYLE_FILL_AREA(#4629);
#4629 = FILL_AREA_STYLE('',(#4630));
#4630 = FILL_AREA_STYLE_COLOUR('',#4631);
#4631 = COLOUR_RGB('',0.313304153717,0.484529207832,0.410020903123);
ENDSEC;
END-ISO-10303-21;
